--
-- Create cacti_master database for testing
--

/*!40101 SET @OLD_CHARACTER_SET_CLIENT=@@CHARACTER_SET_CLIENT */;
/*!40101 SET @OLD_CHARACTER_SET_RESULTS=@@CHARACTER_SET_RESULTS */;
/*!40101 SET @OLD_COLLATION_CONNECTION=@@COLLATION_CONNECTION */;
/*!40101 SET NAMES utf8 */;
/*!40014 SET @OLD_FOREIGN_KEY_CHECKS=@@FOREIGN_KEY_CHECKS, FOREIGN_KEY_CHECKS=0 */;
/*!40101 SET @OLD_SQL_MODE=@@SQL_MODE, SQL_MODE='NO_AUTO_VALUE_ON_ZERO' */;
/*!40111 SET @OLD_SQL_NOTES=@@SQL_NOTES, SQL_NOTES=0 */;


# Dump of table aggregate_graph_templates
# ------------------------------------------------------------

DROP TABLE IF EXISTS `aggregate_graph_templates`;

CREATE TABLE `aggregate_graph_templates` (
  `id` int(10) unsigned NOT NULL AUTO_INCREMENT,
  `name` varchar(64) COLLATE utf8mb4_unicode_ci NOT NULL,
  `graph_template_id` int(10) unsigned NOT NULL,
  `gprint_prefix` varchar(64) COLLATE utf8mb4_unicode_ci NOT NULL,
  `gprint_format` char(2) COLLATE utf8mb4_unicode_ci DEFAULT '',
  `graph_type` int(10) unsigned NOT NULL,
  `total` int(10) unsigned NOT NULL,
  `total_type` int(10) unsigned NOT NULL,
  `total_prefix` varchar(64) COLLATE utf8mb4_unicode_ci NOT NULL,
  `order_type` int(10) unsigned NOT NULL,
  `created` timestamp NOT NULL DEFAULT current_timestamp(),
  `user_id` int(10) unsigned NOT NULL,
  PRIMARY KEY (`id`),
  KEY `graph_template_id` (`graph_template_id`),
  KEY `user_id` (`user_id`)
) ENGINE=InnoDB DEFAULT CHARSET=utf8mb4 COLLATE=utf8mb4_unicode_ci ROW_FORMAT=DYNAMIC COMMENT='Template Definitions for Aggregate Graphs';



# Dump of table aggregate_graph_templates_graph
# ------------------------------------------------------------

DROP TABLE IF EXISTS `aggregate_graph_templates_graph`;

CREATE TABLE `aggregate_graph_templates_graph` (
  `aggregate_template_id` int(10) unsigned NOT NULL,
  `t_image_format_id` char(2) COLLATE utf8mb4_unicode_ci DEFAULT '',
  `image_format_id` tinyint(1) NOT NULL DEFAULT 0,
  `t_height` char(2) COLLATE utf8mb4_unicode_ci DEFAULT '',
  `height` mediumint(8) NOT NULL DEFAULT 0,
  `t_width` char(2) COLLATE utf8mb4_unicode_ci DEFAULT '',
  `width` mediumint(8) NOT NULL DEFAULT 0,
  `t_upper_limit` char(2) COLLATE utf8mb4_unicode_ci DEFAULT '',
  `upper_limit` varchar(20) COLLATE utf8mb4_unicode_ci NOT NULL DEFAULT '0',
  `t_lower_limit` char(2) COLLATE utf8mb4_unicode_ci DEFAULT '',
  `lower_limit` varchar(20) COLLATE utf8mb4_unicode_ci NOT NULL DEFAULT '0',
  `t_vertical_label` char(2) COLLATE utf8mb4_unicode_ci DEFAULT '',
  `vertical_label` varchar(200) COLLATE utf8mb4_unicode_ci DEFAULT '',
  `t_slope_mode` char(2) COLLATE utf8mb4_unicode_ci DEFAULT '',
  `slope_mode` char(2) COLLATE utf8mb4_unicode_ci DEFAULT 'on',
  `t_auto_scale` char(2) COLLATE utf8mb4_unicode_ci DEFAULT '',
  `auto_scale` char(2) COLLATE utf8mb4_unicode_ci DEFAULT '',
  `t_auto_scale_opts` char(2) COLLATE utf8mb4_unicode_ci DEFAULT '',
  `auto_scale_opts` tinyint(1) NOT NULL DEFAULT 0,
  `t_auto_scale_log` char(2) COLLATE utf8mb4_unicode_ci DEFAULT '',
  `auto_scale_log` char(2) COLLATE utf8mb4_unicode_ci DEFAULT '',
  `t_scale_log_units` char(2) COLLATE utf8mb4_unicode_ci DEFAULT '',
  `scale_log_units` char(2) COLLATE utf8mb4_unicode_ci DEFAULT '',
  `t_auto_scale_rigid` char(2) COLLATE utf8mb4_unicode_ci DEFAULT '',
  `auto_scale_rigid` char(2) COLLATE utf8mb4_unicode_ci DEFAULT '',
  `t_auto_padding` char(2) COLLATE utf8mb4_unicode_ci DEFAULT '',
  `auto_padding` char(2) COLLATE utf8mb4_unicode_ci DEFAULT '',
  `t_base_value` char(2) COLLATE utf8mb4_unicode_ci DEFAULT '',
  `base_value` mediumint(8) NOT NULL DEFAULT 0,
  `t_grouping` char(2) COLLATE utf8mb4_unicode_ci DEFAULT '',
  `grouping` char(2) COLLATE utf8mb4_unicode_ci NOT NULL DEFAULT '',
  `t_unit_value` char(2) COLLATE utf8mb4_unicode_ci DEFAULT '',
  `unit_value` varchar(20) COLLATE utf8mb4_unicode_ci DEFAULT '',
  `t_unit_exponent_value` char(2) COLLATE utf8mb4_unicode_ci DEFAULT '',
  `unit_exponent_value` varchar(5) COLLATE utf8mb4_unicode_ci NOT NULL DEFAULT '',
  `t_alt_y_grid` char(2) COLLATE utf8mb4_unicode_ci DEFAULT '',
  `alt_y_grid` char(2) COLLATE utf8mb4_unicode_ci DEFAULT NULL,
  `t_right_axis` char(2) COLLATE utf8mb4_unicode_ci DEFAULT '',
  `right_axis` varchar(20) COLLATE utf8mb4_unicode_ci DEFAULT NULL,
  `t_right_axis_label` char(2) COLLATE utf8mb4_unicode_ci DEFAULT '',
  `right_axis_label` varchar(200) COLLATE utf8mb4_unicode_ci DEFAULT NULL,
  `t_right_axis_format` char(2) COLLATE utf8mb4_unicode_ci DEFAULT '',
  `right_axis_format` mediumint(8) DEFAULT NULL,
  `t_right_axis_formatter` char(2) COLLATE utf8mb4_unicode_ci DEFAULT '',
  `right_axis_formatter` varchar(10) COLLATE utf8mb4_unicode_ci DEFAULT NULL,
  `t_left_axis_formatter` char(2) COLLATE utf8mb4_unicode_ci DEFAULT '',
  `left_axis_formatter` varchar(10) COLLATE utf8mb4_unicode_ci DEFAULT NULL,
  `t_no_gridfit` char(2) COLLATE utf8mb4_unicode_ci DEFAULT '',
  `no_gridfit` char(2) COLLATE utf8mb4_unicode_ci DEFAULT NULL,
  `t_unit_length` char(2) COLLATE utf8mb4_unicode_ci DEFAULT '',
  `unit_length` varchar(10) COLLATE utf8mb4_unicode_ci DEFAULT NULL,
  `t_tab_width` char(2) COLLATE utf8mb4_unicode_ci DEFAULT '',
  `tab_width` varchar(20) COLLATE utf8mb4_unicode_ci DEFAULT '30',
  `t_dynamic_labels` char(2) COLLATE utf8mb4_unicode_ci DEFAULT '',
  `dynamic_labels` char(2) COLLATE utf8mb4_unicode_ci DEFAULT NULL,
  `t_force_rules_legend` char(2) COLLATE utf8mb4_unicode_ci DEFAULT '',
  `force_rules_legend` char(2) COLLATE utf8mb4_unicode_ci DEFAULT NULL,
  `t_legend_position` char(2) COLLATE utf8mb4_unicode_ci DEFAULT '',
  `legend_position` varchar(10) COLLATE utf8mb4_unicode_ci DEFAULT NULL,
  `t_legend_direction` char(2) COLLATE utf8mb4_unicode_ci DEFAULT '',
  `legend_direction` varchar(10) COLLATE utf8mb4_unicode_ci DEFAULT NULL,
  PRIMARY KEY (`aggregate_template_id`)
) ENGINE=InnoDB DEFAULT CHARSET=utf8mb4 COLLATE=utf8mb4_unicode_ci ROW_FORMAT=DYNAMIC COMMENT='Aggregate Template Graph Data';



# Dump of table aggregate_graph_templates_item
# ------------------------------------------------------------

DROP TABLE IF EXISTS `aggregate_graph_templates_item`;

CREATE TABLE `aggregate_graph_templates_item` (
  `aggregate_template_id` int(10) unsigned NOT NULL,
  `graph_templates_item_id` int(10) unsigned NOT NULL,
  `sequence` mediumint(8) unsigned NOT NULL DEFAULT 0,
  `color_template` int(11) NOT NULL,
  `t_graph_type_id` char(2) COLLATE utf8mb4_unicode_ci DEFAULT '',
  `graph_type_id` tinyint(3) NOT NULL DEFAULT 0,
  `t_cdef_id` char(2) COLLATE utf8mb4_unicode_ci DEFAULT '',
  `cdef_id` mediumint(8) unsigned DEFAULT NULL,
  `item_skip` char(2) COLLATE utf8mb4_unicode_ci NOT NULL,
  `item_total` char(2) COLLATE utf8mb4_unicode_ci NOT NULL,
  PRIMARY KEY (`aggregate_template_id`,`graph_templates_item_id`)
) ENGINE=InnoDB DEFAULT CHARSET=utf8mb4 COLLATE=utf8mb4_unicode_ci ROW_FORMAT=DYNAMIC COMMENT='Aggregate Template Graph Items';



# Dump of table aggregate_graphs
# ------------------------------------------------------------

DROP TABLE IF EXISTS `aggregate_graphs`;

CREATE TABLE `aggregate_graphs` (
  `id` int(10) unsigned NOT NULL AUTO_INCREMENT,
  `aggregate_template_id` int(10) unsigned NOT NULL,
  `template_propogation` char(2) COLLATE utf8mb4_unicode_ci NOT NULL DEFAULT '',
  `local_graph_id` int(10) unsigned NOT NULL,
  `title_format` varchar(128) COLLATE utf8mb4_unicode_ci NOT NULL,
  `graph_template_id` int(10) unsigned NOT NULL,
  `gprint_prefix` varchar(64) COLLATE utf8mb4_unicode_ci NOT NULL,
  `gprint_format` char(2) COLLATE utf8mb4_unicode_ci DEFAULT '',
  `graph_type` int(10) unsigned NOT NULL,
  `total` int(10) unsigned NOT NULL,
  `total_type` int(10) unsigned NOT NULL,
  `total_prefix` varchar(64) COLLATE utf8mb4_unicode_ci NOT NULL,
  `order_type` int(10) unsigned NOT NULL,
  `created` timestamp NOT NULL DEFAULT current_timestamp() ON UPDATE current_timestamp(),
  `user_id` int(10) unsigned NOT NULL,
  PRIMARY KEY (`id`),
  KEY `aggregate_template_id` (`aggregate_template_id`),
  KEY `local_graph_id` (`local_graph_id`),
  KEY `title_format` (`title_format`),
  KEY `user_id` (`user_id`)
) ENGINE=InnoDB DEFAULT CHARSET=utf8mb4 COLLATE=utf8mb4_unicode_ci ROW_FORMAT=DYNAMIC COMMENT='Aggregate Graph Definitions';



# Dump of table aggregate_graphs_graph_item
# ------------------------------------------------------------

DROP TABLE IF EXISTS `aggregate_graphs_graph_item`;

CREATE TABLE `aggregate_graphs_graph_item` (
  `aggregate_graph_id` int(10) unsigned NOT NULL,
  `graph_templates_item_id` int(10) unsigned NOT NULL,
  `sequence` mediumint(8) unsigned NOT NULL DEFAULT 0,
  `color_template` int(11) unsigned NOT NULL,
  `t_graph_type_id` char(2) COLLATE utf8mb4_unicode_ci DEFAULT '',
  `graph_type_id` tinyint(3) NOT NULL DEFAULT 0,
  `t_cdef_id` char(2) COLLATE utf8mb4_unicode_ci DEFAULT '',
  `cdef_id` mediumint(8) unsigned DEFAULT NULL,
  `item_skip` char(2) COLLATE utf8mb4_unicode_ci NOT NULL,
  `item_total` char(2) COLLATE utf8mb4_unicode_ci NOT NULL,
  PRIMARY KEY (`aggregate_graph_id`,`graph_templates_item_id`)
) ENGINE=InnoDB DEFAULT CHARSET=utf8mb4 COLLATE=utf8mb4_unicode_ci ROW_FORMAT=DYNAMIC COMMENT='Aggregate Graph Graph Items';



# Dump of table aggregate_graphs_items
# ------------------------------------------------------------

DROP TABLE IF EXISTS `aggregate_graphs_items`;

CREATE TABLE `aggregate_graphs_items` (
  `aggregate_graph_id` int(10) unsigned NOT NULL,
  `local_graph_id` int(10) unsigned NOT NULL,
  `sequence` mediumint(8) unsigned NOT NULL DEFAULT 0,
  PRIMARY KEY (`aggregate_graph_id`,`local_graph_id`)
) ENGINE=InnoDB DEFAULT CHARSET=utf8mb4 COLLATE=utf8mb4_unicode_ci ROW_FORMAT=DYNAMIC COMMENT='Aggregate Graph Items';



# Dump of table automation_devices
# ------------------------------------------------------------

DROP TABLE IF EXISTS `automation_devices`;

CREATE TABLE `automation_devices` (
  `id` bigint(20) unsigned NOT NULL AUTO_INCREMENT,
  `network_id` int(10) unsigned NOT NULL DEFAULT 0,
  `hostname` varchar(100) COLLATE utf8mb4_unicode_ci NOT NULL DEFAULT '',
  `ip` varchar(17) COLLATE utf8mb4_unicode_ci NOT NULL DEFAULT '',
  `snmp_community` varchar(100) COLLATE utf8mb4_unicode_ci NOT NULL DEFAULT '',
  `snmp_version` tinyint(1) unsigned NOT NULL DEFAULT 1,
  `snmp_port` mediumint(5) unsigned NOT NULL DEFAULT 161,
  `snmp_username` varchar(50) COLLATE utf8mb4_unicode_ci DEFAULT NULL,
  `snmp_password` varchar(50) COLLATE utf8mb4_unicode_ci DEFAULT NULL,
  `snmp_auth_protocol` char(6) COLLATE utf8mb4_unicode_ci DEFAULT '',
  `snmp_priv_passphrase` varchar(200) COLLATE utf8mb4_unicode_ci DEFAULT '',
  `snmp_priv_protocol` char(6) COLLATE utf8mb4_unicode_ci DEFAULT '',
  `snmp_context` varchar(64) COLLATE utf8mb4_unicode_ci DEFAULT '',
  `snmp_engine_id` varchar(64) COLLATE utf8mb4_unicode_ci DEFAULT '',
  `sysName` varchar(100) COLLATE utf8mb4_unicode_ci NOT NULL DEFAULT '',
  `sysLocation` varchar(255) COLLATE utf8mb4_unicode_ci NOT NULL DEFAULT '',
  `sysContact` varchar(255) COLLATE utf8mb4_unicode_ci NOT NULL DEFAULT '',
  `sysDescr` varchar(255) COLLATE utf8mb4_unicode_ci NOT NULL DEFAULT '',
  `sysUptime` int(32) NOT NULL DEFAULT 0,
  `os` varchar(64) COLLATE utf8mb4_unicode_ci NOT NULL DEFAULT '',
  `snmp` tinyint(4) NOT NULL DEFAULT 0,
  `known` tinyint(4) NOT NULL DEFAULT 0,
  `up` tinyint(4) NOT NULL DEFAULT 0,
  `time` int(11) NOT NULL DEFAULT 0,
  PRIMARY KEY (`id`),
  UNIQUE KEY `ip` (`ip`),
  KEY `hostname` (`hostname`)
) ENGINE=InnoDB DEFAULT CHARSET=utf8mb4 COLLATE=utf8mb4_unicode_ci ROW_FORMAT=DYNAMIC COMMENT='Table of Discovered Devices';



# Dump of table automation_graph_rule_items
# ------------------------------------------------------------

DROP TABLE IF EXISTS `automation_graph_rule_items`;

CREATE TABLE `automation_graph_rule_items` (
  `id` mediumint(8) unsigned NOT NULL AUTO_INCREMENT,
  `rule_id` mediumint(8) unsigned NOT NULL DEFAULT 0,
  `sequence` smallint(3) unsigned NOT NULL DEFAULT 0,
  `operation` smallint(3) unsigned NOT NULL DEFAULT 0,
  `field` varchar(255) COLLATE utf8mb4_unicode_ci NOT NULL DEFAULT '',
  `operator` smallint(3) unsigned NOT NULL DEFAULT 0,
  `pattern` varchar(255) COLLATE utf8mb4_unicode_ci NOT NULL DEFAULT '',
  PRIMARY KEY (`id`)
) ENGINE=InnoDB DEFAULT CHARSET=utf8mb4 COLLATE=utf8mb4_unicode_ci ROW_FORMAT=DYNAMIC COMMENT='Automation Graph Rule Items';

LOCK TABLES `automation_graph_rule_items` WRITE;
/*!40000 ALTER TABLE `automation_graph_rule_items` DISABLE KEYS */;

INSERT INTO `automation_graph_rule_items` (`id`, `rule_id`, `sequence`, `operation`, `field`, `operator`, `pattern`)
VALUES
	(1,1,1,0,'ifOperStatus',7,'Up'),
	(2,1,2,1,'ifIP',16,''),
	(3,1,3,1,'ifHwAddr',16,''),
	(4,2,1,0,'ifOperStatus',7,'Up'),
	(5,2,2,1,'ifIP',16,''),
	(6,2,3,1,'ifHwAddr',16,'');

/*!40000 ALTER TABLE `automation_graph_rule_items` ENABLE KEYS */;
UNLOCK TABLES;


# Dump of table automation_graph_rules
# ------------------------------------------------------------

DROP TABLE IF EXISTS `automation_graph_rules`;

CREATE TABLE `automation_graph_rules` (
  `id` mediumint(8) unsigned NOT NULL AUTO_INCREMENT,
  `name` varchar(255) COLLATE utf8mb4_unicode_ci NOT NULL DEFAULT '',
  `snmp_query_id` smallint(3) unsigned NOT NULL DEFAULT 0,
  `graph_type_id` smallint(3) unsigned NOT NULL DEFAULT 0,
  `enabled` char(2) COLLATE utf8mb4_unicode_ci DEFAULT '',
  PRIMARY KEY (`id`),
  KEY `name` (`name`(171))
) ENGINE=InnoDB DEFAULT CHARSET=utf8mb4 COLLATE=utf8mb4_unicode_ci ROW_FORMAT=DYNAMIC COMMENT='Automation Graph Rules';

LOCK TABLES `automation_graph_rules` WRITE;
/*!40000 ALTER TABLE `automation_graph_rules` DISABLE KEYS */;

INSERT INTO `automation_graph_rules` (`id`, `name`, `snmp_query_id`, `graph_type_id`, `enabled`)
VALUES
	(1,'Traffic 64 bit Server',1,12,'on'),
	(2,'Traffic 64 bit Server Linux',1,12,'on'),
	(3,'Disk Space',3,17,'on');

/*!40000 ALTER TABLE `automation_graph_rules` ENABLE KEYS */;
UNLOCK TABLES;


# Dump of table automation_ips
# ------------------------------------------------------------

DROP TABLE IF EXISTS `automation_ips`;

CREATE TABLE `automation_ips` (
  `ip_address` varchar(20) COLLATE utf8mb4_unicode_ci NOT NULL DEFAULT '',
  `hostname` varchar(100) COLLATE utf8mb4_unicode_ci DEFAULT NULL,
  `network_id` int(10) unsigned DEFAULT NULL,
  `pid` int(10) unsigned DEFAULT NULL,
  `status` int(10) unsigned DEFAULT NULL,
  `thread` int(10) unsigned DEFAULT NULL,
  PRIMARY KEY (`ip_address`),
  KEY `pid` (`pid`)
) ENGINE=MEMORY DEFAULT CHARSET=utf8mb4 COLLATE=utf8mb4_unicode_ci COMMENT='List of discoverable ip addresses used for scanning';



# Dump of table automation_match_rule_items
# ------------------------------------------------------------

DROP TABLE IF EXISTS `automation_match_rule_items`;

CREATE TABLE `automation_match_rule_items` (
  `id` mediumint(8) unsigned NOT NULL AUTO_INCREMENT,
  `rule_id` mediumint(8) unsigned NOT NULL DEFAULT 0,
  `rule_type` smallint(3) unsigned NOT NULL DEFAULT 0,
  `sequence` smallint(3) unsigned NOT NULL DEFAULT 0,
  `operation` smallint(3) unsigned NOT NULL DEFAULT 0,
  `field` varchar(255) COLLATE utf8mb4_unicode_ci NOT NULL DEFAULT '',
  `operator` smallint(3) unsigned NOT NULL DEFAULT 0,
  `pattern` varchar(255) COLLATE utf8mb4_unicode_ci NOT NULL DEFAULT '',
  PRIMARY KEY (`id`)
) ENGINE=InnoDB DEFAULT CHARSET=utf8mb4 COLLATE=utf8mb4_unicode_ci ROW_FORMAT=DYNAMIC COMMENT='Automation Match Rule Items';

LOCK TABLES `automation_match_rule_items` WRITE;
/*!40000 ALTER TABLE `automation_match_rule_items` DISABLE KEYS */;

INSERT INTO `automation_match_rule_items` (`id`, `rule_id`, `rule_type`, `sequence`, `operation`, `field`, `operator`, `pattern`)
VALUES
	(1,1,1,1,0,'h.snmp_sysDescr',8,''),
	(2,1,1,2,1,'h.snmp_version',12,'2'),
	(3,1,3,1,0,'ht.name',1,'Linux'),
	(4,2,1,1,0,'ht.name',1,'Linux'),
	(5,2,1,2,1,'h.snmp_version',12,'2'),
	(6,2,3,1,0,'ht.name',1,'SNMP'),
	(7,2,3,2,1,'gt.name',1,'Traffic'),
	(8,1,1,3,1,'h.snmp_sysDescr',2,'Windows');

/*!40000 ALTER TABLE `automation_match_rule_items` ENABLE KEYS */;
UNLOCK TABLES;


# Dump of table automation_networks
# ------------------------------------------------------------

DROP TABLE IF EXISTS `automation_networks`;

CREATE TABLE `automation_networks` (
  `id` int(10) unsigned NOT NULL AUTO_INCREMENT,
  `poller_id` int(10) unsigned DEFAULT 1,
  `site_id` int(10) unsigned DEFAULT 1,
  `name` varchar(128) COLLATE utf8mb4_unicode_ci NOT NULL DEFAULT '' COMMENT 'The name for this network',
  `subnet_range` varchar(1024) COLLATE utf8mb4_unicode_ci NOT NULL DEFAULT '' COMMENT 'Defined subnet ranges for discovery',
  `dns_servers` varchar(128) COLLATE utf8mb4_unicode_ci NOT NULL DEFAULT '' COMMENT 'DNS Servers to use for name resolution',
  `enabled` char(2) COLLATE utf8mb4_unicode_ci DEFAULT '',
  `notification_enabled` char(2) COLLATE utf8mb4_unicode_ci DEFAULT '',
  `notification_email` varchar(255) COLLATE utf8mb4_unicode_ci DEFAULT '',
  `notification_fromname` varchar(32) COLLATE utf8mb4_unicode_ci DEFAULT '',
  `notification_fromemail` varchar(128) COLLATE utf8mb4_unicode_ci DEFAULT '',
  `snmp_id` int(10) unsigned DEFAULT NULL,
  `enable_netbios` char(2) COLLATE utf8mb4_unicode_ci DEFAULT '',
  `add_to_cacti` char(2) COLLATE utf8mb4_unicode_ci DEFAULT '',
  `same_sysname` char(2) COLLATE utf8mb4_unicode_ci DEFAULT '',
  `total_ips` int(10) unsigned DEFAULT 0,
  `up_hosts` int(10) unsigned NOT NULL DEFAULT 0,
  `snmp_hosts` int(10) unsigned NOT NULL DEFAULT 0,
  `ping_method` int(10) unsigned NOT NULL DEFAULT 0 COMMENT 'The ping method (ICMP:TCP:UDP)',
  `ping_port` int(10) unsigned NOT NULL DEFAULT 0 COMMENT 'For TCP:UDP the port to ping',
  `ping_timeout` int(10) unsigned NOT NULL DEFAULT 0 COMMENT 'The ping timeout in seconds',
  `ping_retries` int(10) unsigned DEFAULT 0,
  `sched_type` int(10) unsigned NOT NULL DEFAULT 0 COMMENT 'Schedule type: manual or automatic',
  `threads` int(10) unsigned DEFAULT 1,
  `run_limit` int(10) unsigned DEFAULT 0 COMMENT 'The maximum runtime for the discovery',
  `start_at` varchar(20) COLLATE utf8mb4_unicode_ci DEFAULT NULL,
  `next_start` timestamp NOT NULL DEFAULT '0000-00-00 00:00:00',
  `recur_every` int(10) unsigned DEFAULT 1,
  `day_of_week` varchar(45) COLLATE utf8mb4_unicode_ci DEFAULT NULL COMMENT 'The days of week to run in crontab format',
  `month` varchar(45) COLLATE utf8mb4_unicode_ci DEFAULT NULL COMMENT 'The months to run in crontab format',
  `day_of_month` varchar(45) COLLATE utf8mb4_unicode_ci DEFAULT NULL COMMENT 'The days of month to run in crontab format',
  `monthly_week` varchar(45) COLLATE utf8mb4_unicode_ci DEFAULT NULL,
  `monthly_day` varchar(45) COLLATE utf8mb4_unicode_ci DEFAULT NULL,
  `last_runtime` double NOT NULL DEFAULT 0 COMMENT 'The last runtime for discovery',
  `last_started` timestamp NOT NULL DEFAULT '0000-00-00 00:00:00' COMMENT 'The time the discovery last started',
  `last_status` varchar(128) COLLATE utf8mb4_unicode_ci NOT NULL DEFAULT '' COMMENT 'The last exit message if any',
  `rerun_data_queries` char(2) COLLATE utf8mb4_unicode_ci DEFAULT NULL COMMENT 'Rerun data queries or not for existing hosts',
  PRIMARY KEY (`id`),
  KEY `poller_id` (`poller_id`)
) ENGINE=InnoDB DEFAULT CHARSET=utf8mb4 COLLATE=utf8mb4_unicode_ci ROW_FORMAT=DYNAMIC COMMENT='Stores scanning subnet definitions';

LOCK TABLES `automation_networks` WRITE;
/*!40000 ALTER TABLE `automation_networks` DISABLE KEYS */;

INSERT INTO `automation_networks` (`id`, `poller_id`, `site_id`, `name`, `subnet_range`, `dns_servers`, `enabled`, `notification_enabled`, `notification_email`, `notification_fromname`, `notification_fromemail`, `snmp_id`, `enable_netbios`, `add_to_cacti`, `same_sysname`, `total_ips`, `up_hosts`, `snmp_hosts`, `ping_method`, `ping_port`, `ping_timeout`, `ping_retries`, `sched_type`, `threads`, `run_limit`, `start_at`, `next_start`, `recur_every`, `day_of_week`, `month`, `day_of_month`, `monthly_week`, `monthly_day`, `last_runtime`, `last_started`, `last_status`, `rerun_data_queries`)
VALUES
	(1,1,0,'Test Network','192.168.1.0/24','','on','','','','',1,'on','on','',254,0,0,1,22,400,1,2,10,1200,'0000-00-00 00:00:00','0000-00-00 00:00:00',2,'4','','','','',0,'0000-00-00 00:00:00','','on');

/*!40000 ALTER TABLE `automation_networks` ENABLE KEYS */;
UNLOCK TABLES;


# Dump of table automation_processes
# ------------------------------------------------------------

DROP TABLE IF EXISTS `automation_processes`;

CREATE TABLE `automation_processes` (
  `pid` int(8) unsigned NOT NULL,
  `poller_id` int(10) unsigned DEFAULT 1,
  `network_id` int(10) unsigned NOT NULL DEFAULT 0,
  `task` varchar(20) COLLATE utf8mb4_unicode_ci DEFAULT '',
  `status` varchar(20) COLLATE utf8mb4_unicode_ci DEFAULT NULL,
  `command` varchar(20) COLLATE utf8mb4_unicode_ci DEFAULT NULL,
  `up_hosts` int(10) unsigned DEFAULT 0,
  `snmp_hosts` int(10) unsigned DEFAULT 0,
  `heartbeat` timestamp NOT NULL DEFAULT '0000-00-00 00:00:00',
  PRIMARY KEY (`pid`,`network_id`)
) ENGINE=MEMORY DEFAULT CHARSET=utf8mb4 COLLATE=utf8mb4_unicode_ci COMMENT='Table tracking active poller processes';



# Dump of table automation_snmp
# ------------------------------------------------------------

DROP TABLE IF EXISTS `automation_snmp`;

CREATE TABLE `automation_snmp` (
  `id` int(10) unsigned NOT NULL AUTO_INCREMENT,
  `name` varchar(100) COLLATE utf8mb4_unicode_ci NOT NULL DEFAULT '',
  PRIMARY KEY (`id`)
) ENGINE=InnoDB DEFAULT CHARSET=utf8mb4 COLLATE=utf8mb4_unicode_ci ROW_FORMAT=DYNAMIC COMMENT='Group of SNMP Option Sets';

LOCK TABLES `automation_snmp` WRITE;
/*!40000 ALTER TABLE `automation_snmp` DISABLE KEYS */;

INSERT INTO `automation_snmp` (`id`, `name`)
VALUES
	(1,'Default Option Set');

/*!40000 ALTER TABLE `automation_snmp` ENABLE KEYS */;
UNLOCK TABLES;


# Dump of table automation_snmp_items
# ------------------------------------------------------------

DROP TABLE IF EXISTS `automation_snmp_items`;

CREATE TABLE `automation_snmp_items` (
  `id` int(10) unsigned NOT NULL AUTO_INCREMENT,
  `snmp_id` int(10) unsigned NOT NULL DEFAULT 0,
  `sequence` int(10) unsigned NOT NULL DEFAULT 0,
  `snmp_version` tinyint(1) unsigned NOT NULL DEFAULT 1,
  `snmp_community` varchar(100) COLLATE utf8mb4_unicode_ci NOT NULL,
  `snmp_port` mediumint(5) unsigned NOT NULL DEFAULT 161,
  `snmp_timeout` int(10) unsigned NOT NULL DEFAULT 500,
  `snmp_retries` tinyint(1) unsigned NOT NULL DEFAULT 3,
  `max_oids` int(12) unsigned DEFAULT 10,
  `bulk_walk_size` int(11) DEFAULT -1,
  `snmp_username` varchar(50) COLLATE utf8mb4_unicode_ci DEFAULT NULL,
  `snmp_password` varchar(50) COLLATE utf8mb4_unicode_ci DEFAULT NULL,
  `snmp_auth_protocol` char(6) COLLATE utf8mb4_unicode_ci DEFAULT '',
  `snmp_priv_passphrase` varchar(200) COLLATE utf8mb4_unicode_ci DEFAULT '',
  `snmp_priv_protocol` char(6) COLLATE utf8mb4_unicode_ci DEFAULT '',
  `snmp_context` varchar(64) COLLATE utf8mb4_unicode_ci DEFAULT '',
  `snmp_engine_id` varchar(64) COLLATE utf8mb4_unicode_ci DEFAULT '',
  PRIMARY KEY (`id`,`snmp_id`)
) ENGINE=InnoDB DEFAULT CHARSET=utf8mb4 COLLATE=utf8mb4_unicode_ci ROW_FORMAT=DYNAMIC COMMENT='Set of SNMP Options';

LOCK TABLES `automation_snmp_items` WRITE;
/*!40000 ALTER TABLE `automation_snmp_items` DISABLE KEYS */;

INSERT INTO `automation_snmp_items` (`id`, `snmp_id`, `sequence`, `snmp_version`, `snmp_community`, `snmp_port`, `snmp_timeout`, `snmp_retries`, `max_oids`, `bulk_walk_size`, `snmp_username`, `snmp_password`, `snmp_auth_protocol`, `snmp_priv_passphrase`, `snmp_priv_protocol`, `snmp_context`, `snmp_engine_id`)
VALUES
	(1,1,1,2,'public',161,1000,3,10,-1,'admin','baseball','MD5','','DES','',''),
	(2,1,2,2,'private',161,1000,3,10,-1,'admin','baseball','MD5','','DES','','');

/*!40000 ALTER TABLE `automation_snmp_items` ENABLE KEYS */;
UNLOCK TABLES;


# Dump of table automation_templates
# ------------------------------------------------------------

DROP TABLE IF EXISTS `automation_templates`;

CREATE TABLE `automation_templates` (
  `id` int(8) NOT NULL AUTO_INCREMENT,
  `host_template` int(8) NOT NULL DEFAULT 0,
  `availability_method` int(10) unsigned DEFAULT 2,
  `sysDescr` varchar(255) COLLATE utf8mb4_unicode_ci DEFAULT '',
  `sysName` varchar(255) COLLATE utf8mb4_unicode_ci DEFAULT '',
  `sysOid` varchar(60) COLLATE utf8mb4_unicode_ci DEFAULT '',
  `sequence` int(10) unsigned DEFAULT 0,
  PRIMARY KEY (`id`)
) ENGINE=InnoDB DEFAULT CHARSET=utf8mb4 COLLATE=utf8mb4_unicode_ci ROW_FORMAT=DYNAMIC COMMENT='Templates of SNMP Sys variables used for automation';

LOCK TABLES `automation_templates` WRITE;
/*!40000 ALTER TABLE `automation_templates` DISABLE KEYS */;

INSERT INTO `automation_templates` (`id`, `host_template`, `availability_method`, `sysDescr`, `sysName`, `sysOid`, `sequence`)
VALUES
	(1,3,2,'Linux','','',2),
	(2,1,2,'HP ETHERNET','','',1);

/*!40000 ALTER TABLE `automation_templates` ENABLE KEYS */;
UNLOCK TABLES;


# Dump of table automation_tree_rule_items
# ------------------------------------------------------------

DROP TABLE IF EXISTS `automation_tree_rule_items`;

CREATE TABLE `automation_tree_rule_items` (
  `id` mediumint(8) unsigned NOT NULL AUTO_INCREMENT,
  `rule_id` mediumint(8) unsigned NOT NULL DEFAULT 0,
  `sequence` smallint(3) unsigned NOT NULL DEFAULT 0,
  `field` varchar(255) COLLATE utf8mb4_unicode_ci NOT NULL DEFAULT '',
  `sort_type` smallint(3) unsigned NOT NULL DEFAULT 0,
  `propagate_changes` char(2) COLLATE utf8mb4_unicode_ci DEFAULT '',
  `search_pattern` varchar(255) COLLATE utf8mb4_unicode_ci NOT NULL DEFAULT '',
  `replace_pattern` varchar(255) COLLATE utf8mb4_unicode_ci NOT NULL DEFAULT '',
  PRIMARY KEY (`id`)
) ENGINE=InnoDB DEFAULT CHARSET=utf8mb4 COLLATE=utf8mb4_unicode_ci ROW_FORMAT=DYNAMIC COMMENT='Automation Tree Rule Items';

LOCK TABLES `automation_tree_rule_items` WRITE;
/*!40000 ALTER TABLE `automation_tree_rule_items` DISABLE KEYS */;

INSERT INTO `automation_tree_rule_items` (`id`, `rule_id`, `sequence`, `field`, `sort_type`, `propagate_changes`, `search_pattern`, `replace_pattern`)
VALUES
	(1,1,1,'ht.name',1,'','^(.*)\\s*Linux\\s*(.*)$','${1}\\n${2}'),
	(2,1,2,'h.hostname',1,'','^(\\w*)\\s*(\\w*)\\s*(\\w*).*$',''),
	(3,2,1,'0',2,'on','Traffic',''),
	(4,2,2,'gtg.title_cache',1,'','^(.*)\\s*-\\s*Traffic -\\s*(.*)$','${1}\\n${2}');

/*!40000 ALTER TABLE `automation_tree_rule_items` ENABLE KEYS */;
UNLOCK TABLES;


# Dump of table automation_tree_rules
# ------------------------------------------------------------

DROP TABLE IF EXISTS `automation_tree_rules`;

CREATE TABLE `automation_tree_rules` (
  `id` mediumint(8) unsigned NOT NULL AUTO_INCREMENT,
  `name` varchar(255) COLLATE utf8mb4_unicode_ci NOT NULL DEFAULT '',
  `tree_id` smallint(3) unsigned NOT NULL DEFAULT 0,
  `tree_item_id` mediumint(8) unsigned NOT NULL DEFAULT 0,
  `leaf_type` smallint(3) unsigned NOT NULL DEFAULT 0,
  `host_grouping_type` smallint(3) unsigned NOT NULL DEFAULT 0,
  `enabled` char(2) COLLATE utf8mb4_unicode_ci DEFAULT '',
  PRIMARY KEY (`id`),
  KEY `name` (`name`(171))
) ENGINE=InnoDB DEFAULT CHARSET=utf8mb4 COLLATE=utf8mb4_unicode_ci ROW_FORMAT=DYNAMIC COMMENT='Automation Tree Rules';

LOCK TABLES `automation_tree_rules` WRITE;
/*!40000 ALTER TABLE `automation_tree_rules` DISABLE KEYS */;

INSERT INTO `automation_tree_rules` (`id`, `name`, `tree_id`, `tree_item_id`, `leaf_type`, `host_grouping_type`, `enabled`)
VALUES
	(1,'New Device',1,0,3,1,'on'),
	(2,'New Graph',1,0,2,1,'');

/*!40000 ALTER TABLE `automation_tree_rules` ENABLE KEYS */;
UNLOCK TABLES;


# Dump of table cdef
# ------------------------------------------------------------

DROP TABLE IF EXISTS `cdef`;

CREATE TABLE `cdef` (
  `id` mediumint(8) unsigned NOT NULL AUTO_INCREMENT,
  `hash` varchar(32) COLLATE utf8mb4_unicode_ci NOT NULL DEFAULT '',
  `system` mediumint(8) unsigned NOT NULL DEFAULT 0,
  `name` varchar(255) COLLATE utf8mb4_unicode_ci NOT NULL DEFAULT '',
  PRIMARY KEY (`id`),
  KEY `hash` (`hash`),
  KEY `name` (`name`(171))
) ENGINE=InnoDB DEFAULT CHARSET=utf8mb4 COLLATE=utf8mb4_unicode_ci ROW_FORMAT=DYNAMIC;

LOCK TABLES `cdef` WRITE;
/*!40000 ALTER TABLE `cdef` DISABLE KEYS */;

INSERT INTO `cdef` (`id`, `hash`, `system`, `name`)
VALUES
	(2,'73f95f8b77b5508157d64047342c421e',0,'Turn Bytes into Bits'),
	(3,'3d352eed9fa8f7b2791205b3273708c7',0,'Make Stack Negative'),
	(4,'e961cc8ec04fda6ed4981cf5ad501aa5',0,'Make Per 5 Minutes'),
	(12,'f1ac79f05f255c02f914c920f1038c54',0,'Total All Data Sources'),
	(14,'634a23af5e78af0964e8d33b1a4ed26b',0,'Multiply by 1024'),
	(15,'068984b5ccdfd2048869efae5166f722',0,'Total All Data Sources, Multiply by 1024'),
	(16,'f0995854fa3f78e0b5ec3e42b468d857',0,'Round Up Number'),
	(17,'e467c2a53cd92031c422b0703329b59a',0,'Turn Uptime to Days'),
	(18,'332c2d503d77d896a44a3173db18a0e0',0,'Advanced Ping - Loss 51 - 95 % top'),
	(19,'5427bff830a580d682e9cd4a929f2d9e',0,'Advanced Ping - Loss 6 - 10 % top'),
	(20,'df23ce552c69978b6ceed566c9dafb84',0,'Advanced Ping - Loss 11 - 15 % top'),
	(21,'3da41cbd39894c4af01c012bc5363276',0,'Advanced Ping - Loss 16 - 50 % top'),
	(22,'aa95e3ca5c6acadade668c092676a58e',0,'Advanced Ping - Loss 96 - 100 % top'),
	(23,'4ff1ed4bd47cec34bdaffef0a88e1223',0,'Advanced Ping - Position 1,2'),
	(24,'f47dc26902e7c585f5c900e6a313c3f0',0,'Advanced Ping - Position 3,4,5'),
	(25,'3bc3669fce1eb66075def0d46e048908',0,'Advanced Ping - Loss 11 - 15 % bottom'),
	(26,'e9ef3a38296e805e1e7a1b27c5e74cb8',0,'Advanced Ping - Loss 6 - 10 % bottom'),
	(27,'d05d9ef32572922e6c2e09fc8e083e03',0,'Advanced Ping - Loss 16 - 50 % bottom'),
	(28,'5be820394a7ef14b50b8bdae9c201977',0,'Advanced Ping - Loss 51 - 95 % bottom'),
	(29,'8eeeaf982528e5363ea5218e1f4bbd2b',0,'Advanced Ping - Loss 96 - 100 % bottom'),
	(30,'33a135c70c2e2357e97c0b379ba50668',0,'Advanced Ping - Loss 1 - 2 % bottom'),
	(31,'4d4ebb1184b3120f6d5990e4c64036a5',0,'Advanced Ping - Loss 1 - 2 % top'),
	(32,'0fd7cc72c40fb4a211e5f365b9718c1b',0,'Advanced Ping - Loss 3 - 5 % bottom'),
	(33,'0220a0bd96748360287393c87ce7055b',0,'Advanced Ping - Loss 3 - 5 % top'),
	(34,'3c976751394a4dc370c974870f56805e',0,'Advanced Ping - Stack Min - 20 %'),
	(35,'2bf01791817ba0d62500976918ed7b99',0,'Difference of Two'),
	(36,'f18ff01fce23fca1fbee46a8a88600f7',0,'DHCPD -  percent pool used'),
	(37,'2cca77646adf1ce2b150a7fb750794e0',0,'Divide by 1024'),
	(38,'dc5470c15175fd16675f17e2722d6823',0,'Make Stack Negative + Bytes into Bits'),
	(39,'2a141989e8d07649b3ef2600ff8acf0d',0,'Divide by 2'),
	(40,'cd8385e1639bba417ed4983eedd1606d',0,'Divide By 100'),
	(41,'091a7503ec0c8e695f6b397b9aa89ed6',0,'Turn Bytes into Bits (Negative Stack)');

/*!40000 ALTER TABLE `cdef` ENABLE KEYS */;
UNLOCK TABLES;


# Dump of table cdef_items
# ------------------------------------------------------------

DROP TABLE IF EXISTS `cdef_items`;

CREATE TABLE `cdef_items` (
  `id` mediumint(8) unsigned NOT NULL AUTO_INCREMENT,
  `hash` varchar(32) COLLATE utf8mb4_unicode_ci NOT NULL DEFAULT '',
  `cdef_id` mediumint(8) unsigned NOT NULL DEFAULT 0,
  `sequence` mediumint(8) unsigned NOT NULL DEFAULT 0,
  `type` tinyint(2) NOT NULL DEFAULT 0,
  `value` varchar(150) COLLATE utf8mb4_unicode_ci NOT NULL DEFAULT '',
  PRIMARY KEY (`id`),
  KEY `cdef_id_sequence` (`cdef_id`,`sequence`)
) ENGINE=InnoDB DEFAULT CHARSET=utf8mb4 COLLATE=utf8mb4_unicode_ci ROW_FORMAT=DYNAMIC;

LOCK TABLES `cdef_items` WRITE;
/*!40000 ALTER TABLE `cdef_items` DISABLE KEYS */;

INSERT INTO `cdef_items` (`id`, `hash`, `cdef_id`, `sequence`, `type`, `value`)
VALUES
	(7,'9bbf6b792507bb9bb17d2af0970f9be9',2,1,4,'CURRENT_DATA_SOURCE'),
	(8,'caa4e023ac2d7b1c4b4c8c4adfd55dfe',2,3,2,'3'),
	(9,'a4b8eb2c3bf4920a3ef571a7a004be53',2,2,6,'8'),
	(10,'c888c9fe6b62c26c4bfe23e18991731d',3,1,4,'CURRENT_DATA_SOURCE'),
	(11,'1e1d0b29a94e08b648c8f053715442a0',3,3,2,'3'),
	(12,'4355c197998c7f8b285be7821ddc6da4',3,2,6,'-1'),
	(13,'40bb7a1143b0f2e2efca14eb356236de',4,1,4,'CURRENT_DATA_SOURCE'),
	(14,'42686ea0925c0220924b7d333599cd67',4,3,2,'3'),
	(15,'faf1b148b2c0e0527362ed5b8ca1d351',4,2,6,'300'),
	(16,'0ef6b8a42dc83b4e43e437960fccd2ea',12,1,4,'ALL_DATA_SOURCES_NODUPS'),
	(18,'86370cfa0008fe8c56b28be80ee39a40',14,1,4,'CURRENT_DATA_SOURCE'),
	(19,'9a35cc60d47691af37f6fddf02064e20',14,2,6,'1024'),
	(20,'5d7a7941ec0440b257e5598a27dd1688',14,3,2,'3'),
	(21,'44fd595c60539ff0f5817731d9f43a85',15,1,4,'ALL_DATA_SOURCES_NODUPS'),
	(22,'aa38be265e5ac31783e57ce6f9314e9a',15,2,6,'1024'),
	(23,'204423d4b2598f1f7252eea19458345c',15,3,2,'3'),
	(24,'f8be084bb9912c335248a7624b1791a7',16,1,4,'CURRENT_DATA_SOURCE'),
	(25,'fb418923ccd3854f97245b692f86d2c0',16,2,1,'6'),
	(26,'c658f6a764966a4bcfbb4b0ef3deba37',17,1,4,'CURRENT_DATA_SOURCE'),
	(27,'f540004e39b64358d09d333535f2f497',17,2,6,'8640000'),
	(28,'a413e8cd783534eb54756ecec2029338',17,3,2,'4'),
	(29,'a3c04122ac3c022ad9a764585122729f',18,1,6,'d,50,GT,d,95,GT,UNKN,INF,IF,UNKN,IF'),
	(30,'8268d0886cc35b475d537d0c9ab73d7c',19,1,6,'d,5,GT,d,10,GT,UNKN,INF,IF,UNKN,IF'),
	(31,'581c14facfd5990ea49bd7636fd4a0b6',20,1,6,'d,10,GT,d,15,GT,UNKN,INF,IF,UNKN,IF'),
	(32,'19a5f3ab89230d5922543240f39a80f8',21,1,6,'d,15,GT,d,50,GT,UNKN,INF,IF,UNKN,IF'),
	(33,'d201c98ac47e2430b3246d8a0ab3a4d5',22,1,6,'d,95,GT,d,100,GT,UNKN,INF,IF,UNKN,IF'),
	(34,'953c9bfd8a376fb1463133a1d27d22bb',23,1,6,'e,2,/'),
	(35,'28c269f07a9ec5a59574e016cc18190b',24,1,6,'c,b,-,e,-,3,/'),
	(36,'4bb64e0f549f0be7ac741bbf10dab96e',25,1,6,'d,10,GT,d,15,GT,UNKN,a,IF,UNKN,IF'),
	(37,'b6ff6dfcf1f71e4dbdc2e48213d533d6',26,1,6,'d,5,GT,d,10,GT,UNKN,a,IF,UNKN,IF'),
	(38,'ce4063cfe43f51564c17555fbe8ec5e4',27,1,6,'d,15,GT,d,50,GT,a,INF,IF,UNKN,IF'),
	(39,'5c200e27825874f9e3cb63623c15ad7b',28,1,6,'d,50,GT,d,95,GT,UNKN,a,IF,UNKN,IF'),
	(40,'23c77200f4c454de1c81a96e04c7bf34',29,1,6,'d,95,GT,d,100,GT,UNKN,a,IF,UNKN,IF'),
	(41,'9d2d5569146680568428fd08ac3730d8',30,1,6,'d,0,GT,d,2,GT,UNKN,a,IF,UNKN,IF'),
	(42,'1f7469c57d65a556bdf4aef89e220397',31,1,6,'d,0,GT,d,2,GT,UNKN,INF,IF,UNKN,IF'),
	(43,'5f015e8b351c4dab3217ce8f87ae7637',32,1,6,'d,3,GT,d,5,GT,UNKN,a,IF,UNKN,IF'),
	(44,'f37239c7b47da12f6125e4eec4bd9b81',33,1,6,'d,3,GT,d,5,GT,UNKN,INF,IF,UNKN,IF'),
	(45,'3be90d72c8b4cf4216c356d225c30d30',34,1,6,'b,a,-,0.2,*'),
	(46,'7295abb2f274548bae29537d6dda8e7d',35,1,6,'a'),
	(47,'68416394ce8a6523619d3634d0e7ef25',35,6,6,'b'),
	(48,'690da37fb04dd50287d68cc1cdccf8d2',35,7,2,'2'),
	(49,'7c800e522e468b0bd6e5f9cdf7fa266f',36,5,6,'b,a,/,100,*'),
	(50,'7d86624e9c6f253c6af26157e4c61565',37,1,4,'CURRENT_DATA_SOURCE'),
	(51,'fc579bb57e1417c853c27ffc62b848ba',37,2,6,'1024,/'),
	(52,'58f1235b93da5c4c55ed94ff84b211e6',38,1,4,'CURRENT_DATA_SOURCE'),
	(53,'bb9e65b347487b042f22481abe3637f7',38,2,6,'-8'),
	(54,'5bb36299be72bae398592f57e5f069cb',38,3,2,'3'),
	(55,'1a6876dd37965a746e4a19b3e5a68608',39,1,4,'CURRENT_DATA_SOURCE'),
	(56,'a3fbec82e2756646c31ff7309634698f',39,2,6,'2'),
	(57,'be12bfa772ca7662cee89809e7f606bb',39,3,2,'4'),
	(58,'95e8d888380e65435caa2d774484a196',40,1,4,'CURRENT_DATA_SOURCE'),
	(59,'3748c9275c23ac43d6742c6ccb4471cb',40,2,6,'100'),
	(60,'cabee7ebe3b40d6bb701b04a2d3e8ec1',40,3,2,'4'),
	(61,'ccb1490ee869bc434439ec6fa17358cc',41,1,4,'CURRENT_DATA_SOURCE'),
	(62,'6737d656c7338687bad723f2f789e463',41,2,6,'-8'),
	(63,'bc6855981c6cbc0307cf4d311f2f149c',41,3,2,'3');

/*!40000 ALTER TABLE `cdef_items` ENABLE KEYS */;
UNLOCK TABLES;


# Dump of table color_template_items
# ------------------------------------------------------------

DROP TABLE IF EXISTS `color_template_items`;

CREATE TABLE `color_template_items` (
  `color_template_item_id` int(12) unsigned NOT NULL AUTO_INCREMENT,
  `color_template_id` mediumint(8) unsigned NOT NULL DEFAULT 0,
  `color_id` mediumint(8) unsigned NOT NULL DEFAULT 0,
  `sequence` mediumint(8) unsigned NOT NULL DEFAULT 0,
  PRIMARY KEY (`color_template_item_id`)
) ENGINE=InnoDB DEFAULT CHARSET=utf8mb4 COLLATE=utf8mb4_unicode_ci ROW_FORMAT=DYNAMIC COMMENT='Color Items for Color Templates';

LOCK TABLES `color_template_items` WRITE;
/*!40000 ALTER TABLE `color_template_items` DISABLE KEYS */;

INSERT INTO `color_template_items` (`color_template_item_id`, `color_template_id`, `color_id`, `sequence`)
VALUES
	(1,1,4,1),
	(2,1,24,2),
	(3,1,98,3),
	(4,1,25,4),
	(5,2,25,1),
	(6,2,29,2),
	(7,2,30,3),
	(8,2,31,4),
	(9,2,33,5),
	(10,2,35,6),
	(11,2,41,7),
	(12,2,9,8),
	(13,3,15,1),
	(14,3,31,2),
	(15,3,28,3),
	(16,3,8,4),
	(17,3,34,5),
	(18,3,33,6),
	(19,3,35,7),
	(20,3,41,8),
	(21,3,36,9),
	(22,3,42,10),
	(23,3,44,11),
	(24,3,48,12),
	(25,3,9,13),
	(26,3,49,14),
	(27,3,51,15),
	(28,3,52,16),
	(29,4,76,1),
	(30,4,84,2),
	(31,4,89,3),
	(32,4,17,4),
	(33,4,86,5),
	(34,4,88,6),
	(35,4,90,7),
	(36,4,94,8),
	(37,4,96,9),
	(38,4,93,10),
	(39,4,91,11),
	(40,4,22,12),
	(41,4,12,13),
	(42,4,95,14),
	(43,4,6,15),
	(44,4,92,16);

/*!40000 ALTER TABLE `color_template_items` ENABLE KEYS */;
UNLOCK TABLES;


# Dump of table color_templates
# ------------------------------------------------------------

DROP TABLE IF EXISTS `color_templates`;

CREATE TABLE `color_templates` (
  `color_template_id` mediumint(8) unsigned NOT NULL AUTO_INCREMENT,
  `name` varchar(255) COLLATE utf8mb4_unicode_ci NOT NULL DEFAULT '',
  PRIMARY KEY (`color_template_id`)
) ENGINE=InnoDB DEFAULT CHARSET=utf8mb4 COLLATE=utf8mb4_unicode_ci ROW_FORMAT=DYNAMIC COMMENT='Color Templates';

LOCK TABLES `color_templates` WRITE;
/*!40000 ALTER TABLE `color_templates` DISABLE KEYS */;

INSERT INTO `color_templates` (`color_template_id`, `name`)
VALUES
	(1,'Yellow: light -> dark, 4 colors'),
	(2,'Red: light yellow > dark red, 8 colors'),
	(3,'Red: light -> dark, 16 colors'),
	(4,'Green: dark -> light, 16 colors');

/*!40000 ALTER TABLE `color_templates` ENABLE KEYS */;
UNLOCK TABLES;


# Dump of table colors
# ------------------------------------------------------------

DROP TABLE IF EXISTS `colors`;

CREATE TABLE `colors` (
  `id` mediumint(8) unsigned NOT NULL AUTO_INCREMENT,
  `name` varchar(40) COLLATE utf8mb4_unicode_ci DEFAULT '',
  `hex` varchar(6) COLLATE utf8mb4_unicode_ci NOT NULL DEFAULT '',
  `read_only` char(2) COLLATE utf8mb4_unicode_ci DEFAULT '',
  PRIMARY KEY (`id`),
  UNIQUE KEY `hex` (`hex`)
) ENGINE=InnoDB DEFAULT CHARSET=utf8mb4 COLLATE=utf8mb4_unicode_ci ROW_FORMAT=DYNAMIC;

LOCK TABLES `colors` WRITE;
/*!40000 ALTER TABLE `colors` DISABLE KEYS */;

INSERT INTO `colors` (`id`, `name`, `hex`, `read_only`)
VALUES
	(1,'Black','000000','on'),
	(2,'White','FFFFFF','on'),
	(4,'','FAFD9E',''),
	(5,'','C0C0C0',''),
	(6,'','74C366',''),
	(7,'','6DC8FE',''),
	(8,'','EA8F00',''),
	(9,'Red','FF0000','on'),
	(10,'','4444FF',''),
	(11,'Magenta','FF00FF','on'),
	(12,'Green','00FF00','on'),
	(13,'','8D85F3',''),
	(14,'','AD3B6E',''),
	(15,'','EACC00',''),
	(16,'','12B3B5',''),
	(17,'','157419',''),
	(18,'','C4FD3D',''),
	(19,'','817C4E',''),
	(20,'','002A97',''),
	(21,'','0000FF',''),
	(22,'','00CF00',''),
	(24,'','F9FD5F',''),
	(25,'','FFF200',''),
	(26,'','CCBB00',''),
	(27,'','837C04',''),
	(28,'','EAAF00',''),
	(29,'','FFD660',''),
	(30,'','FFC73B',''),
	(31,'','FFAB00',''),
	(33,'','FF7D00',''),
	(34,'','ED7600',''),
	(35,'','FF5700',''),
	(36,'','EE5019',''),
	(37,'','B1441E',''),
	(38,'','FFC3C0',''),
	(39,'','FF897C',''),
	(40,'','FF6044',''),
	(41,'','FF4105',''),
	(42,'','DA4725',''),
	(43,'','942D0C',''),
	(44,'','FF3932',''),
	(45,'','862F2F',''),
	(46,'','FF5576',''),
	(47,'','562B29',''),
	(48,'','F51D30',''),
	(49,'','DE0056',''),
	(50,'','ED5394',''),
	(51,'','B90054',''),
	(52,'','8F005C',''),
	(53,'','F24AC8',''),
	(54,'','E8CDEF',''),
	(55,'','D8ACE0',''),
	(56,'','A150AA',''),
	(57,'','750F7D',''),
	(58,'','8D00BA',''),
	(59,'','623465',''),
	(60,'','55009D',''),
	(61,'','3D168B',''),
	(62,'','311F4E',''),
	(63,'','D2D8F9',''),
	(64,'','9FA4EE',''),
	(65,'','6557D0',''),
	(66,'','4123A1',''),
	(67,'','4668E4',''),
	(68,'','0D006A',''),
	(69,'','00004D',''),
	(70,'','001D61',''),
	(71,'','00234B',''),
	(72,'','002A8F',''),
	(73,'','2175D9',''),
	(74,'','7CB3F1',''),
	(75,'','005199',''),
	(76,'','004359',''),
	(77,'','00A0C1',''),
	(78,'','007283',''),
	(79,'','00BED9',''),
	(80,'','AFECED',''),
	(81,'','55D6D3',''),
	(82,'','00BBB4',''),
	(83,'','009485',''),
	(84,'','005D57',''),
	(85,'','008A77',''),
	(86,'','008A6D',''),
	(87,'','00B99B',''),
	(88,'','009F67',''),
	(89,'','00694A',''),
	(90,'','00A348',''),
	(91,'','00BF47',''),
	(92,'','96E78A',''),
	(93,'','00BD27',''),
	(94,'','35962B',''),
	(95,'','7EE600',''),
	(96,'','6EA100',''),
	(97,'','CAF100',''),
	(98,'','F5F800',''),
	(99,'','CDCFC4',''),
	(100,'','BCBEB3',''),
	(101,'','AAABA1',''),
	(102,'','8F9286',''),
	(103,'','797C6E',''),
	(104,'','2E3127',''),
	(105,'Night','0C090A','on'),
	(106,'Gunmetal','2C3539','on'),
	(107,'Midnight','2B1B17','on'),
	(108,'Charcoal','34282C','on'),
	(109,'Dark Slate Grey','25383C','on'),
	(110,'Oil','3B3131','on'),
	(111,'Black Cat','413839','on'),
	(112,'Iridium','3D3C3A','on'),
	(113,'Black Eel','463E3F','on'),
	(114,'Black Cow','4C4646','on'),
	(115,'Gray Wolf','504A4B','on'),
	(116,'Vampire Gray','565051','on'),
	(117,'Gray Dolphin','5C5858','on'),
	(118,'Carbon Gray','625D5D','on'),
	(119,'Ash Gray','666362','on'),
	(120,'Cloudy Gray','6D6968','on'),
	(121,'Smokey Gray','726E6D','on'),
	(122,'Gray','736F6E','on'),
	(123,'Granite','837E7C','on'),
	(124,'Battleship Gray','848482','on'),
	(125,'Gray Cloud','B6B6B4','on'),
	(126,'Gray Goose','D1D0CE','on'),
	(127,'Platinum','E5E4E2','on'),
	(128,'Metallic Silver','BCC6CC','on'),
	(129,'Blue Gray','98AFC7','on'),
	(130,'Light Slate Gray','6D7B8D','on'),
	(131,'Slate Gray','657383','on'),
	(132,'Jet Gray','616D7E','on'),
	(133,'Mist Blue','646D7E','on'),
	(134,'Marble Blue','566D7E','on'),
	(135,'Slate Blue','737CA1','on'),
	(136,'Steel Blue','4863A0','on'),
	(137,'Blue Jay','2B547E','on'),
	(138,'Dark Slate Blue','2B3856','on'),
	(139,'Midnight Blue','151B54','on'),
	(140,'Navy Blue','000080','on'),
	(141,'Blue Whale','342D7E','on'),
	(142,'Lapis Blue','15317E','on'),
	(143,'Cornflower Blue','151B8D','on'),
	(144,'Earth Blue','0000A0','on'),
	(145,'Cobalt Blue','0020C2','on'),
	(146,'Blueberry Blue','0041C2','on'),
	(147,'Sapphire Blue','2554C7','on'),
	(148,'Blue Eyes','1569C7','on'),
	(149,'Royal Blue','2B60DE','on'),
	(150,'Blue Orchid','1F45FC','on'),
	(151,'Blue Lotus','6960EC','on'),
	(152,'Light Slate Blue','736AFF','on'),
	(153,'Slate Blue','357EC7','on'),
	(154,'Glacial Blue Ice','368BC1','on'),
	(155,'Silk Blue','488AC7','on'),
	(156,'Blue Ivy','3090C7','on'),
	(157,'Blue Koi','659EC7','on'),
	(158,'Columbia Blue','87AFC7','on'),
	(159,'Baby Blue','95B9C7','on'),
	(160,'Light Steel Blue','728FCE','on'),
	(161,'Ocean Blue','2B65EC','on'),
	(162,'Blue Ribbon','306EFF','on'),
	(163,'Blue Dress','157DEC','on'),
	(164,'Dodger Blue','1589FF','on'),
	(165,'Cornflower Blue','6495ED','on'),
	(166,'Sky Blue','6698FF','on'),
	(167,'Butterfly Blue','38ACEC','on'),
	(168,'Iceberg','56A5EC','on'),
	(169,'Crystal Blue','5CB3FF','on'),
	(170,'Deep Sky Blue','3BB9FF','on'),
	(171,'Denim Blue','79BAEC','on'),
	(172,'Light Sky Blue','82CAFA','on'),
	(173,'Day Sky Blue','82CAFF','on'),
	(174,'Jeans Blue','A0CFEC','on'),
	(175,'Blue Angel','B7CEEC','on'),
	(176,'Pastel Blue','B4CFEC','on'),
	(177,'Sea Blue','C2DFFF','on'),
	(178,'Powder Blue','C6DEFF','on'),
	(179,'Coral Blue','AFDCEC','on'),
	(180,'Light Blue','ADDFFF','on'),
	(181,'Robin Egg Blue','BDEDFF','on'),
	(182,'Pale Blue Lily','CFECEC','on'),
	(183,'Light Cyan','E0FFFF','on'),
	(184,'Water','EBF4FA','on'),
	(185,'Alice Blue','F0F8FF','on'),
	(186,'Azure','F0FFFF','on'),
	(187,'Light Slate','CCFFFF','on'),
	(188,'Light Aquamarine','93FFE8','on'),
	(189,'Electric Blue','9AFEFF','on'),
	(190,'Aquamarine','7FFFD4','on'),
	(191,'Cyan or Aqua','00FFFF','on'),
	(192,'Tron Blue','7DFDFE','on'),
	(193,'Blue Zircon','57FEFF','on'),
	(194,'Blue Lagoon','8EEBEC','on'),
	(195,'Celeste','50EBEC','on'),
	(196,'Blue Diamond','4EE2EC','on'),
	(197,'Tiffany Blue','81D8D0','on'),
	(198,'Cyan Opaque','92C7C7','on'),
	(199,'Blue Hosta','77BFC7','on'),
	(200,'Northern Lights Blue','78C7C7','on'),
	(201,'Medium Turquoise','48CCCD','on'),
	(202,'Turquoise','43C6DB','on'),
	(203,'Jellyfish','46C7C7','on'),
	(204,'Macaw Blue Green','43BFC7','on'),
	(205,'Light Sea Green','3EA99F','on'),
	(206,'Dark Turquoise','3B9C9C','on'),
	(207,'Sea Turtle Green','438D80','on'),
	(208,'Medium Aquamarine','348781','on'),
	(209,'Greenish Blue','307D7E','on'),
	(210,'Grayish Turquoise','5E7D7E','on'),
	(211,'Beetle Green','4C787E','on'),
	(212,'Teal','008080','on'),
	(213,'Sea Green','4E8975','on'),
	(214,'Camouflage Green','78866B','on'),
	(215,'Sage Green','848b79','on'),
	(216,'Hazel Green','617C58','on'),
	(217,'Venom Green','728C00','on'),
	(218,'Fern Green','667C26','on'),
	(219,'Dark Forrest Green','254117','on'),
	(220,'Medium Sea Green','306754','on'),
	(221,'Medium Forest Green','347235','on'),
	(222,'Seaweed Green','437C17','on'),
	(223,'Pine Green','387C44','on'),
	(224,'Jungle Green','347C2C','on'),
	(225,'Shamrock Green','347C17','on'),
	(226,'Medium Spring Green','348017','on'),
	(227,'Forest Green','4E9258','on'),
	(228,'Green Onion','6AA121','on'),
	(229,'Spring Green','4AA02C','on'),
	(230,'Lime Green','41A317','on'),
	(231,'Clover Green','3EA055','on'),
	(232,'Green Snake','6CBB3C','on'),
	(233,'Alien Green','6CC417','on'),
	(234,'Green Apple','4CC417','on'),
	(235,'Yellow Green','52D017','on'),
	(236,'Kelly Green','4CC552','on'),
	(237,'Zombie Green','54C571','on'),
	(238,'Frog Green','99C68E','on'),
	(239,'Green Peas','89C35C','on'),
	(240,'Dollar Bill Green','85BB65','on'),
	(241,'Dark Sea Green','8BB381','on'),
	(242,'Iguana Green','9CB071','on'),
	(243,'Avocado Green','B2C248','on'),
	(244,'Pistachio Green','9DC209','on'),
	(245,'Salad Green','A1C935','on'),
	(246,'Hummingbird Green','7FE817','on'),
	(247,'Nebula Green','59E817','on'),
	(248,'Stoplight Go Green','57E964','on'),
	(249,'Algae Green','64E986','on'),
	(250,'Jade Green','5EFB6E','on'),
	(251,'Emerald Green','5FFB17','on'),
	(252,'Lawn Green','87F717','on'),
	(253,'Chartreuse','8AFB17','on'),
	(254,'Dragon Green','6AFB92','on'),
	(255,'Mint green','98FF98','on'),
	(256,'Green Thumb','B5EAAA','on'),
	(257,'Light Jade','C3FDB8','on'),
	(258,'Tea Green','CCFB5D','on'),
	(259,'Green Yellow','B1FB17','on'),
	(260,'Slime Green','BCE954','on'),
	(261,'Goldenrod','EDDA74','on'),
	(262,'Harvest Gold','EDE275','on'),
	(263,'Sun Yellow','FFE87C','on'),
	(264,'Yellow','FFFF00','on'),
	(265,'Corn Yellow','FFF380','on'),
	(266,'Parchment','FFFFC2','on'),
	(267,'Cream','FFFFCC','on'),
	(268,'Lemon Chiffon','FFF8C6','on'),
	(269,'Cornsilk','FFF8DC','on'),
	(270,'Beige','F5F5DC','on'),
	(271,'Blonde','FBF6D9','on'),
	(272,'Antique White','FAEBD7','on'),
	(273,'Champagne','F7E7CE','on'),
	(274,'Blanched Almond','FFEBCD','on'),
	(275,'Vanilla','F3E5AB','on'),
	(276,'Tan Brown','ECE5B6','on'),
	(277,'Peach','FFE5B4','on'),
	(278,'Mustard','FFDB58','on'),
	(279,'Rubber Ducky Yellow','FFD801','on'),
	(280,'Bright Gold','FDD017','on'),
	(281,'Golden Brown','EAC117','on'),
	(282,'Macaroni and Cheese','F2BB66','on'),
	(283,'Saffron','FBB917','on'),
	(284,'Beer','FBB117','on'),
	(285,'Cantaloupe','FFA62F','on'),
	(286,'Bee Yellow','E9AB17','on'),
	(287,'Brown Sugar','E2A76F','on'),
	(288,'BurlyWood','DEB887','on'),
	(289,'Deep Peach','FFCBA4','on'),
	(290,'Ginger Brown','C9BE62','on'),
	(291,'School Bus Yellow','E8A317','on'),
	(292,'Sandy Brown','EE9A4D','on'),
	(293,'Fall Leaf Brown','C8B560','on'),
	(294,'Orange Gold','D4A017','on'),
	(295,'Sand','C2B280','on'),
	(296,'Cookie Brown','C7A317','on'),
	(297,'Caramel','C68E17','on'),
	(298,'Brass','B5A642','on'),
	(299,'Khaki','ADA96E','on'),
	(300,'Camel Brown','C19A6B','on'),
	(301,'Bronze','CD7F32','on'),
	(302,'Tiger Orange','C88141','on'),
	(303,'Cinnamon','C58917','on'),
	(304,'Bullet Shell','AF9B60','on'),
	(305,'Dark Goldenrod','AF7817','on'),
	(306,'Copper','B87333','on'),
	(307,'Wood','966F33','on'),
	(308,'Oak Brown','806517','on'),
	(309,'Moccasin','827839','on'),
	(310,'Army Brown','827B60','on'),
	(311,'Sandstone','786D5F','on'),
	(312,'Mocha','493D26','on'),
	(313,'Taupe','483C32','on'),
	(314,'Coffee','6F4E37','on'),
	(315,'Brown Bear','835C3B','on'),
	(316,'Red Dirt','7F5217','on'),
	(317,'Sepia','7F462C','on'),
	(318,'Orange Salmon','C47451','on'),
	(319,'Rust','C36241','on'),
	(320,'Red Fox','C35817','on'),
	(321,'Chocolate','C85A17','on'),
	(322,'Sedona','CC6600','on'),
	(323,'Papaya Orange','E56717','on'),
	(324,'Halloween Orange','E66C2C','on'),
	(325,'Pumpkin Orange','F87217','on'),
	(326,'Construction Cone Orange','F87431','on'),
	(327,'Sunrise Orange','E67451','on'),
	(328,'Mango Orange','FF8040','on'),
	(329,'Dark Orange','F88017','on'),
	(330,'Coral','FF7F50','on'),
	(331,'Basket Ball Orange','F88158','on'),
	(332,'Light Salmon','F9966B','on'),
	(333,'Tangerine','E78A61','on'),
	(334,'Dark Salmon','E18B6B','on'),
	(335,'Light Coral','E77471','on'),
	(336,'Bean Red','F75D59','on'),
	(337,'Valentine Red','E55451','on'),
	(338,'Shocking Orange','E55B3C','on'),
	(339,'Scarlet','FF2400','on'),
	(340,'Ruby Red','F62217','on'),
	(341,'Ferrari Red','F70D1A','on'),
	(342,'Fire Engine Red','F62817','on'),
	(343,'Lava Red','E42217','on'),
	(344,'Love Red','E41B17','on'),
	(345,'Grapefruit','DC381F','on'),
	(346,'Chestnut Red','C34A2C','on'),
	(347,'Cherry Red','C24641','on'),
	(348,'Mahogany','C04000','on'),
	(349,'Chilli Pepper','C11B17','on'),
	(350,'Cranberry','9F000F','on'),
	(351,'Red Wine','990012','on'),
	(352,'Burgundy','8C001A','on'),
	(353,'Chestnut','954535','on'),
	(354,'Blood Red','7E3517','on'),
	(355,'Sienna','8A4117','on'),
	(356,'Sangria','7E3817','on'),
	(357,'Firebrick','800517','on'),
	(358,'Maroon','810541','on'),
	(359,'Plum Pie','7D0541','on'),
	(360,'Velvet Maroon','7E354D','on'),
	(361,'Plum Velvet','7D0552','on'),
	(362,'Rosy Finch','7F4E52','on'),
	(363,'Puce','7F5A58','on'),
	(364,'Dull Purple','7F525D','on'),
	(365,'Rosy Brown','B38481','on'),
	(366,'Khaki Rose','C5908E','on'),
	(367,'Pink Bow','C48189','on'),
	(368,'Lipstick Pink','C48793','on'),
	(369,'Rose','E8ADAA','on'),
	(370,'Desert Sand','EDC9AF','on'),
	(371,'Pig Pink','FDD7E4','on'),
	(372,'Cotton Candy','FCDFFF','on'),
	(373,'Pink Bubblegum','FFDFDD','on'),
	(374,'Misty Rose','FBBBB9','on'),
	(375,'Pink','FAAFBE','on'),
	(376,'Light Pink','FAAFBA','on'),
	(377,'Flamingo Pink','F9A7B0','on'),
	(378,'Pink Rose','E7A1B0','on'),
	(379,'Pink Daisy','E799A3','on'),
	(380,'Cadillac Pink','E38AAE','on'),
	(381,'Carnation Pink','F778A1','on'),
	(382,'Blush Red','E56E94','on'),
	(383,'Hot Pink','F660AB','on'),
	(384,'Watermelon Pink','FC6C85','on'),
	(385,'Violet Red','F6358A','on'),
	(386,'Deep Pink','F52887','on'),
	(387,'Pink Cupcake','E45E9D','on'),
	(388,'Pink Lemonade','E4287C','on'),
	(389,'Neon Pink','F535AA','on'),
	(390,'Dimorphotheca Magenta','E3319D','on'),
	(391,'Bright Neon Pink','F433FF','on'),
	(392,'Pale Violet Red','D16587','on'),
	(393,'Tulip Pink','C25A7C','on'),
	(394,'Medium Violet Red','CA226B','on'),
	(395,'Rogue Pink','C12869','on'),
	(396,'Burnt Pink','C12267','on'),
	(397,'Bashful Pink','C25283','on'),
	(398,'Carnation Pink','C12283','on'),
	(399,'Plum','B93B8F','on'),
	(400,'Viola Purple','7E587E','on'),
	(401,'Purple Iris','571B7E','on'),
	(402,'Plum Purple','583759','on'),
	(403,'Indigo','4B0082','on'),
	(404,'Purple Monster','461B7E','on'),
	(405,'Purple Haze','4E387E','on'),
	(406,'Eggplant','614051','on'),
	(407,'Grape','5E5A80','on'),
	(408,'Purple Jam','6A287E','on'),
	(409,'Dark Orchid','7D1B7E','on'),
	(410,'Purple Flower','A74AC7','on'),
	(411,'Medium Orchid','B048B5','on'),
	(412,'Purple Amethyst','6C2DC7','on'),
	(413,'Dark Violet','842DCE','on'),
	(414,'Violet','8D38C9','on'),
	(415,'Purple Sage Bush','7A5DC7','on'),
	(416,'Lovely Purple','7F38EC','on'),
	(417,'Purple','8E35EF','on'),
	(418,'Aztech Purple','893BFF','on'),
	(419,'Medium Purple','8467D7','on'),
	(420,'Jasmine Purple','A23BEC','on'),
	(421,'Purple Daffodil','B041FF','on'),
	(422,'Tyrian Purple','C45AEC','on'),
	(423,'Crocus Purple','9172EC','on'),
	(424,'Purple Mimosa','9E7BFF','on'),
	(425,'Heliotrope Purple','D462FF','on'),
	(426,'Crimson','E238EC','on'),
	(427,'Purple Dragon','C38EC7','on'),
	(428,'Lilac','C8A2C8','on'),
	(429,'Blush Pink','E6A9EC','on'),
	(430,'Mauve','E0B0FF','on'),
	(431,'Wisteria Purple','C6AEC7','on'),
	(432,'Blossom Pink','F9B7FF','on'),
	(433,'Thistle','D2B9D3','on'),
	(434,'Periwinkle','E9CFEC','on'),
	(435,'Lavender Pinocchio','EBDDE2','on'),
	(436,'Lavender Blue','E3E4FA','on'),
	(437,'Pearl','FDEEF4','on'),
	(438,'SeaShell','FFF5EE','on'),
	(439,'Milk White','FEFCFF','on'),
	(440,'','333333',''),
	(441,'','555555',''),
	(442,'','888888',''),
	(443,'','AAAAAA',''),
	(444,'','CCCCCC',''),
	(445,'','f54f29',''),
	(446,'','a7a37e',''),
	(447,'','8e2800',''),
	(448,'','F39034',''),
	(449,'','23B0BA',''),
	(450,'','EDAA41',''),
	(451,'','D9C7A3',''),
	(452,'','793A57',''),
	(453,'','FFBF00',''),
	(454,'','D1C5A5','');

/*!40000 ALTER TABLE `colors` ENABLE KEYS */;
UNLOCK TABLES;


# Dump of table data_debug
# ------------------------------------------------------------

DROP TABLE IF EXISTS `data_debug`;

CREATE TABLE `data_debug` (
  `id` int(11) unsigned NOT NULL AUTO_INCREMENT,
  `started` int(11) NOT NULL DEFAULT 0,
  `done` int(11) NOT NULL DEFAULT 0,
  `user` int(11) NOT NULL DEFAULT 0,
  `datasource` int(11) NOT NULL DEFAULT 0,
  `info` text COLLATE utf8mb4_unicode_ci NOT NULL DEFAULT '',
  `issue` text COLLATE utf8mb4_unicode_ci DEFAULT '',
  PRIMARY KEY (`id`),
  KEY `user` (`user`),
  KEY `done` (`done`),
  KEY `datasource` (`datasource`),
  KEY `started` (`started`)
) ENGINE=InnoDB DEFAULT CHARSET=utf8mb4 COLLATE=utf8mb4_unicode_ci ROW_FORMAT=DYNAMIC COMMENT='Datasource Debugger Information';



# Dump of table data_input
# ------------------------------------------------------------

DROP TABLE IF EXISTS `data_input`;

CREATE TABLE `data_input` (
  `id` mediumint(8) unsigned NOT NULL AUTO_INCREMENT,
  `hash` varchar(32) COLLATE utf8mb4_unicode_ci NOT NULL DEFAULT '',
  `name` varchar(200) COLLATE utf8mb4_unicode_ci NOT NULL DEFAULT '',
  `input_string` varchar(512) COLLATE utf8mb4_unicode_ci DEFAULT NULL,
  `type_id` tinyint(2) NOT NULL DEFAULT 0,
  PRIMARY KEY (`id`),
  KEY `name_type_id` (`name`(171),`type_id`)
) ENGINE=InnoDB DEFAULT CHARSET=utf8mb4 COLLATE=utf8mb4_unicode_ci ROW_FORMAT=DYNAMIC;

LOCK TABLES `data_input` WRITE;
/*!40000 ALTER TABLE `data_input` DISABLE KEYS */;

INSERT INTO `data_input` (`id`, `hash`, `name`, `input_string`, `type_id`)
VALUES
	(1,'3eb92bb845b9660a7445cf9740726522','Get SNMP Data','',2),
	(2,'bf566c869ac6443b0c75d1c32b5a350e','Get SNMP Data (Indexed)','',3),
	(3,'274f4685461170b9eb1b98d22567ab5e','Unix - Get Free Disk Space','<path_cacti>/scripts/diskfree.sh <partition>',1),
	(4,'95ed0993eb3095f9920d431ac80f4231','Unix - Get Load Average','perl <path_cacti>/scripts/loadavg_multi.pl',1),
	(5,'79a284e136bb6b061c6f96ec219ac448','Unix - Get Logged In Users','perl <path_cacti>/scripts/unix_users.pl <username>',1),
	(6,'362e6d4768937c4f899dd21b91ef0ff8','Linux - Get Memory Usage','perl <path_cacti>/scripts/linux_memory.pl <grepstr>',1),
	(7,'a637359e0a4287ba43048a5fdf202066','Unix - Get System Processes','perl <path_cacti>/scripts/unix_processes.pl',1),
	(8,'47d6bfe8be57a45171afd678920bd399','Unix - Get TCP Connections','perl <path_cacti>/scripts/unix_tcp_connections.pl <grepstr>',1),
	(9,'cc948e4de13f32b6aea45abaadd287a3','Unix - Get Web Hits','perl <path_cacti>/scripts/webhits.pl <log_path>',1),
	(10,'8bd153aeb06e3ff89efc73f35849a7a0','Unix - Ping Host','perl <path_cacti>/scripts/ping.pl <ip>',1),
	(11,'80e9e4c4191a5da189ae26d0e237f015','Get Script Data (Indexed)','',4),
	(12,'332111d8b54ac8ce939af87a7eac0c06','Get Script Server Data (Indexed)','',6),
	(13,'4b7c41aef3c9c7b7cd457c373cfac84d','Cacti Stats - Main Poller','<path_cacti>/scripts/ss_poller.php ss_poller',5),
	(14,'0ae31b2bdee03a22e676c6412b494fde','Cacti Stats - Boost','<path_cacti>/scripts/ss_poller.php ss_boost',5),
	(15,'6a40673bc2ac25fa3fd5c94e4c793910','Cacti Stats - Items','<path_cacti>/scripts/ss_poller.php ss_poller_items',5),
	(16,'c57ecb685171224fc376a0cbf10d08ff','Cacti Stats - Recache (Legacy)','<path_cacti>/scripts/ss_poller.php ss_recache',5),
	(17,'fd8efbd6a865853728f90cf6933764df','Cacti Stats - Boost Memory','<path_cacti>/scripts/ss_poller.php ss_boost_mem',5),
	(18,'9c1806942353034cf391635c6620eee7','Cacti Stats - Users','<path_php_binary> -q <path_cacti>/scripts/cacti_user_stats.php',1),
	(19,'eeebe9434c3d5241a022f0a4806913aa','Cacti Stats - Export Graphs (Legacy)','<path_cacti>/scripts/ss_poller.php ss_export',5),
	(20,'35b5b9184425856bfea58a564bde6a40','Cacti Stats - Export Duration (Legacy)','<path_cacti>/scripts/ss_poller.php ss_export',5),
	(21,'1040a9488d2e501c92775988a7764c97','Cacti Stats - Syslog Statistics','<path_cacti>/scripts/ss_poller.php ss_syslog_stats',5),
	(22,'677d42661935700e4c1f0490cb7f9860','Cacti Stats - Syslog Runtime','<path_cacti>/scripts/ss_poller.php ss_syslog_time',5),
	(23,'24b7d45245646cf7a55740f401f08035','Cacti Stats - Thold Runtime','<path_cacti>/scripts/ss_poller.php ss_thold_time',5),
	(24,'ba87a70974427cc0a303e9b34480397b','Cacti Stats - Boost Average Row Size','<path_cacti>/scripts/ss_poller.php ss_boost_avg_size',5),
	(25,'21db60a71526a131ca6556bedfacdfbf','Cacti Stats - Boost Records','<path_cacti>/scripts/ss_poller.php ss_boost_records',5),
	(26,'d9d758fdb1aad500fdd66b5b8a0aa636','Cacti Stats - Boost Table Size','<path_cacti>/scripts/ss_poller.php ss_boost_table',5),
	(27,'57bf4b03ad6d127f048fdc2309cbbd87','Cacti Stats - Boost Timing Detail','<path_cacti>/scripts/ss_poller.php ss_boost_timing',5),
	(28,'e4a60e4b8da9689294450dd161580dbd','Device - Polling Time','<path_cacti>/scripts/ss_hstats.php ss_hstats <host_id> polling_time',5),
	(29,'bb8130b897891fbcb8d77fb74cbc1d67','Device - Uptime','<path_cacti>/scripts/ss_hstats.php ss_hstats <host_id> uptime',5),
	(30,'4427395a6ecd5bc2af34a3488ee0221b','PING - Advanced Ping','<path_cacti>/scripts/ss_fping.php ss_fping <hostname> <attempts> <protocol> <port>',5),
	(31,'f2fe4113ce46c21e65ab14e7e75b40da','multicpu_avg','<path_cacti>/scripts/ss_multicpu_avg.php ss_multicpu_avg <hostname> <snmp_community> <snmp_auth_username> <snmp_auth_password> <snmp_auth_protocol> <snmp_priv_passphrase> <snmp_priv_protocol> <snmp_context> <snmp_version> <snmp_port> <snmp_timeout>',5);

/*!40000 ALTER TABLE `data_input` ENABLE KEYS */;
UNLOCK TABLES;


# Dump of table data_input_data
# ------------------------------------------------------------

DROP TABLE IF EXISTS `data_input_data`;

CREATE TABLE `data_input_data` (
  `data_input_field_id` mediumint(8) unsigned NOT NULL DEFAULT 0,
  `data_template_data_id` int(10) unsigned NOT NULL DEFAULT 0,
  `t_value` char(2) COLLATE utf8mb4_unicode_ci DEFAULT NULL,
  `value` text COLLATE utf8mb4_unicode_ci DEFAULT NULL,
  PRIMARY KEY (`data_input_field_id`,`data_template_data_id`),
  KEY `data_template_data_id` (`data_template_data_id`),
  KEY `t_value` (`t_value`)
) ENGINE=InnoDB DEFAULT CHARSET=utf8mb4 COLLATE=utf8mb4_unicode_ci ROW_FORMAT=DYNAMIC;

LOCK TABLES `data_input_data` WRITE;
/*!40000 ALTER TABLE `data_input_data` DISABLE KEYS */;

INSERT INTO `data_input_data` (`data_input_field_id`, `data_template_data_id`, `t_value`, `value`)
VALUES
	(1,4,'',''),
	(1,5,'',''),
	(1,6,'',''),
	(1,19,'',''),
	(1,20,'',''),
	(1,22,'',''),
	(1,23,'',''),
	(1,24,'',''),
	(1,25,'',''),
	(1,26,'',''),
	(1,27,'',''),
	(1,30,'',''),
	(1,31,'',''),
	(1,32,'',''),
	(1,33,'',''),
	(1,34,'',''),
	(1,35,'',''),
	(1,36,'',''),
	(1,37,'',''),
	(1,38,'',''),
	(1,39,'',''),
	(1,40,'',''),
	(1,41,'',''),
	(1,42,'',''),
	(1,43,'',''),
	(1,44,'',''),
	(1,45,'',''),
	(1,46,'',''),
	(1,47,'',''),
	(1,48,'',''),
	(1,49,'',''),
	(1,50,'',''),
	(1,51,'',''),
	(1,52,'',''),
	(1,53,'',''),
	(1,54,'',''),
	(1,55,'',''),
	(1,56,'',''),
	(1,57,'',''),
	(1,58,'',''),
	(1,59,'',''),
	(1,60,'',''),
	(1,61,'',''),
	(1,62,'',''),
	(1,63,'',''),
	(1,64,'',''),
	(1,65,'',''),
	(1,66,'',''),
	(1,67,'',''),
	(1,68,'',''),
	(1,69,'',''),
	(1,70,'',''),
	(1,71,'',''),
	(1,72,'',''),
	(1,73,'',''),
	(1,74,'',''),
	(1,75,'',''),
	(1,76,'',''),
	(1,77,'',''),
	(1,78,'',''),
	(1,79,'',''),
	(1,80,'',''),
	(1,81,'',''),
	(1,82,'',''),
	(1,83,'',''),
	(1,84,'',''),
	(1,85,'',''),
	(1,86,'',''),
	(1,87,'',''),
	(1,88,'',''),
	(1,89,'',''),
	(1,90,'',''),
	(1,91,'',''),
	(1,92,'',''),
	(1,93,'',''),
	(1,94,'',''),
	(1,95,'',''),
	(1,96,'',''),
	(1,97,'',''),
	(1,98,'',''),
	(1,99,'',''),
	(1,100,'',''),
	(1,101,'',''),
	(1,102,'',''),
	(1,103,'',''),
	(1,104,'',''),
	(1,105,'',''),
	(1,106,'',''),
	(1,107,'',''),
	(1,108,'',''),
	(1,109,'',''),
	(1,110,'',''),
	(1,111,'',''),
	(1,112,'',''),
	(1,113,'',''),
	(1,114,'',''),
	(1,115,'',''),
	(1,116,'',''),
	(1,117,'',''),
	(1,118,'',''),
	(1,119,'',''),
	(1,120,'',''),
	(1,121,'',''),
	(1,122,'',''),
	(1,123,'',''),
	(1,124,'',''),
	(1,125,'',''),
	(1,126,'',''),
	(1,127,'',''),
	(1,128,'',''),
	(1,129,'',''),
	(1,130,'',''),
	(1,131,'',''),
	(1,132,'',''),
	(1,133,'',''),
	(1,134,'',''),
	(1,135,'',''),
	(1,136,'',''),
	(1,137,'',''),
	(1,138,'',''),
	(1,139,'',''),
	(1,140,'',''),
	(1,141,'',''),
	(1,142,'',''),
	(1,143,'',''),
	(1,144,'',''),
	(1,145,'',''),
	(1,146,'',''),
	(1,147,'',''),
	(1,148,'',''),
	(1,149,'',''),
	(1,170,'',''),
	(1,171,'',''),
	(1,181,'',''),
	(1,182,'',''),
	(1,184,'',''),
	(1,185,'',''),
	(1,186,'',''),
	(1,187,'',''),
	(1,188,'',''),
	(1,189,'',''),
	(1,192,'',''),
	(1,193,'',''),
	(2,4,'',''),
	(2,5,'',''),
	(2,6,'',''),
	(2,19,'',''),
	(2,20,'',''),
	(2,22,'',''),
	(2,23,'',''),
	(2,24,'',''),
	(2,25,'',''),
	(2,26,'',''),
	(2,27,'',''),
	(2,30,'',''),
	(2,31,'',''),
	(2,32,'',''),
	(2,33,'',''),
	(2,34,'',''),
	(2,35,'',''),
	(2,36,'',''),
	(2,37,'',''),
	(2,38,'',''),
	(2,39,'',''),
	(2,40,'',''),
	(2,41,'',''),
	(2,42,'',''),
	(2,43,'',''),
	(2,44,'',''),
	(2,45,'',''),
	(2,46,'',''),
	(2,47,'',''),
	(2,48,'',''),
	(2,49,'',''),
	(2,50,'',''),
	(2,51,'',''),
	(2,52,'',''),
	(2,53,'',''),
	(2,54,'',''),
	(2,55,'',''),
	(2,56,'',''),
	(2,57,'',''),
	(2,58,'',''),
	(2,59,'',''),
	(2,60,'',''),
	(2,61,'',''),
	(2,62,'',''),
	(2,63,'',''),
	(2,64,'',''),
	(2,65,'',''),
	(2,66,'',''),
	(2,67,'',''),
	(2,68,'',''),
	(2,69,'',''),
	(2,70,'',''),
	(2,71,'',''),
	(2,72,'',''),
	(2,73,'',''),
	(2,74,'',''),
	(2,75,'',''),
	(2,76,'',''),
	(2,77,'',''),
	(2,78,'',''),
	(2,79,'',''),
	(2,80,'',''),
	(2,81,'',''),
	(2,82,'',''),
	(2,83,'',''),
	(2,84,'',''),
	(2,85,'',''),
	(2,86,'',''),
	(2,87,'',''),
	(2,88,'',''),
	(2,89,'',''),
	(2,90,'',''),
	(2,91,'',''),
	(2,92,'',''),
	(2,93,'',''),
	(2,94,'',''),
	(2,95,'',''),
	(2,96,'',''),
	(2,97,'',''),
	(2,98,'',''),
	(2,99,'',''),
	(2,100,'',''),
	(2,101,'',''),
	(2,102,'',''),
	(2,103,'',''),
	(2,104,'',''),
	(2,105,'',''),
	(2,106,'',''),
	(2,107,'',''),
	(2,108,'',''),
	(2,109,'',''),
	(2,110,'',''),
	(2,111,'',''),
	(2,112,'',''),
	(2,113,'',''),
	(2,114,'',''),
	(2,115,'',''),
	(2,116,'',''),
	(2,117,'',''),
	(2,118,'',''),
	(2,119,'',''),
	(2,120,'',''),
	(2,121,'',''),
	(2,122,'',''),
	(2,123,'',''),
	(2,124,'',''),
	(2,125,'',''),
	(2,126,'',''),
	(2,127,'',''),
	(2,128,'',''),
	(2,129,'',''),
	(2,130,'',''),
	(2,131,'',''),
	(2,132,'',''),
	(2,133,'',''),
	(2,134,'',''),
	(2,135,'',''),
	(2,136,'',''),
	(2,137,'',''),
	(2,138,'',''),
	(2,139,'',''),
	(2,140,'',''),
	(2,141,'',''),
	(2,142,'',''),
	(2,143,'',''),
	(2,144,'',''),
	(2,145,'',''),
	(2,146,'',''),
	(2,147,'',''),
	(2,148,'',''),
	(2,149,'',''),
	(2,170,'',''),
	(2,171,'',''),
	(2,181,'',''),
	(2,182,'',''),
	(2,184,'',''),
	(2,185,'',''),
	(2,186,'',''),
	(2,187,'',''),
	(2,188,'',''),
	(2,189,'',''),
	(2,192,'',''),
	(2,193,'',''),
	(3,4,'',''),
	(3,5,'',''),
	(3,6,'',''),
	(3,19,'',''),
	(3,20,'',''),
	(3,22,'',''),
	(3,23,'',''),
	(3,24,'',''),
	(3,25,'',''),
	(3,26,'',''),
	(3,27,'',''),
	(3,30,'',''),
	(3,31,'',''),
	(3,33,'',''),
	(3,34,'',''),
	(3,35,'',''),
	(3,36,'',''),
	(3,37,'',''),
	(3,38,'',''),
	(3,39,'',''),
	(3,40,'',''),
	(3,41,'',''),
	(3,42,'',''),
	(3,43,'',''),
	(3,44,'',''),
	(3,45,'',''),
	(3,46,'',''),
	(3,47,'',''),
	(3,48,'',''),
	(3,49,'',''),
	(3,50,'',''),
	(3,51,'',''),
	(3,52,'',''),
	(3,53,'',''),
	(3,54,'',''),
	(3,55,'',''),
	(3,56,'',''),
	(3,57,'',''),
	(3,58,'',''),
	(3,59,'',''),
	(3,60,'',''),
	(3,61,'',''),
	(3,62,'',''),
	(3,63,'',''),
	(3,64,'',''),
	(3,65,'',''),
	(3,66,'',''),
	(3,67,'',''),
	(3,68,'',''),
	(3,69,'',''),
	(3,70,'',''),
	(3,71,'',''),
	(3,72,'',''),
	(3,73,'',''),
	(3,74,'',''),
	(3,75,'',''),
	(3,76,'',''),
	(3,77,'',''),
	(3,78,'',''),
	(3,79,'',''),
	(3,80,'',''),
	(3,81,'',''),
	(3,82,'',''),
	(3,83,'',''),
	(3,84,'',''),
	(3,85,'',''),
	(3,86,'',''),
	(3,87,'',''),
	(3,88,'',''),
	(3,89,'',''),
	(3,90,'',''),
	(3,91,'',''),
	(3,92,'',''),
	(3,93,'',''),
	(3,94,'',''),
	(3,95,'',''),
	(3,96,'',''),
	(3,97,'',''),
	(3,98,'',''),
	(3,99,'',''),
	(3,100,'',''),
	(3,101,'',''),
	(3,102,'',''),
	(3,103,'',''),
	(3,104,'',''),
	(3,105,'',''),
	(3,106,'',''),
	(3,107,'',''),
	(3,108,'',''),
	(3,109,'',''),
	(3,110,'',''),
	(3,111,'',''),
	(3,112,'',''),
	(3,113,'',''),
	(3,114,'',''),
	(3,115,'',''),
	(3,116,'',''),
	(3,117,'',''),
	(3,118,'',''),
	(3,119,'',''),
	(3,120,'',''),
	(3,121,'',''),
	(3,122,'',''),
	(3,123,'',''),
	(3,124,'',''),
	(3,125,'',''),
	(3,126,'',''),
	(3,127,'',''),
	(3,128,'',''),
	(3,129,'',''),
	(3,130,'',''),
	(3,131,'',''),
	(3,132,'',''),
	(3,133,'',''),
	(3,134,'',''),
	(3,135,'',''),
	(3,136,'',''),
	(3,137,'',''),
	(3,138,'',''),
	(3,139,'',''),
	(3,140,'',''),
	(3,141,'',''),
	(3,142,'',''),
	(3,143,'',''),
	(3,144,'',''),
	(3,145,'',''),
	(3,146,'',''),
	(3,147,'',''),
	(3,148,'',''),
	(3,149,'',''),
	(3,170,'',''),
	(3,171,'',''),
	(3,181,'',''),
	(3,182,'',''),
	(3,184,'',''),
	(3,185,'',''),
	(3,186,'',''),
	(3,187,'',''),
	(3,188,'',''),
	(3,189,'',''),
	(3,192,'',''),
	(4,27,'',''),
	(4,36,'',''),
	(4,37,'',''),
	(4,38,'',''),
	(4,39,'',''),
	(4,40,'',''),
	(4,41,'',''),
	(4,42,'',''),
	(4,43,'',''),
	(4,44,'',''),
	(4,45,'',''),
	(4,46,'',''),
	(4,47,'',''),
	(4,48,'',''),
	(4,49,'',''),
	(4,50,'',''),
	(4,51,'',''),
	(4,52,'',''),
	(4,53,'',''),
	(4,54,'',''),
	(4,55,'',''),
	(4,56,'',''),
	(4,57,'',''),
	(4,58,'',''),
	(4,59,'',''),
	(4,60,'',''),
	(4,61,'',''),
	(4,62,'',''),
	(4,63,'',''),
	(4,64,'',''),
	(4,65,'',''),
	(4,66,'',''),
	(4,67,'',''),
	(4,68,'',''),
	(4,69,'',''),
	(4,70,'',''),
	(4,71,'',''),
	(4,72,'',''),
	(4,73,'',''),
	(4,74,'',''),
	(4,75,'',''),
	(4,76,'',''),
	(4,77,'',''),
	(4,78,'',''),
	(4,79,'',''),
	(4,80,'',''),
	(4,81,'',''),
	(4,82,'',''),
	(4,83,'',''),
	(4,84,'',''),
	(4,85,'',''),
	(4,86,'',''),
	(4,87,'',''),
	(4,88,'',''),
	(4,89,'',''),
	(4,90,'',''),
	(4,91,'',''),
	(4,92,'',''),
	(4,93,'',''),
	(4,94,'',''),
	(4,95,'',''),
	(4,96,'',''),
	(4,97,'',''),
	(4,98,'',''),
	(4,99,'',''),
	(4,100,'',''),
	(4,101,'',''),
	(4,102,'',''),
	(4,103,'',''),
	(4,104,'',''),
	(4,105,'',''),
	(4,106,'',''),
	(4,107,'',''),
	(4,108,'',''),
	(4,109,'',''),
	(4,110,'',''),
	(4,111,'',''),
	(4,112,'',''),
	(4,113,'',''),
	(4,114,'',''),
	(4,115,'',''),
	(4,116,'',''),
	(4,117,'',''),
	(4,118,'',''),
	(4,119,'',''),
	(4,120,'',''),
	(4,121,'',''),
	(4,122,'',''),
	(4,123,'',''),
	(4,124,'',''),
	(4,125,'',''),
	(4,126,'',''),
	(4,127,'',''),
	(4,128,'',''),
	(4,129,'',''),
	(4,130,'',''),
	(4,131,'',''),
	(4,132,'',''),
	(4,133,'',''),
	(4,134,'',''),
	(4,135,'',''),
	(4,136,'',''),
	(4,137,'',''),
	(4,138,'',''),
	(4,139,'',''),
	(4,140,'',''),
	(4,141,'',''),
	(4,142,'',''),
	(4,143,'',''),
	(4,144,'',''),
	(4,145,'',''),
	(4,146,'',''),
	(4,147,'',''),
	(4,148,'',''),
	(4,149,'',''),
	(4,170,'',''),
	(4,171,'',''),
	(5,27,'',''),
	(5,36,'',''),
	(5,37,'',''),
	(5,38,'',''),
	(5,39,'',''),
	(5,40,'',''),
	(5,41,'',''),
	(5,42,'',''),
	(5,43,'',''),
	(5,44,'',''),
	(5,45,'',''),
	(5,46,'',''),
	(5,47,'',''),
	(5,48,'',''),
	(5,49,'',''),
	(5,50,'',''),
	(5,51,'',''),
	(5,52,'',''),
	(5,53,'',''),
	(5,54,'',''),
	(5,55,'',''),
	(5,56,'',''),
	(5,57,'',''),
	(5,58,'',''),
	(5,59,'',''),
	(5,60,'',''),
	(5,61,'',''),
	(5,62,'',''),
	(5,63,'',''),
	(5,64,'',''),
	(5,65,'',''),
	(5,66,'',''),
	(5,67,'',''),
	(5,68,'',''),
	(5,69,'',''),
	(5,70,'',''),
	(5,71,'',''),
	(5,72,'',''),
	(5,73,'',''),
	(5,74,'',''),
	(5,75,'',''),
	(5,76,'',''),
	(5,77,'',''),
	(5,78,'',''),
	(5,79,'',''),
	(5,80,'',''),
	(5,81,'',''),
	(5,82,'',''),
	(5,83,'',''),
	(5,84,'',''),
	(5,85,'',''),
	(5,86,'',''),
	(5,87,'',''),
	(5,88,'',''),
	(5,89,'',''),
	(5,90,'',''),
	(5,91,'',''),
	(5,92,'',''),
	(5,93,'',''),
	(5,94,'',''),
	(5,95,'',''),
	(5,96,'',''),
	(5,97,'',''),
	(5,98,'',''),
	(5,99,'',''),
	(5,100,'',''),
	(5,101,'',''),
	(5,102,'',''),
	(5,103,'',''),
	(5,104,'',''),
	(5,105,'',''),
	(5,106,'',''),
	(5,107,'',''),
	(5,108,'',''),
	(5,109,'',''),
	(5,110,'',''),
	(5,111,'',''),
	(5,112,'',''),
	(5,113,'',''),
	(5,114,'',''),
	(5,115,'',''),
	(5,116,'',''),
	(5,117,'',''),
	(5,118,'',''),
	(5,119,'',''),
	(5,120,'',''),
	(5,121,'',''),
	(5,122,'',''),
	(5,123,'',''),
	(5,124,'',''),
	(5,125,'',''),
	(5,126,'',''),
	(5,127,'',''),
	(5,128,'',''),
	(5,129,'',''),
	(5,130,'',''),
	(5,131,'',''),
	(5,132,'',''),
	(5,133,'',''),
	(5,134,'',''),
	(5,135,'',''),
	(5,136,'',''),
	(5,137,'',''),
	(5,138,'',''),
	(5,139,'',''),
	(5,140,'',''),
	(5,141,'',''),
	(5,142,'',''),
	(5,143,'',''),
	(5,144,'',''),
	(5,145,'',''),
	(5,146,'',''),
	(5,147,'',''),
	(5,148,'',''),
	(5,149,'',''),
	(5,170,'',''),
	(5,171,'',''),
	(6,27,'','.1.3.6.1.4.1.9.2.1.58.0'),
	(6,36,'','.1.3.6.1.4.1.3375.2.1.1.2.1.8.0'),
	(6,37,'','.1.3.6.1.4.1.3375.2.1.1.2.1.2.0'),
	(6,38,'','.1.3.6.1.4.1.3375.2.1.1.2.1.4.0'),
	(6,39,'','.1.3.6.1.4.1.3375.2.1.1.2.4.7.0'),
	(6,40,'','.1.3.6.1.4.1.3375.2.1.1.2.4.8.0'),
	(6,41,'','.1.3.6.1.4.1.3375.2.1.1.2.4.9.0'),
	(6,42,'','.1.3.6.1.4.1.3375.2.1.1.2.4.10.0'),
	(6,43,'','.1.3.6.1.4.1.3375.2.1.1.2.4.11.0'),
	(6,44,'','.1.3.6.1.4.1.3375.2.1.1.2.4.12.0'),
	(6,45,'','.1.3.6.1.4.1.3375.2.1.1.2.4.5.0'),
	(6,46,'','.1.3.6.1.4.1.3375.2.1.1.2.4.6.0'),
	(6,47,'','.1.3.6.1.4.1.3375.2.1.1.2.4.3.0'),
	(6,48,'','.1.3.6.1.4.1.3375.2.1.1.2.4.4.0'),
	(6,49,'','.1.3.6.1.4.1.3375.2.1.7.1.2.0'),
	(6,50,'','.1.3.6.1.4.1.3375.2.1.7.1.1.0'),
	(6,51,'','.1.3.6.1.4.1.3375.2.1.1.2.1.44.0'),
	(6,52,'','.1.3.6.1.4.1.3375.2.1.1.2.1.45.0'),
	(6,53,'','.1.3.6.1.4.1.3375.2.1.1.2.9.6.0'),
	(6,54,'','.1.3.6.1.4.1.3375.2.1.1.2.9.9.0'),
	(6,55,'','.1.3.6.1.4.1.3375.2.1.1.2.4.21.0'),
	(6,56,'','.1.3.6.1.4.1.3375.2.1.1.2.4.22.0'),
	(6,57,'','.1.3.6.1.4.1.3375.2.1.1.2.4.24.0'),
	(6,58,'','.1.3.6.1.4.1.3375.2.1.1.2.4.25.0'),
	(6,59,'','.1.3.6.1.4.1.3375.2.1.1.2.4.26.0'),
	(6,60,'','.1.3.6.1.4.1.3375.2.1.1.2.4.27.0'),
	(6,61,'','.1.3.6.1.4.1.3375.2.1.1.2.4.28.0'),
	(6,62,'','.1.3.6.1.4.1.3375.2.1.1.2.4.29.0'),
	(6,63,'','.1.3.6.1.4.1.3375.2.1.1.2.4.30.0'),
	(6,64,'','.1.3.6.1.4.1.3375.2.1.1.2.4.31.0'),
	(6,65,'','.1.3.6.1.4.1.3375.2.1.1.2.4.32.0'),
	(6,66,'','.1.3.6.1.4.1.3375.2.1.1.2.4.33.0'),
	(6,67,'','.1.3.6.1.4.1.3375.2.1.1.2.4.34.0'),
	(6,68,'','.1.3.6.1.4.1.3375.2.1.1.2.4.35.0'),
	(6,69,'','.1.3.6.1.4.1.3375.2.1.1.2.4.36.0'),
	(6,70,'','.1.3.6.1.4.1.3375.2.1.1.2.4.37.0'),
	(6,71,'','.1.3.6.1.4.1.3375.2.1.1.2.4.38.0'),
	(6,72,'','.1.3.6.1.4.1.3375.2.1.1.2.4.39.0'),
	(6,73,'','.1.3.6.1.4.1.3375.2.1.1.2.4.40.0'),
	(6,74,'','.1.3.6.1.4.1.3375.2.1.1.2.4.41.0'),
	(6,75,'','.1.3.6.1.4.1.3375.2.1.1.2.4.42.0'),
	(6,76,'','.1.3.6.1.4.1.3375.2.1.1.2.4.43.0'),
	(6,77,'','.1.3.6.1.4.1.3375.2.1.1.2.4.44.0'),
	(6,78,'','.1.3.6.1.4.1.3375.2.1.1.2.4.45.0'),
	(6,79,'','.1.3.6.1.4.1.3375.2.1.1.2.4.23.0'),
	(6,80,'','.1.3.6.1.4.1.3375.2.3.1.2.1.2.0'),
	(6,81,'','.1.3.6.1.4.1.3375.2.3.1.2.1.3.0'),
	(6,82,'','.1.3.6.1.4.1.3375.2.3.1.2.1.4.0'),
	(6,83,'','.1.3.6.1.4.1.3375.2.3.1.2.1.8.0'),
	(6,84,'','.1.3.6.1.4.1.3375.2.3.1.2.1.10.0'),
	(6,85,'','.1.3.6.1.4.1.3375.14.4.3.2.0'),
	(6,86,'','.1.3.6.1.4.1.3375.14.4.3.3.0'),
	(6,87,'','.1.3.6.1.4.1.3375.2.1.1.2.1.144.0'),
	(6,88,'','.1.3.6.1.4.1.3375.2.1.1.2.1.143.0'),
	(6,89,'','.1.3.6.1.4.1.3375.2.1.1.2.21.2.0'),
	(6,90,'','.1.3.6.1.4.1.3375.2.1.1.2.1.41.0'),
	(6,91,'','.1.3.6.1.4.1.3375.2.1.1.2.1.42.0'),
	(6,92,'','.1.3.6.1.4.1.3375.2.1.1.2.1.43.0'),
	(6,93,'','.1.3.6.1.4.1.3375.2.1.1.2.9.10.0'),
	(6,94,'','.1.3.6.1.4.1.3375.2.1.1.2.9.11.0'),
	(6,95,'','.1.3.6.1.4.1.3375.2.1.1.2.10.10.0'),
	(6,96,'','.1.3.6.1.4.1.3375.2.1.1.2.10.11.0'),
	(6,97,'','.1.3.6.1.4.1.3375.2.1.1.2.9.6.0'),
	(6,98,'','.1.3.6.1.4.1.3375.2.1.1.2.10.6.0'),
	(6,99,'','.1.3.6.1.4.1.3375.2.1.1.2.4.7.0'),
	(6,100,'','.1.3.6.1.4.1.3375.2.1.1.2.4.8.0'),
	(6,101,'','.1.3.6.1.4.1.3375.2.1.1.2.4.9.0'),
	(6,102,'','.1.3.6.1.4.1.3375.2.1.1.2.4.5.0'),
	(6,103,'','.1.3.6.1.4.1.3375.2.1.1.2.4.6.0'),
	(6,104,'','.1.3.6.1.4.1.3375.2.1.1.2.1.7.0'),
	(6,105,'','.1.3.6.1.4.1.3375.2.1.1.2.1.14.0'),
	(6,106,'','.1.3.6.1.4.1.3375.2.1.1.2.1.21.0'),
	(6,107,'','.1.3.6.1.4.1.3375.2.1.1.2.1.28.0'),
	(6,108,'','.1.3.6.1.4.1.3375.2.1.1.2.1.8.0'),
	(6,109,'','.1.3.6.1.4.1.3375.2.1.1.2.1.15.0'),
	(6,110,'','.1.3.6.1.4.1.3375.2.1.1.2.1.22.0'),
	(6,111,'','.1.3.6.1.4.1.3375.2.1.1.2.1.29.0'),
	(6,112,'','.1.3.6.1.4.1.3375.2.1.1.2.13.8.0'),
	(6,113,'','.1.3.6.1.4.1.3375.2.1.1.2.13.13.0'),
	(6,114,'','.1.3.6.1.4.1.3375.2.1.1.2.12.8.0'),
	(6,115,'','.1.3.6.1.4.1.3375.2.1.1.2.12.9.0'),
	(6,116,'','.1.3.6.1.4.1.3375.2.1.1.2.7.3.0'),
	(6,117,'','.1.3.6.1.4.1.3375.2.1.1.2.7.2.0'),
	(6,118,'','.1.3.6.1.4.1.3375.2.1.1.2.1.5.0'),
	(6,119,'','.1.3.6.1.4.1.3375.2.1.1.2.1.3.0'),
	(6,120,'','.1.3.6.1.4.1.3375.2.1.1.2.1.17.0'),
	(6,121,'','.1.3.6.1.4.1.3375.2.1.1.2.1.19.0'),
	(6,122,'','.1.3.6.1.4.1.3375.2.1.1.2.1.10.0'),
	(6,123,'','.1.3.6.1.4.1.3375.2.1.1.2.1.12.0'),
	(6,124,'','.1.3.6.1.4.1.3375.2.1.1.2.1.24.0'),
	(6,125,'','.1.3.6.1.4.1.3375.2.1.1.2.1.26.0'),
	(6,126,'','.1.3.6.1.4.1.3375.2.1.1.2.1.2.0'),
	(6,127,'','.1.3.6.1.4.1.3375.2.1.1.2.1.4.0'),
	(6,128,'','.1.3.6.1.4.1.3375.2.1.1.2.1.16.0'),
	(6,129,'','.1.3.6.1.4.1.3375.2.1.1.2.1.18.0'),
	(6,130,'','.1.3.6.1.4.1.3375.2.1.1.2.1.9.0'),
	(6,131,'','.1.3.6.1.4.1.3375.2.1.1.2.1.11.0'),
	(6,132,'','.1.3.6.1.4.1.3375.2.1.1.2.1.23.0'),
	(6,133,'','.1.3.6.1.4.1.3375.2.1.1.2.1.25.0'),
	(6,134,'','.1.3.6.1.4.1.3375.2.1.1.2.1.46.0'),
	(6,135,'','.1.3.6.1.4.1.3375.2.1.1.2.1.47.0'),
	(6,136,'','.1.3.6.1.4.1.3375.2.1.1.2.1.48.0'),
	(6,137,'','.1.3.6.1.4.1.3375.2.1.1.2.9.4.0'),
	(6,138,'','.1.3.6.1.4.1.3375.2.1.1.2.10.4.0'),
	(6,139,'','.1.3.6.1.4.1.3375.2.1.1.2.9.12.0'),
	(6,140,'','.1.3.6.1.4.1.3375.2.1.1.2.9.13.0'),
	(6,141,'','.1.3.6.1.4.1.3375.2.1.1.2.10.12.0'),
	(6,142,'','.1.3.6.1.4.1.3375.2.1.1.2.10.13.0'),
	(6,143,'','.1.3.6.1.4.1.3375.2.6.1.4.10.0'),
	(6,144,'','.1.3.6.1.4.1.3375.2.6.1.4.9.0'),
	(6,145,'','.1.3.6.1.4.1.3375.2.6.1.4.3.0'),
	(6,146,'','.1.3.6.1.4.1.3375.2.6.1.5.3.0'),
	(6,147,'','.1.3.6.1.4.1.3375.2.6.1.4.6.0'),
	(6,148,'','.1.3.6.1.4.1.3375.2.6.1.4.7.0'),
	(6,149,'','.1.3.6.1.4.1.3375.2.6.1.4.8.0'),
	(6,170,'','.1.3.6.1.2.1.17.2.4.0'),
	(6,171,'','.1.3.6.1.2.1.17.2.3.0'),
	(7,31,'',''),
	(7,32,'',''),
	(7,33,'',''),
	(7,34,'',''),
	(7,150,'',''),
	(7,151,'',''),
	(7,152,'',''),
	(7,153,'',''),
	(7,154,'',''),
	(7,155,'',''),
	(7,156,'',''),
	(7,157,'',''),
	(7,158,'',''),
	(7,159,'',''),
	(7,160,'',''),
	(7,161,'',''),
	(7,162,'',''),
	(7,163,'',''),
	(7,164,'',''),
	(7,165,'',''),
	(7,166,'',''),
	(7,167,'',''),
	(7,168,'',''),
	(7,169,'',''),
	(7,172,'',''),
	(7,173,'',''),
	(7,174,'',''),
	(7,175,'',''),
	(7,176,'',''),
	(7,177,'',''),
	(7,178,'',''),
	(7,179,'',''),
	(7,180,'',''),
	(7,181,'',''),
	(7,182,'',''),
	(7,183,'',''),
	(7,184,'',''),
	(7,185,'',''),
	(7,186,'',''),
	(7,187,'',''),
	(7,188,'',''),
	(7,189,'',''),
	(7,190,'',''),
	(7,191,'',''),
	(7,192,'',''),
	(7,193,'',''),
	(8,31,'',''),
	(8,32,'',''),
	(8,33,'',''),
	(8,34,'',''),
	(8,150,'',''),
	(8,151,'',''),
	(8,152,'',''),
	(8,153,'',''),
	(8,154,'',''),
	(8,155,'',''),
	(8,156,'',''),
	(8,157,'',''),
	(8,158,'',''),
	(8,159,'',''),
	(8,160,'',''),
	(8,161,'',''),
	(8,162,'',''),
	(8,163,'',''),
	(8,164,'',''),
	(8,165,'',''),
	(8,166,'',''),
	(8,167,'',''),
	(8,168,'',''),
	(8,169,'',''),
	(8,172,'',''),
	(8,173,'',''),
	(8,174,'',''),
	(8,175,'',''),
	(8,176,'',''),
	(8,177,'',''),
	(8,178,'',''),
	(8,179,'',''),
	(8,180,'',''),
	(8,181,'',''),
	(8,182,'',''),
	(8,183,'',''),
	(8,184,'',''),
	(8,185,'',''),
	(8,186,'',''),
	(8,187,'',''),
	(8,188,'',''),
	(8,189,'',''),
	(8,190,'',''),
	(8,191,'',''),
	(8,192,'',''),
	(8,193,'',''),
	(9,31,'',''),
	(9,32,'',''),
	(9,33,'',''),
	(9,34,'',''),
	(9,150,'',''),
	(9,151,'',''),
	(9,152,'',''),
	(9,153,'',''),
	(9,154,'',''),
	(9,155,'',''),
	(9,156,'',''),
	(9,157,'',''),
	(9,158,'',''),
	(9,159,'',''),
	(9,160,'',''),
	(9,161,'',''),
	(9,162,'',''),
	(9,163,'',''),
	(9,164,'',''),
	(9,165,'',''),
	(9,166,'',''),
	(9,167,'',''),
	(9,168,'',''),
	(9,169,'',''),
	(9,172,'',''),
	(9,173,'',''),
	(9,174,'',''),
	(9,175,'',''),
	(9,176,'',''),
	(9,177,'',''),
	(9,178,'',''),
	(9,179,'',''),
	(9,180,'',''),
	(9,181,'',''),
	(9,182,'',''),
	(9,183,'',''),
	(9,184,'',''),
	(9,185,'',''),
	(9,186,'',''),
	(9,187,'',''),
	(9,188,'',''),
	(9,189,'',''),
	(9,190,'',''),
	(9,191,'',''),
	(9,192,'',''),
	(9,193,'',''),
	(10,31,'',''),
	(10,32,'',''),
	(10,33,'',''),
	(10,34,'',''),
	(10,150,'',''),
	(10,151,'',''),
	(10,152,'',''),
	(10,153,'',''),
	(10,154,'',''),
	(10,155,'',''),
	(10,156,'',''),
	(10,157,'',''),
	(10,158,'',''),
	(10,159,'',''),
	(10,160,'',''),
	(10,161,'',''),
	(10,162,'',''),
	(10,163,'',''),
	(10,164,'',''),
	(10,165,'',''),
	(10,166,'',''),
	(10,167,'',''),
	(10,168,'',''),
	(10,169,'',''),
	(10,172,'',''),
	(10,173,'',''),
	(10,174,'',''),
	(10,175,'',''),
	(10,176,'',''),
	(10,177,'',''),
	(10,178,'',''),
	(10,179,'',''),
	(10,180,'',''),
	(10,181,'',''),
	(10,182,'',''),
	(10,183,'',''),
	(10,184,'',''),
	(10,185,'',''),
	(10,186,'',''),
	(10,187,'',''),
	(10,188,'',''),
	(10,189,'',''),
	(10,190,'',''),
	(10,191,'',''),
	(10,192,'',''),
	(10,193,'',''),
	(11,31,'',''),
	(11,32,'',''),
	(11,33,'',''),
	(11,34,'',''),
	(11,150,'',''),
	(11,151,'',''),
	(11,152,'',''),
	(11,153,'',''),
	(11,154,'',''),
	(11,155,'',''),
	(11,156,'',''),
	(11,157,'',''),
	(11,158,'',''),
	(11,159,'',''),
	(11,160,'',''),
	(11,161,'',''),
	(11,162,'',''),
	(11,163,'',''),
	(11,164,'',''),
	(11,165,'',''),
	(11,166,'',''),
	(11,167,'',''),
	(11,168,'',''),
	(11,169,'',''),
	(11,172,'',''),
	(11,173,'',''),
	(11,174,'',''),
	(11,175,'',''),
	(11,176,'',''),
	(11,177,'',''),
	(11,178,'',''),
	(11,179,'',''),
	(11,180,'',''),
	(11,181,'',''),
	(11,182,'',''),
	(11,183,'',''),
	(11,184,'',''),
	(11,185,'',''),
	(11,186,'',''),
	(11,187,'',''),
	(11,188,'',''),
	(11,189,'',''),
	(11,190,'',''),
	(11,191,'',''),
	(11,192,'',''),
	(11,193,'',''),
	(12,31,'on',''),
	(12,32,'on',''),
	(12,33,'on',''),
	(12,34,'on',''),
	(12,150,'on',''),
	(12,151,'on',''),
	(12,152,'on',''),
	(12,153,'on',''),
	(12,154,'on',''),
	(12,155,'on',''),
	(12,156,'on',''),
	(12,157,'on',''),
	(12,158,'on',''),
	(12,159,'on',''),
	(12,160,'on',''),
	(12,161,'on',''),
	(12,162,'on',''),
	(12,163,'on',''),
	(12,164,'on',''),
	(12,165,'on',''),
	(12,166,'on',''),
	(12,167,'on',''),
	(12,168,'on',''),
	(12,169,'on',''),
	(12,172,'on',''),
	(12,173,'on',''),
	(12,174,'on',''),
	(12,175,'on',''),
	(12,176,'on',''),
	(12,177,'on',''),
	(12,178,'on',''),
	(12,179,'on',''),
	(12,180,'on',''),
	(12,181,'on',''),
	(12,182,'on',''),
	(12,183,'on',''),
	(12,184,'on',''),
	(12,185,'on',''),
	(12,186,'on',''),
	(12,187,'on',''),
	(12,188,'on',''),
	(12,189,'on',''),
	(12,190,'on',''),
	(12,191,'on',''),
	(12,192,'',''),
	(12,193,'on',''),
	(13,31,'on',''),
	(13,32,'on',''),
	(13,33,'on',''),
	(13,34,'on',''),
	(13,150,'on',''),
	(13,151,'on',''),
	(13,152,'on',''),
	(13,153,'on',''),
	(13,154,'on',''),
	(13,155,'on',''),
	(13,156,'on',''),
	(13,157,'on',''),
	(13,158,'on',''),
	(13,159,'on',''),
	(13,160,'on',''),
	(13,161,'on',''),
	(13,162,'on',''),
	(13,163,'on',''),
	(13,164,'on',''),
	(13,165,'on',''),
	(13,166,'on',''),
	(13,167,'on',''),
	(13,168,'on',''),
	(13,169,'on',''),
	(13,172,'on',''),
	(13,173,'on',''),
	(13,174,'on',''),
	(13,175,'on',''),
	(13,176,'on',''),
	(13,177,'on',''),
	(13,178,'on',''),
	(13,179,'on',''),
	(13,180,'on',''),
	(13,181,'on',''),
	(13,182,'on',''),
	(13,183,'on',''),
	(13,184,'on',''),
	(13,185,'on',''),
	(13,186,'on',''),
	(13,187,'on',''),
	(13,188,'on',''),
	(13,189,'on',''),
	(13,190,'on',''),
	(13,191,'on',''),
	(13,192,'',''),
	(13,193,'on',''),
	(14,31,'on',''),
	(14,32,'on',''),
	(14,33,'on',''),
	(14,34,'on',''),
	(14,150,'on',''),
	(14,151,'on',''),
	(14,152,'on',''),
	(14,153,'on',''),
	(14,154,'on',''),
	(14,155,'on',''),
	(14,156,'on',''),
	(14,157,'on',''),
	(14,158,'on',''),
	(14,159,'on',''),
	(14,160,'on',''),
	(14,161,'on',''),
	(14,162,'on',''),
	(14,163,'on',''),
	(14,164,'on',''),
	(14,165,'on',''),
	(14,166,'on',''),
	(14,167,'on',''),
	(14,168,'on',''),
	(14,169,'on',''),
	(14,172,'on',''),
	(14,173,'on',''),
	(14,174,'on',''),
	(14,175,'on',''),
	(14,176,'on',''),
	(14,177,'on',''),
	(14,178,'on',''),
	(14,179,'on',''),
	(14,180,'on',''),
	(14,181,'on',''),
	(14,182,'on',''),
	(14,183,'on',''),
	(14,184,'on',''),
	(14,185,'on',''),
	(14,186,'on',''),
	(14,187,'on',''),
	(14,188,'on',''),
	(14,189,'on',''),
	(14,190,'on',''),
	(14,191,'on',''),
	(14,192,'',''),
	(14,193,'on',''),
	(35,17,'',''),
	(35,18,'',''),
	(35,19,'',''),
	(35,20,'',''),
	(35,21,'',''),
	(35,22,'',''),
	(35,23,'',''),
	(35,24,'',''),
	(35,25,'',''),
	(35,26,'',''),
	(36,17,'',''),
	(36,18,'',''),
	(36,19,'',''),
	(36,20,'',''),
	(36,21,'',''),
	(36,22,'',''),
	(36,23,'',''),
	(36,24,'',''),
	(36,25,'',''),
	(36,26,'',''),
	(37,17,'',''),
	(37,18,'',''),
	(37,19,'',''),
	(37,20,'',''),
	(37,21,'',''),
	(37,22,'',''),
	(37,23,'',''),
	(37,24,'',''),
	(37,25,'',''),
	(37,26,'',''),
	(39,31,'',''),
	(39,32,'',''),
	(39,33,'',''),
	(39,34,'',''),
	(39,150,'',''),
	(39,151,'',''),
	(39,152,'',''),
	(39,153,'',''),
	(39,154,'',''),
	(39,155,'',''),
	(39,156,'',''),
	(39,157,'',''),
	(39,158,'',''),
	(39,159,'',''),
	(39,160,'',''),
	(39,161,'',''),
	(39,162,'',''),
	(39,163,'',''),
	(39,164,'',''),
	(39,165,'',''),
	(39,166,'',''),
	(39,167,'',''),
	(39,168,'',''),
	(39,169,'',''),
	(39,172,'',''),
	(39,173,'',''),
	(39,174,'',''),
	(39,175,'',''),
	(39,176,'',''),
	(39,177,'',''),
	(39,178,'',''),
	(39,179,'',''),
	(39,180,'',''),
	(39,181,'',''),
	(39,182,'',''),
	(39,183,'',''),
	(39,184,'',''),
	(39,185,'',''),
	(39,186,'',''),
	(39,187,'',''),
	(39,188,'',''),
	(39,189,'',''),
	(39,190,'',''),
	(39,191,'',''),
	(39,192,'',''),
	(39,193,'',''),
	(40,27,'',''),
	(40,36,'',''),
	(40,37,'',''),
	(40,38,'',''),
	(40,39,'',''),
	(40,40,'',''),
	(40,41,'',''),
	(40,42,'',''),
	(40,43,'',''),
	(40,44,'',''),
	(40,45,'',''),
	(40,46,'',''),
	(40,47,'',''),
	(40,48,'',''),
	(40,49,'',''),
	(40,50,'',''),
	(40,51,'',''),
	(40,52,'',''),
	(40,53,'',''),
	(40,54,'',''),
	(40,55,'',''),
	(40,56,'',''),
	(40,57,'',''),
	(40,58,'',''),
	(40,59,'',''),
	(40,60,'',''),
	(40,61,'',''),
	(40,62,'',''),
	(40,63,'',''),
	(40,64,'',''),
	(40,65,'',''),
	(40,66,'',''),
	(40,67,'',''),
	(40,68,'',''),
	(40,69,'',''),
	(40,70,'',''),
	(40,71,'',''),
	(40,72,'',''),
	(40,73,'',''),
	(40,74,'',''),
	(40,75,'',''),
	(40,76,'',''),
	(40,77,'',''),
	(40,78,'',''),
	(40,79,'',''),
	(40,80,'',''),
	(40,81,'',''),
	(40,82,'',''),
	(40,83,'',''),
	(40,84,'',''),
	(40,85,'',''),
	(40,86,'',''),
	(40,87,'',''),
	(40,88,'',''),
	(40,89,'',''),
	(40,90,'',''),
	(40,91,'',''),
	(40,92,'',''),
	(40,93,'',''),
	(40,94,'',''),
	(40,95,'',''),
	(40,96,'',''),
	(40,97,'',''),
	(40,98,'',''),
	(40,99,'',''),
	(40,100,'',''),
	(40,101,'',''),
	(40,102,'',''),
	(40,103,'',''),
	(40,104,'',''),
	(40,105,'',''),
	(40,106,'',''),
	(40,107,'',''),
	(40,108,'',''),
	(40,109,'',''),
	(40,110,'',''),
	(40,111,'',''),
	(40,112,'',''),
	(40,113,'',''),
	(40,114,'',''),
	(40,115,'',''),
	(40,116,'',''),
	(40,117,'',''),
	(40,118,'',''),
	(40,119,'',''),
	(40,120,'',''),
	(40,121,'',''),
	(40,122,'',''),
	(40,123,'',''),
	(40,124,'',''),
	(40,125,'',''),
	(40,126,'',''),
	(40,127,'',''),
	(40,128,'',''),
	(40,129,'',''),
	(40,130,'',''),
	(40,131,'',''),
	(40,132,'',''),
	(40,133,'',''),
	(40,134,'',''),
	(40,135,'',''),
	(40,136,'',''),
	(40,137,'',''),
	(40,138,'',''),
	(40,139,'',''),
	(40,140,'',''),
	(40,141,'',''),
	(40,142,'',''),
	(40,143,'',''),
	(40,144,'',''),
	(40,145,'',''),
	(40,146,'',''),
	(40,147,'',''),
	(40,148,'',''),
	(40,149,'',''),
	(40,170,'',''),
	(40,171,'',''),
	(41,27,'',''),
	(41,36,'',''),
	(41,37,'',''),
	(41,38,'',''),
	(41,39,'',''),
	(41,40,'',''),
	(41,41,'',''),
	(41,42,'',''),
	(41,43,'',''),
	(41,44,'',''),
	(41,45,'',''),
	(41,46,'',''),
	(41,47,'',''),
	(41,48,'',''),
	(41,49,'',''),
	(41,50,'',''),
	(41,51,'',''),
	(41,52,'',''),
	(41,53,'',''),
	(41,54,'',''),
	(41,55,'',''),
	(41,56,'',''),
	(41,57,'',''),
	(41,58,'',''),
	(41,59,'',''),
	(41,60,'',''),
	(41,61,'',''),
	(41,62,'',''),
	(41,63,'',''),
	(41,64,'',''),
	(41,65,'',''),
	(41,66,'',''),
	(41,67,'',''),
	(41,68,'',''),
	(41,69,'',''),
	(41,70,'',''),
	(41,71,'',''),
	(41,72,'',''),
	(41,73,'',''),
	(41,74,'',''),
	(41,75,'',''),
	(41,76,'',''),
	(41,77,'',''),
	(41,78,'',''),
	(41,79,'',''),
	(41,80,'',''),
	(41,81,'',''),
	(41,82,'',''),
	(41,83,'',''),
	(41,84,'',''),
	(41,85,'',''),
	(41,86,'',''),
	(41,87,'',''),
	(41,88,'',''),
	(41,89,'',''),
	(41,90,'',''),
	(41,91,'',''),
	(41,92,'',''),
	(41,93,'',''),
	(41,94,'',''),
	(41,95,'',''),
	(41,96,'',''),
	(41,97,'',''),
	(41,98,'',''),
	(41,99,'',''),
	(41,100,'',''),
	(41,101,'',''),
	(41,102,'',''),
	(41,103,'',''),
	(41,104,'',''),
	(41,105,'',''),
	(41,106,'',''),
	(41,107,'',''),
	(41,108,'',''),
	(41,109,'',''),
	(41,110,'',''),
	(41,111,'',''),
	(41,112,'',''),
	(41,113,'',''),
	(41,114,'',''),
	(41,115,'',''),
	(41,116,'',''),
	(41,117,'',''),
	(41,118,'',''),
	(41,119,'',''),
	(41,120,'',''),
	(41,121,'',''),
	(41,122,'',''),
	(41,123,'',''),
	(41,124,'',''),
	(41,125,'',''),
	(41,126,'',''),
	(41,127,'',''),
	(41,128,'',''),
	(41,129,'',''),
	(41,130,'',''),
	(41,131,'',''),
	(41,132,'',''),
	(41,133,'',''),
	(41,134,'',''),
	(41,135,'',''),
	(41,136,'',''),
	(41,137,'',''),
	(41,138,'',''),
	(41,139,'',''),
	(41,140,'',''),
	(41,141,'',''),
	(41,142,'',''),
	(41,143,'',''),
	(41,144,'',''),
	(41,145,'',''),
	(41,146,'',''),
	(41,147,'',''),
	(41,148,'',''),
	(41,149,'',''),
	(41,170,'',''),
	(41,171,'',''),
	(42,27,'',''),
	(42,36,'',''),
	(42,37,'',''),
	(42,38,'',''),
	(42,39,'',''),
	(42,40,'',''),
	(42,41,'',''),
	(42,42,'',''),
	(42,43,'',''),
	(42,44,'',''),
	(42,45,'',''),
	(42,46,'',''),
	(42,47,'',''),
	(42,48,'',''),
	(42,49,'',''),
	(42,50,'',''),
	(42,51,'',''),
	(42,52,'',''),
	(42,53,'',''),
	(42,54,'',''),
	(42,55,'',''),
	(42,56,'',''),
	(42,57,'',''),
	(42,58,'',''),
	(42,59,'',''),
	(42,60,'',''),
	(42,61,'',''),
	(42,62,'',''),
	(42,63,'',''),
	(42,64,'',''),
	(42,65,'',''),
	(42,66,'',''),
	(42,67,'',''),
	(42,68,'',''),
	(42,69,'',''),
	(42,70,'',''),
	(42,71,'',''),
	(42,72,'',''),
	(42,73,'',''),
	(42,74,'',''),
	(42,75,'',''),
	(42,76,'',''),
	(42,77,'',''),
	(42,78,'',''),
	(42,79,'',''),
	(42,80,'',''),
	(42,81,'',''),
	(42,82,'',''),
	(42,83,'',''),
	(42,84,'',''),
	(42,85,'',''),
	(42,86,'',''),
	(42,87,'',''),
	(42,88,'',''),
	(42,89,'',''),
	(42,90,'',''),
	(42,91,'',''),
	(42,92,'',''),
	(42,93,'',''),
	(42,94,'',''),
	(42,95,'',''),
	(42,96,'',''),
	(42,97,'',''),
	(42,98,'',''),
	(42,99,'',''),
	(42,100,'',''),
	(42,101,'',''),
	(42,102,'',''),
	(42,103,'',''),
	(42,104,'',''),
	(42,105,'',''),
	(42,106,'',''),
	(42,107,'',''),
	(42,108,'',''),
	(42,109,'',''),
	(42,110,'',''),
	(42,111,'',''),
	(42,112,'',''),
	(42,113,'',''),
	(42,114,'',''),
	(42,115,'',''),
	(42,116,'',''),
	(42,117,'',''),
	(42,118,'',''),
	(42,119,'',''),
	(42,120,'',''),
	(42,121,'',''),
	(42,122,'',''),
	(42,123,'',''),
	(42,124,'',''),
	(42,125,'',''),
	(42,126,'',''),
	(42,127,'',''),
	(42,128,'',''),
	(42,129,'',''),
	(42,130,'',''),
	(42,131,'',''),
	(42,132,'',''),
	(42,133,'',''),
	(42,134,'',''),
	(42,135,'',''),
	(42,136,'',''),
	(42,137,'',''),
	(42,138,'',''),
	(42,139,'',''),
	(42,140,'',''),
	(42,141,'',''),
	(42,142,'',''),
	(42,143,'',''),
	(42,144,'',''),
	(42,145,'',''),
	(42,146,'',''),
	(42,147,'',''),
	(42,148,'',''),
	(42,149,'',''),
	(42,170,'',''),
	(42,171,'',''),
	(43,27,'',''),
	(43,36,'',''),
	(43,37,'',''),
	(43,38,'',''),
	(43,39,'',''),
	(43,40,'',''),
	(43,41,'',''),
	(43,42,'',''),
	(43,43,'',''),
	(43,44,'',''),
	(43,45,'',''),
	(43,46,'',''),
	(43,47,'',''),
	(43,48,'',''),
	(43,49,'',''),
	(43,50,'',''),
	(43,51,'',''),
	(43,52,'',''),
	(43,53,'',''),
	(43,54,'',''),
	(43,55,'',''),
	(43,56,'',''),
	(43,57,'',''),
	(43,58,'',''),
	(43,59,'',''),
	(43,60,'',''),
	(43,61,'',''),
	(43,62,'',''),
	(43,63,'',''),
	(43,64,'',''),
	(43,65,'',''),
	(43,66,'',''),
	(43,67,'',''),
	(43,68,'',''),
	(43,69,'',''),
	(43,70,'',''),
	(43,71,'',''),
	(43,72,'',''),
	(43,73,'',''),
	(43,74,'',''),
	(43,75,'',''),
	(43,76,'',''),
	(43,77,'',''),
	(43,78,'',''),
	(43,79,'',''),
	(43,80,'',''),
	(43,81,'',''),
	(43,82,'',''),
	(43,83,'',''),
	(43,84,'',''),
	(43,85,'',''),
	(43,86,'',''),
	(43,87,'',''),
	(43,88,'',''),
	(43,89,'',''),
	(43,90,'',''),
	(43,91,'',''),
	(43,92,'',''),
	(43,93,'',''),
	(43,94,'',''),
	(43,95,'',''),
	(43,96,'',''),
	(43,97,'',''),
	(43,98,'',''),
	(43,99,'',''),
	(43,100,'',''),
	(43,101,'',''),
	(43,102,'',''),
	(43,103,'',''),
	(43,104,'',''),
	(43,105,'',''),
	(43,106,'',''),
	(43,107,'',''),
	(43,108,'',''),
	(43,109,'',''),
	(43,110,'',''),
	(43,111,'',''),
	(43,112,'',''),
	(43,113,'',''),
	(43,114,'',''),
	(43,115,'',''),
	(43,116,'',''),
	(43,117,'',''),
	(43,118,'',''),
	(43,119,'',''),
	(43,120,'',''),
	(43,121,'',''),
	(43,122,'',''),
	(43,123,'',''),
	(43,124,'',''),
	(43,125,'',''),
	(43,126,'',''),
	(43,127,'',''),
	(43,128,'',''),
	(43,129,'',''),
	(43,130,'',''),
	(43,131,'',''),
	(43,132,'',''),
	(43,133,'',''),
	(43,134,'',''),
	(43,135,'',''),
	(43,136,'',''),
	(43,137,'',''),
	(43,138,'',''),
	(43,139,'',''),
	(43,140,'',''),
	(43,141,'',''),
	(43,142,'',''),
	(43,143,'',''),
	(43,144,'',''),
	(43,145,'',''),
	(43,146,'',''),
	(43,147,'',''),
	(43,148,'',''),
	(43,149,'',''),
	(43,170,'',''),
	(43,171,'',''),
	(44,31,'',''),
	(44,150,'',''),
	(44,151,'',''),
	(44,152,'',''),
	(44,153,'',''),
	(44,154,'',''),
	(44,155,'',''),
	(44,156,'',''),
	(44,157,'',''),
	(44,158,'',''),
	(44,159,'',''),
	(44,160,'',''),
	(44,161,'',''),
	(44,162,'',''),
	(44,163,'',''),
	(44,164,'',''),
	(44,165,'',''),
	(44,166,'',''),
	(44,167,'',''),
	(44,168,'',''),
	(44,169,'',''),
	(44,172,'',''),
	(44,173,'',''),
	(44,174,'',''),
	(44,175,'',''),
	(44,176,'',''),
	(44,177,'',''),
	(44,178,'',''),
	(44,179,'',''),
	(44,180,'',''),
	(44,181,'',''),
	(44,182,'',''),
	(44,183,'',''),
	(44,184,'',''),
	(44,185,'',''),
	(44,186,'',''),
	(44,187,'',''),
	(44,188,'',''),
	(44,189,'',''),
	(44,190,'',''),
	(44,191,'',''),
	(44,192,'',''),
	(44,193,'',''),
	(45,31,'',''),
	(45,150,'',''),
	(45,151,'',''),
	(45,152,'',''),
	(45,153,'',''),
	(45,154,'',''),
	(45,155,'',''),
	(45,156,'',''),
	(45,157,'',''),
	(45,158,'',''),
	(45,159,'',''),
	(45,160,'',''),
	(45,161,'',''),
	(45,162,'',''),
	(45,163,'',''),
	(45,164,'',''),
	(45,165,'',''),
	(45,166,'',''),
	(45,167,'',''),
	(45,168,'',''),
	(45,169,'',''),
	(45,172,'',''),
	(45,173,'',''),
	(45,174,'',''),
	(45,175,'',''),
	(45,176,'',''),
	(45,177,'',''),
	(45,178,'',''),
	(45,179,'',''),
	(45,180,'',''),
	(45,181,'',''),
	(45,182,'',''),
	(45,183,'',''),
	(45,184,'',''),
	(45,185,'',''),
	(45,186,'',''),
	(45,187,'',''),
	(45,188,'',''),
	(45,189,'',''),
	(45,190,'',''),
	(45,191,'',''),
	(45,192,'',''),
	(45,193,'',''),
	(46,31,'',''),
	(46,150,'',''),
	(46,151,'',''),
	(46,152,'',''),
	(46,153,'',''),
	(46,154,'',''),
	(46,155,'',''),
	(46,156,'',''),
	(46,157,'',''),
	(46,158,'',''),
	(46,159,'',''),
	(46,160,'',''),
	(46,161,'',''),
	(46,162,'',''),
	(46,163,'',''),
	(46,164,'',''),
	(46,165,'',''),
	(46,166,'',''),
	(46,167,'',''),
	(46,168,'',''),
	(46,169,'',''),
	(46,172,'',''),
	(46,173,'',''),
	(46,174,'',''),
	(46,175,'',''),
	(46,176,'',''),
	(46,177,'',''),
	(46,178,'',''),
	(46,179,'',''),
	(46,180,'',''),
	(46,181,'',''),
	(46,182,'',''),
	(46,183,'',''),
	(46,184,'',''),
	(46,185,'',''),
	(46,186,'',''),
	(46,187,'',''),
	(46,188,'',''),
	(46,189,'',''),
	(46,190,'',''),
	(46,191,'',''),
	(46,192,'',''),
	(46,193,'',''),
	(89,28,'',''),
	(91,29,'',''),
	(93,30,'',''),
	(94,30,'','20'),
	(95,30,'','ICMP'),
	(96,30,'',''),
	(102,35,'',''),
	(103,35,'',''),
	(104,35,'',''),
	(105,35,'',''),
	(106,35,'',''),
	(107,35,'',''),
	(108,35,'',''),
	(109,35,'',''),
	(110,35,'',''),
	(111,35,'',''),
	(112,35,'','');

/*!40000 ALTER TABLE `data_input_data` ENABLE KEYS */;
UNLOCK TABLES;


# Dump of table data_input_fields
# ------------------------------------------------------------

DROP TABLE IF EXISTS `data_input_fields`;

CREATE TABLE `data_input_fields` (
  `id` mediumint(8) unsigned NOT NULL AUTO_INCREMENT,
  `hash` varchar(32) COLLATE utf8mb4_unicode_ci NOT NULL DEFAULT '',
  `data_input_id` mediumint(8) unsigned NOT NULL DEFAULT 0,
  `name` varchar(200) COLLATE utf8mb4_unicode_ci NOT NULL DEFAULT '',
  `data_name` varchar(50) COLLATE utf8mb4_unicode_ci NOT NULL DEFAULT '',
  `input_output` char(3) COLLATE utf8mb4_unicode_ci NOT NULL DEFAULT '',
  `update_rra` char(2) COLLATE utf8mb4_unicode_ci DEFAULT '0',
  `sequence` smallint(5) NOT NULL DEFAULT 0,
  `type_code` varchar(40) COLLATE utf8mb4_unicode_ci DEFAULT NULL,
  `regexp_match` varchar(200) COLLATE utf8mb4_unicode_ci DEFAULT NULL,
  `allow_nulls` char(2) COLLATE utf8mb4_unicode_ci DEFAULT NULL,
  PRIMARY KEY (`id`),
  KEY `data_input_id` (`data_input_id`),
  KEY `input_output` (`input_output`),
  KEY `type_code_data_input_id` (`type_code`,`data_input_id`)
) ENGINE=InnoDB DEFAULT CHARSET=utf8mb4 COLLATE=utf8mb4_unicode_ci ROW_FORMAT=DYNAMIC;

LOCK TABLES `data_input_fields` WRITE;
/*!40000 ALTER TABLE `data_input_fields` DISABLE KEYS */;

INSERT INTO `data_input_fields` (`id`, `hash`, `data_input_id`, `name`, `data_name`, `input_output`, `update_rra`, `sequence`, `type_code`, `regexp_match`, `allow_nulls`)
VALUES
	(1,'92f5906c8dc0f964b41f4253df582c38',1,'SNMP IP Address','management_ip','in','',0,'hostname','',''),
	(2,'32285d5bf16e56c478f5e83f32cda9ef',1,'SNMP Community','snmp_community','in','',0,'snmp_community','',''),
	(3,'ad14ac90641aed388139f6ba86a2e48b',1,'SNMP Username','snmp_username','in','',0,'snmp_username','','on'),
	(4,'9c55a74bd571b4f00a96fd4b793278c6',1,'SNMP Password','snmp_password','in','',0,'snmp_password','','on'),
	(5,'012ccb1d3687d3edb29c002ea66e72da',1,'SNMP Version (1, 2, or 3)','snmp_version','in','',0,'snmp_version','','on'),
	(6,'4276a5ec6e3fe33995129041b1909762',1,'OID','oid','in','',0,'snmp_oid','',''),
	(7,'617cdc8a230615e59f06f361ef6e7728',2,'SNMP IP Address','management_ip','in','',0,'hostname','',''),
	(8,'acb449d1451e8a2a655c2c99d31142c7',2,'SNMP Community','snmp_community','in','',0,'snmp_community','',''),
	(9,'f4facc5e2ca7ebee621f09bc6d9fc792',2,'SNMP Username (v3)','snmp_username','in','',0,'snmp_username','','on'),
	(10,'1cc1493a6781af2c478fa4de971531cf',2,'SNMP Password (v3)','snmp_password','in','',0,'snmp_password','','on'),
	(11,'b5c23f246559df38662c255f4aa21d6b',2,'SNMP Version (1, 2, or 3)','snmp_version','in','',0,'snmp_version','',''),
	(12,'6027a919c7c7731fbe095b6f53ab127b',2,'Index Type','index_type','in','',0,'index_type','',''),
	(13,'cbbe5c1ddfb264a6e5d509ce1c78c95f',2,'Index Value','index_value','in','',0,'index_value','',''),
	(14,'e6deda7be0f391399c5130e7c4a48b28',2,'Output Type ID','output_type','in','',0,'output_type','',''),
	(15,'edfd72783ad02df128ff82fc9324b4b9',3,'Disk Partition','partition','in','',1,'','',''),
	(16,'8b75fb61d288f0b5fc0bd3056af3689b',3,'Kilobytes Free','kilobytes','out','on',0,'','',''),
	(17,'363588d49b263d30aecb683c52774f39',4,'1 Minute Average','1min','out','on',0,'','',''),
	(18,'ad139a9e1d69881da36fca07889abf58',4,'5 Minute Average','5min','out','on',0,'','',''),
	(19,'5db9fee64824c08258c7ff6f8bc53337',4,'10 Minute Average','10min','out','on',0,'','',''),
	(20,'c0cfd0beae5e79927c5a360076706820',5,'Username (Optional)','username','in','',1,'','','on'),
	(21,'52c58ad414d9a2a83b00a7a51be75a53',5,'Logged In Users','users','out','on',0,'','',''),
	(22,'05eb5d710f0814871b8515845521f8d7',6,'Grep String','grepstr','in','',1,'','',''),
	(23,'86cb1cbfde66279dbc7f1144f43a3219',6,'Result (in Kilobytes)','kilobytes','out','on',0,'','',''),
	(24,'d5a8dd5fbe6a5af11667c0039af41386',7,'Number of Processes','proc','out','on',0,'','',''),
	(25,'8848cdcae831595951a3f6af04eec93b',8,'Grep String','grepstr','in','',1,'','','on'),
	(26,'3d1288d33008430ce354e8b9c162f7ff',8,'Connections','connections','out','on',0,'','',''),
	(27,'c6af570bb2ed9c84abf32033702e2860',9,'(Optional) Log Path','log_path','in','',1,'','','on'),
	(28,'f9389860f5c5340c9b27fca0b4ee5e71',9,'Web Hits','webhits','out','on',0,'','',''),
	(29,'5fbadb91ad66f203463c1187fe7bd9d5',10,'IP Address','ip','in','',1,'hostname','',''),
	(30,'6ac4330d123c69067d36a933d105e89a',10,'Milliseconds','out_ms','out','on',0,'','',''),
	(31,'d39556ecad6166701bfb0e28c5a11108',11,'Index Type','index_type','in','',0,'index_type','',''),
	(32,'3b7caa46eb809fc238de6ef18b6e10d5',11,'Index Value','index_value','in','',0,'index_value','',''),
	(33,'74af2e42dc12956c4817c2ef5d9983f9',11,'Output Type ID','output_type','in','',0,'output_type','',''),
	(34,'8ae57f09f787656bf4ac541e8bd12537',11,'Output Value','output','out','on',0,'','',''),
	(35,'172b4b0eacee4948c6479f587b62e512',12,'Index Type','index_type','in','',0,'index_type','',''),
	(36,'30fb5d5bcf3d66bb5abe88596f357c26',12,'Index Value','index_value','in','',0,'index_value','',''),
	(37,'31112c85ae4ff821d3b288336288818c',12,'Output Type ID','output_type','in','',0,'output_type','',''),
	(38,'5be8fa85472d89c621790b43510b5043',12,'Output Value','output','out','on',0,'','',''),
	(39,'c1f36ee60c3dc98945556d57f26e475b',2,'SNMP Port','snmp_port','in','',0,'snmp_port','',''),
	(40,'fc64b99742ec417cc424dbf8c7692d36',1,'SNMP Port','snmp_port','in','',0,'snmp_port','',''),
	(41,'20832ce12f099c8e54140793a091af90',1,'SNMP Authenticaion Protocol (v3)','snmp_auth_protocol','in','',0,'snmp_auth_protocol','',''),
	(42,'c60c9aac1e1b3555ea0620b8bbfd82cb',1,'SNMP Privacy Passphrase (v3)','snmp_priv_passphrase','in','',0,'snmp_priv_passphrase','',''),
	(43,'feda162701240101bc74148415ef415a',1,'SNMP Privacy Protocol (v3)','snmp_priv_protocol','in','',0,'snmp_priv_protocol','',''),
	(44,'2cf7129ad3ff819a7a7ac189bee48ce8',2,'SNMP Authenticaion Protocol (v3)','snmp_auth_protocol','in','',0,'snmp_auth_protocol','',''),
	(45,'6b13ac0a0194e171d241d4b06f913158',2,'SNMP Privacy Passphrase (v3)','snmp_priv_passphrase','in','',0,'snmp_priv_passphrase','',''),
	(46,'3a33d4fc65b8329ab2ac46a36da26b72',2,'SNMP Privacy Protocol (v3)','snmp_priv_protocol','in','',0,'snmp_priv_protocol','',''),
	(47,'03ffd37fd55813d2d25bcd34967f2bcb',13,'Number of all processed rrds','RRDsProcessed','out','on',0,'','',''),
	(48,'15cfbcb8b34f83e6f088103ee83b22a8',13,'Number of all data sources','DataSources','out','on',0,'','',''),
	(49,'c39772d17f7cd0ba6ae330bb1bdbf607',13,'Hosts per Process','HostsPerProcess','out','on',0,'','',''),
	(50,'fdd660a8c8cee48696c6265882f0c14c',13,'Number of all Hosts','Hosts','out','on',0,'','',''),
	(51,'a63f6464addc92837bde2a091eb25b64',13,'Maximum Threads per Process','Threads','out','on',0,'','',''),
	(52,'cc25e6d384d698c928db02d43c16aeed',13,'Maximum Concurrent Poller Processes','Processes','out','on',0,'','',''),
	(53,'4b9d7d50fbef23d98e4445b444aa76e9',13,'Time for last poller run','Time','out','on',0,'','',''),
	(54,'f83b18feedf42a2ce3b00faa8b33f9ae',14,'Runtime of Boost Server','Time','out','on',0,'','',''),
	(55,'9004fc36a705da8c629059d1157d1afa',14,'Number of rrd file updates','RRDUpdates','out','on',0,'','',''),
	(56,'b3f6a82762aef7c767174e2b7db1efe5',15,'# of SNMP polls','snmp','out','on',0,'','',''),
	(57,'647d57d2e5e47684d21dbc8f2e291b47',15,'# of script polls','script','out','on',0,'','',''),
	(58,'9de4cbb821bac56bdf37862658c2713d',15,'# of script server entries','script_server','out','on',0,'','',''),
	(59,'b2bc32657a7fe9b90dafabff5ea4a966',16,'Recaching Time','RecacheTime','out','on',0,'','',''),
	(60,'a359a5b959303937b7a3952925c24ea7',16,'Number of Recached Devices','DevicesRecached','out','on',0,'','',''),
	(61,'ee27944f37ae0ed5d3e2e36f3389c507',17,'Boost Peak Memory usage','boost_peak_memory','out','on',0,'','',''),
	(62,'781b8a3655e9c94772178de16aa2a3dc',18,'number of valid logins','valid','out','on',0,'','',''),
	(63,'5e7570a64e33bfbd2a74e8d25cbedf84',18,'number of denied logins','invalid','out','on',0,'','',''),
	(64,'a576a6b27554ffc03c5b9c52e790bcf8',18,'number of active user sessions','active','out','on',0,'','',''),
	(65,'428cb0c15815cb5272f7e7886dfe36de',18,'number of sleeping user sessions','sleeping','out','on',0,'','',''),
	(66,'eab4f8666a47689e214669d60f182745',18,'number of obsolete user sessions','garbage','out','on',0,'','',''),
	(67,'1d9fc23dacbd933449a73aa84be5414f',18,'number of active users','uactive','out','on',0,'','',''),
	(68,'ce8d69c72f37533e6c32d0d866e036f6',18,'number of sleeping users','usleeping','out','on',0,'','',''),
	(69,'0e94e75f5f51153d8504dd96724fb0c7',19,'Total Graphs Exported','TotalGraphsExported','out','on',0,'','',''),
	(70,'dc898426d21a4441333656b9145abe02',20,'Export Duration','ExportDuration','out','on',0,'','',''),
	(71,'5c06ba76af1c36a4667440a079c14a65',21,'The Number of Record Deletes','deletes','out','on',0,'','',''),
	(72,'8dae453bf1629eb5767dc5a522436eae',21,'The Number of New Syslog Records','incoming','out','on',0,'','',''),
	(73,'e64944f0862a73d7d863447d04e03622',21,'The Number of New Syslog Records Discarded','removes','out','on',0,'','',''),
	(74,'168bd25e77eaf9f271059cc8265450d4',21,'The Number of New Syslog Records Moved Aside','xfers','out','on',0,'','',''),
	(75,'e4de70bb9c11d383e4a01ac6dd3bd784',21,'The Number of Syslog Alerts Checked for','alerts','out','on',0,'','',''),
	(76,'3d597fe525d8b4f0fdef3a2a6fb1cf85',21,'The Number of Syslog Alerts Newly Trigged','alarms','out','on',0,'','',''),
	(77,'79f7dee8871d5d9fcb5be4c6cb2ff684',21,'The Number of Syslog Reports Defined','reports','out','on',0,'','',''),
	(78,'c712ea4c6a4e534d3d6cb37f233e4d75',22,'The Total Syslog Runtime','syslogRuntime','out','on',0,'','',''),
	(79,'864aa6b4633e6f2b77a6e1cee2ca4baf',23,'The runtime for the Thold plugin','tholdRuntime','out','on',0,'','',''),
	(80,'e616027fec892c53c63ab7b5e1eb1ad8',24,'The Average Size of a Boost Record Row','boost_avg_size','out','on',0,'','',''),
	(81,'2e4a4d2d35b834c9473a0b0888df1a68',25,'Number of Records in Boost Table','boost_records','out','on',0,'','',''),
	(82,'3100c6b6b9d657a51cbcd818e1755503',26,'Total Size of the Boost Table in Bytes','boost_table','out','on',0,'','',''),
	(83,'9ffe12fb0c0b00264288d918ec21c59e',27,'The time to get records from the database','rrd_get_records','out','on',0,'','',''),
	(84,'7348018f3af0c4a17568d6fd77e9dbdd',27,'The total time to process the results','rrd_results_cycle','out','on',0,'','',''),
	(85,'1626735ca7aeadd7b9e2053add75d04a',27,'The time to gather the find the filename and build the update template','rrd_template','out','on',0,'','',''),
	(86,'3af21992a14b00f530a67bfcd5c06de0',27,'The amount of time to run the RRDtool lastupdate command','rrd_lastupdate','out','on',0,'','',''),
	(87,'0da05eedf7f74fc449bd4bba7d944b59',27,'The amount of time spent updating RRDfiles','rrd_update','out','on',0,'','',''),
	(88,'eff931ff2b8c8ac5a3e1501f65a10bd4',27,'The amount of time removing Boost records from the database','rrd_delete','out','on',0,'','',''),
	(89,'08f589472a63becab00f661c311985e8',28,'The hosts unique id','host_id','in','',0,'host_id','',''),
	(90,'2187e7ac3bfefe37c8227e87bbf81d90',28,'Polling Time in Milliseconds','polling_time','out','on',0,'','',''),
	(91,'746674cef4830927324742cbac124a19',29,'The hosts unique id','host_id','in','',0,'host_id','',''),
	(92,'cdd10c4aa321bb14ba8b0a5f6e62d06a',29,'Polling Time in Milliseconds','uptime','out','on',0,'','',''),
	(93,'96d16f176556dfeb5620d64cf916b88a',30,'Hostname or IP Address of the device to ping','hostname','in','',0,'hostname','',''),
	(94,'4042c506e261778066cbda27c21c9176',30,'The number of times to ping the host','attempts','in','',0,'','',''),
	(95,'1130c26c560d48191e3b1da07e26cfef',30,'Ping protocol to use.  Either ICMP (default), TCP, or UDP','protocol','in','',0,'','','on'),
	(96,'5f70f2d03d21300f664bfa84170f6641',30,'Port to ping.  Applies only to TCP and UDP protocols.','port','in','',0,'','','on'),
	(97,'d925e1bfe111d30daf35d69afb2b3305',30,'Minimum','min','out','on',0,'','',''),
	(98,'d5c29836073d12c3c961fe2ed371d613',30,'Average','avg','out','on',0,'','',''),
	(99,'0f82cdd8c53130b92a64ff8e748ef26a',30,'Maximum','max','out','on',0,'','',''),
	(100,'72a5c2209fdf920fb6c1ecfab14420b4',30,'Deviation','dev','out','on',0,'','',''),
	(101,'15748714320e221c723c5595feb244e7',30,'Loss','loss','out','on',0,'','',''),
	(102,'72748dc8e86379385d2731c3b90c9992',31,'Hostname','hostname','in','',0,'hostname','',''),
	(103,'7eb900cede08876511e9c92fcd453d63',31,'SNMP community','snmp_community','in','',0,'snmp_community','',''),
	(104,'fd47b20902da568315365ddc7f0c0ca2',31,'SNMP auth username','snmp_auth_username','in','',0,'snmp_username','',''),
	(105,'e842d5fd8cce7de944917cb0849e5a76',31,'SNMP auth password','snmp_auth_password','in','',0,'snmp_auth_password','',''),
	(106,'41ccc56e122658e734874720f5b2e3d2',31,'SNMP auth protocol','snmp_auth_protocol','in','',0,'snmp_auth_protocol','',''),
	(107,'50783847510fc573a63089425a270064',31,'SNMP priv passphrase','snmp_priv_passphrase','in','',0,'snmp_priv_passphrase','',''),
	(108,'6fc300d73f2ed46c3a1d1445c3650272',31,'SNMP priv protocol','snmp_priv_protocol','in','',0,'snmp_priv_protocol','',''),
	(109,'3db65462aea353f8c115332bbccf8968',31,'SNMP context','snmp_context','in','',0,'snmp_context','',''),
	(110,'e80b15e9827542a81bb433c4c73dd91e',31,'SNMP version','snmp_version','in','',0,'snmp_version','',''),
	(111,'d4e25206b3aad949a7135714d77719c7',31,'SNMP port','snmp_port','in','',0,'snmp_port','',''),
	(112,'4537e5e75a1bfeb79efdf64f12ce82b7',31,'SNMP timeout','snmp_timeout','in','',0,'snmp_timeout','',''),
	(113,'07d8d0184e584f3bf7f08404684ce6d4',31,'AVG CPU load','load','out','on',0,'','','');

/*!40000 ALTER TABLE `data_input_fields` ENABLE KEYS */;
UNLOCK TABLES;


# Dump of table data_local
# ------------------------------------------------------------

DROP TABLE IF EXISTS `data_local`;

CREATE TABLE `data_local` (
  `id` mediumint(8) unsigned NOT NULL AUTO_INCREMENT,
  `data_template_id` mediumint(8) unsigned NOT NULL DEFAULT 0,
  `host_id` mediumint(8) unsigned NOT NULL DEFAULT 0,
  `snmp_query_id` mediumint(8) NOT NULL DEFAULT 0,
  `snmp_index` varchar(255) COLLATE utf8mb4_unicode_ci NOT NULL DEFAULT '',
  `orphan` tinyint(1) unsigned NOT NULL DEFAULT 0,
  PRIMARY KEY (`id`),
  KEY `data_template_id` (`data_template_id`),
  KEY `snmp_query_id` (`snmp_query_id`),
  KEY `snmp_index` (`snmp_index`),
  KEY `host_id_snmp_query_id` (`host_id`,`snmp_query_id`)
) ENGINE=InnoDB DEFAULT CHARSET=utf8mb4 COLLATE=utf8mb4_unicode_ci ROW_FORMAT=DYNAMIC;

LOCK TABLES `data_local` WRITE;
/*!40000 ALTER TABLE `data_local` DISABLE KEYS */;

INSERT INTO `data_local` (`id`, `data_template_id`, `host_id`, `snmp_query_id`, `snmp_index`, `orphan`)
VALUES
	(1,8,1,0,'',0),
	(2,9,1,0,'',0),
	(3,10,1,0,'',0),
	(4,11,1,0,'',0),
	(5,12,1,0,'',0);

/*!40000 ALTER TABLE `data_local` ENABLE KEYS */;
UNLOCK TABLES;


# Dump of table data_source_profiles
# ------------------------------------------------------------

DROP TABLE IF EXISTS `data_source_profiles`;

CREATE TABLE `data_source_profiles` (
  `id` mediumint(8) unsigned NOT NULL AUTO_INCREMENT,
  `hash` varchar(32) COLLATE utf8mb4_unicode_ci NOT NULL DEFAULT '',
  `name` varchar(255) COLLATE utf8mb4_unicode_ci NOT NULL DEFAULT '',
  `step` int(10) unsigned NOT NULL DEFAULT 300,
  `heartbeat` int(10) unsigned NOT NULL DEFAULT 600,
  `x_files_factor` double DEFAULT 0.5,
  `default` char(2) COLLATE utf8mb4_unicode_ci DEFAULT '',
  PRIMARY KEY (`id`),
  KEY `name` (`name`(171))
) ENGINE=InnoDB DEFAULT CHARSET=utf8mb4 COLLATE=utf8mb4_unicode_ci ROW_FORMAT=DYNAMIC COMMENT='Stores Data Source Profiles';

LOCK TABLES `data_source_profiles` WRITE;
/*!40000 ALTER TABLE `data_source_profiles` DISABLE KEYS */;

INSERT INTO `data_source_profiles` (`id`, `hash`, `name`, `step`, `heartbeat`, `x_files_factor`, `default`)
VALUES
	(1,'d62c52891f4f9688729a5bc9fad91b18','System Default',300,600,0.5,''),
	(2,'c0dd0e46b9ca268e7ed4162d329f9215','30 Second Collection',30,1200,0.5,''),
	(3,'66d35da8f75c912ede3dbe901fedcae0','1 Minute Collection',60,600,0.5,''),
	(4,'bba8b254a188680cf53a7f6a75721e29','1 Minute Polling',60,120,0.5,'on');

/*!40000 ALTER TABLE `data_source_profiles` ENABLE KEYS */;
UNLOCK TABLES;


# Dump of table data_source_profiles_cf
# ------------------------------------------------------------

DROP TABLE IF EXISTS `data_source_profiles_cf`;

CREATE TABLE `data_source_profiles_cf` (
  `data_source_profile_id` mediumint(8) unsigned NOT NULL DEFAULT 0,
  `consolidation_function_id` smallint(5) unsigned NOT NULL DEFAULT 0,
  PRIMARY KEY (`data_source_profile_id`,`consolidation_function_id`),
  KEY `data_source_profile_id` (`data_source_profile_id`)
) ENGINE=InnoDB DEFAULT CHARSET=utf8mb4 COLLATE=utf8mb4_unicode_ci ROW_FORMAT=DYNAMIC COMMENT='Maps the Data Source Profile Consolidation Functions';

LOCK TABLES `data_source_profiles_cf` WRITE;
/*!40000 ALTER TABLE `data_source_profiles_cf` DISABLE KEYS */;

INSERT INTO `data_source_profiles_cf` (`data_source_profile_id`, `consolidation_function_id`)
VALUES
	(1,1),
	(1,2),
	(1,3),
	(1,4),
	(2,1),
	(2,2),
	(2,3),
	(2,4),
	(3,1),
	(3,2),
	(3,3),
	(3,4),
	(4,1),
	(4,2),
	(4,3),
	(4,4);

/*!40000 ALTER TABLE `data_source_profiles_cf` ENABLE KEYS */;
UNLOCK TABLES;


# Dump of table data_source_profiles_rra
# ------------------------------------------------------------

DROP TABLE IF EXISTS `data_source_profiles_rra`;

CREATE TABLE `data_source_profiles_rra` (
  `id` mediumint(8) unsigned NOT NULL AUTO_INCREMENT,
  `data_source_profile_id` mediumint(8) unsigned NOT NULL DEFAULT 0,
  `name` varchar(255) COLLATE utf8mb4_unicode_ci NOT NULL DEFAULT '',
  `steps` int(10) unsigned DEFAULT 1,
  `rows` int(10) unsigned NOT NULL DEFAULT 700,
  `timespan` int(10) unsigned NOT NULL DEFAULT 0,
  PRIMARY KEY (`id`),
  KEY `data_source_profile_id` (`data_source_profile_id`)
) ENGINE=InnoDB DEFAULT CHARSET=utf8mb4 COLLATE=utf8mb4_unicode_ci ROW_FORMAT=DYNAMIC COMMENT='Stores RRA Definitions for Data Source Profiles';

LOCK TABLES `data_source_profiles_rra` WRITE;
/*!40000 ALTER TABLE `data_source_profiles_rra` DISABLE KEYS */;

INSERT INTO `data_source_profiles_rra` (`id`, `data_source_profile_id`, `name`, `steps`, `rows`, `timespan`)
VALUES
	(1,1,'Daily (5 Minute Average)',1,600,86400),
	(2,1,'Weekly (30 Minute Average)',6,700,604800),
	(3,1,'Monthly (2 Hour Average)',24,775,2618784),
	(4,1,'Yearly (1 Day Average)',288,797,31536000),
	(5,2,'Daily (30 Second Average)',1,2900,86400),
	(6,2,'Weekly (15 Minute Average)',30,1346,604800),
	(7,2,'Monthly (1 Hour Average)',120,1445,2618784),
	(8,2,'Yearly (4 Hour Average)',480,4380,31536000),
	(9,3,'Daily (1 Minute Average)',1,2900,86400),
	(10,4,'Daily',1,1440,0),
	(11,4,'Weekly',1,10080,0),
	(12,4,'Monthly (5 minute avg)',5,8760,0),
	(13,4,'Yearly (1 hour avg)',60,8760,0);

/*!40000 ALTER TABLE `data_source_profiles_rra` ENABLE KEYS */;
UNLOCK TABLES;


# Dump of table data_source_purge_action
# ------------------------------------------------------------

DROP TABLE IF EXISTS `data_source_purge_action`;

CREATE TABLE `data_source_purge_action` (
  `id` int(10) unsigned NOT NULL AUTO_INCREMENT,
  `name` varchar(128) COLLATE utf8mb4_unicode_ci NOT NULL DEFAULT '',
  `local_data_id` int(10) unsigned NOT NULL DEFAULT 0,
  `action` tinyint(2) NOT NULL DEFAULT 0,
  PRIMARY KEY (`id`),
  UNIQUE KEY `name` (`name`)
) ENGINE=InnoDB DEFAULT CHARSET=utf8mb4 COLLATE=utf8mb4_unicode_ci ROW_FORMAT=DYNAMIC COMMENT='RRD Cleaner File Actions';



# Dump of table data_source_purge_temp
# ------------------------------------------------------------

DROP TABLE IF EXISTS `data_source_purge_temp`;

CREATE TABLE `data_source_purge_temp` (
  `id` int(10) unsigned NOT NULL AUTO_INCREMENT,
  `name_cache` varchar(255) COLLATE utf8mb4_unicode_ci NOT NULL DEFAULT '',
  `local_data_id` int(10) unsigned NOT NULL DEFAULT 0,
  `name` varchar(128) COLLATE utf8mb4_unicode_ci NOT NULL DEFAULT '',
  `size` int(10) unsigned NOT NULL DEFAULT 0,
  `last_mod` timestamp NOT NULL DEFAULT '0000-00-00 00:00:00',
  `in_cacti` tinyint(4) NOT NULL DEFAULT 0,
  `data_template_id` mediumint(8) unsigned NOT NULL DEFAULT 0,
  PRIMARY KEY (`id`),
  UNIQUE KEY `name` (`name`),
  KEY `local_data_id` (`local_data_id`),
  KEY `in_cacti` (`in_cacti`),
  KEY `data_template_id` (`data_template_id`)
) ENGINE=InnoDB DEFAULT CHARSET=utf8mb4 COLLATE=utf8mb4_unicode_ci ROW_FORMAT=DYNAMIC COMMENT='RRD Cleaner File Repository';



# Dump of table data_source_stats_daily
# ------------------------------------------------------------

DROP TABLE IF EXISTS `data_source_stats_daily`;

CREATE TABLE `data_source_stats_daily` (
  `local_data_id` int(10) unsigned NOT NULL,
  `rrd_name` varchar(19) COLLATE utf8mb4_unicode_ci NOT NULL,
  `average` double DEFAULT NULL,
  `peak` double DEFAULT NULL,
  PRIMARY KEY (`local_data_id`,`rrd_name`)
) ENGINE=InnoDB DEFAULT CHARSET=utf8mb4 COLLATE=utf8mb4_unicode_ci ROW_FORMAT=DYNAMIC;



# Dump of table data_source_stats_hourly
# ------------------------------------------------------------

DROP TABLE IF EXISTS `data_source_stats_hourly`;

CREATE TABLE `data_source_stats_hourly` (
  `local_data_id` int(10) unsigned NOT NULL,
  `rrd_name` varchar(19) COLLATE utf8mb4_unicode_ci NOT NULL,
  `average` double DEFAULT NULL,
  `peak` double DEFAULT NULL,
  PRIMARY KEY (`local_data_id`,`rrd_name`)
) ENGINE=InnoDB DEFAULT CHARSET=utf8mb4 COLLATE=utf8mb4_unicode_ci ROW_FORMAT=DYNAMIC;



# Dump of table data_source_stats_hourly_cache
# ------------------------------------------------------------

DROP TABLE IF EXISTS `data_source_stats_hourly_cache`;

CREATE TABLE `data_source_stats_hourly_cache` (
  `local_data_id` int(10) unsigned NOT NULL,
  `rrd_name` varchar(19) COLLATE utf8mb4_unicode_ci NOT NULL,
  `time` timestamp NOT NULL DEFAULT '0000-00-00 00:00:00',
  `value` double DEFAULT NULL,
  PRIMARY KEY (`local_data_id`,`time`,`rrd_name`),
  KEY `time` (`time`) USING BTREE
) ENGINE=MEMORY DEFAULT CHARSET=utf8mb4 COLLATE=utf8mb4_unicode_ci;



# Dump of table data_source_stats_hourly_last
# ------------------------------------------------------------

DROP TABLE IF EXISTS `data_source_stats_hourly_last`;

CREATE TABLE `data_source_stats_hourly_last` (
  `local_data_id` int(10) unsigned NOT NULL,
  `rrd_name` varchar(19) COLLATE utf8mb4_unicode_ci NOT NULL,
  `value` double DEFAULT NULL,
  `calculated` double DEFAULT NULL,
  PRIMARY KEY (`local_data_id`,`rrd_name`)
) ENGINE=MEMORY DEFAULT CHARSET=utf8mb4 COLLATE=utf8mb4_unicode_ci;



# Dump of table data_source_stats_monthly
# ------------------------------------------------------------

DROP TABLE IF EXISTS `data_source_stats_monthly`;

CREATE TABLE `data_source_stats_monthly` (
  `local_data_id` int(10) unsigned NOT NULL,
  `rrd_name` varchar(19) COLLATE utf8mb4_unicode_ci NOT NULL,
  `average` double DEFAULT NULL,
  `peak` double DEFAULT NULL,
  PRIMARY KEY (`local_data_id`,`rrd_name`)
) ENGINE=InnoDB DEFAULT CHARSET=utf8mb4 COLLATE=utf8mb4_unicode_ci ROW_FORMAT=DYNAMIC;



# Dump of table data_source_stats_weekly
# ------------------------------------------------------------

DROP TABLE IF EXISTS `data_source_stats_weekly`;

CREATE TABLE `data_source_stats_weekly` (
  `local_data_id` int(10) unsigned NOT NULL,
  `rrd_name` varchar(19) COLLATE utf8mb4_unicode_ci NOT NULL,
  `average` double DEFAULT NULL,
  `peak` double DEFAULT NULL,
  PRIMARY KEY (`local_data_id`,`rrd_name`)
) ENGINE=InnoDB DEFAULT CHARSET=utf8mb4 COLLATE=utf8mb4_unicode_ci ROW_FORMAT=DYNAMIC;



# Dump of table data_source_stats_yearly
# ------------------------------------------------------------

DROP TABLE IF EXISTS `data_source_stats_yearly`;

CREATE TABLE `data_source_stats_yearly` (
  `local_data_id` int(10) unsigned NOT NULL,
  `rrd_name` varchar(19) COLLATE utf8mb4_unicode_ci NOT NULL,
  `average` double DEFAULT NULL,
  `peak` double DEFAULT NULL,
  PRIMARY KEY (`local_data_id`,`rrd_name`)
) ENGINE=InnoDB DEFAULT CHARSET=utf8mb4 COLLATE=utf8mb4_unicode_ci ROW_FORMAT=DYNAMIC;



# Dump of table data_template
# ------------------------------------------------------------

DROP TABLE IF EXISTS `data_template`;

CREATE TABLE `data_template` (
  `id` mediumint(8) unsigned NOT NULL AUTO_INCREMENT,
  `hash` varchar(32) COLLATE utf8mb4_unicode_ci NOT NULL DEFAULT '',
  `name` varchar(150) COLLATE utf8mb4_unicode_ci NOT NULL DEFAULT '',
  PRIMARY KEY (`id`),
  KEY `name` (`name`)
) ENGINE=InnoDB DEFAULT CHARSET=utf8mb4 COLLATE=utf8mb4_unicode_ci ROW_FORMAT=DYNAMIC;

LOCK TABLES `data_template` WRITE;
/*!40000 ALTER TABLE `data_template` DISABLE KEYS */;

INSERT INTO `data_template` (`id`, `hash`, `name`)
VALUES
	(1,'e6b434046f851853292fac0b514c7947','Cacti Stats - Main Poller'),
	(2,'7980e9b1409539abf815725d7c6728ba','Cacti Stats - Boost'),
	(3,'69a71738d7425cc911fba8d7b6df302a','Cacti Stats - Total Poller Items'),
	(4,'6912381baf16d9fb524ebbdaffe0dae8','Cacti Stats - Recache (Legacy)'),
	(5,'0eddb382f3710ee3d1de28734ad2519c','Cacti Stats - Boost Memory'),
	(6,'8b5a5d7963ff703ac57275b3bca99aa5','Cacti Stats - User Stats'),
	(7,'bc1bbeab6ee28a5ba3e82834eab10277','Cacti Stats - Export Graphs (Legacy)'),
	(8,'2d59c2529f7da926447ce23c1bd7ac03','Cacti Stats - Export Duration (Legacy)'),
	(9,'ebb39b5767589493cacc2499b3749903','Cacti Stats - Syslog Activity'),
	(10,'e82c29e393bf507d2008f0e38dda3207','Cacti Stats - Syslog Runtime'),
	(11,'1a16ad2e6d8906c291cca30e65d639bb','Cacti Stats - Syslog Alerts/Reports'),
	(12,'789c0125513a2b036be3458b6962987f','Cacti Stats - Thold Runtime'),
	(13,'ba53784d505b9291ce669e931db1636a','Cacti Stats - Boost Average Row Size'),
	(14,'a709292afadb954d707e64aaae058d5c','Cacti Stats - Boost Records'),
	(15,'e4ee5be8ff17271aaee5021aea04fee1','Cacti Stats - Boost Table Size'),
	(16,'e200f1a5a3f1fcee859695c2fedb8abf','Cacti Stats - Boost Timing Detail'),
	(17,'b9b5bb0e16eed9ac05f321a2098cd865','Cacti Stats - Collector Time'),
	(18,'19c06196312997b1d630fb9dba10513b','Cacti Stats - Collector Items'),
	(19,'688d0ddfe876aafb261fa91bf6a66d7b','Cacti Stats - Collector Settings'),
	(20,'a44346d1525119a7d28c71503fd30ae2','Cacti Stats - Collector Recache Stats'),
	(21,'6d056e47e81b729d10854dd66e65ea2b','Cacti Stats - WebSeer Timing'),
	(22,'b3baa48be94a6e80831748f3e8e988bf','Cacti Stats - WebSeer Download Size'),
	(23,'452d871bae40fc3efce0a0f8ccf7d525','Cacti Stats - WebSeer Download Speed'),
	(24,'3a36e0538c6b25b30ebb6deda6dc9965','Cacti Stats - WebSeer Status'),
	(25,'10150b44b528614c46fe0a244c9d1fe4','Cacti Stats - Export Graphs'),
	(26,'7fc923d81fd11083628731e271c3fa6a','Cacti Stats - Export Duration'),
	(27,'e9def3a0e409f517cb804dfeba4ccd90','Cisco Router - 5 Minute CPU'),
	(28,'d9231d03b0a160ba8f3ec82a43c503e9','Device - Polling Time'),
	(29,'bb5b2aad7fd40afa8e35f62567d5c9c9','Device - Uptime'),
	(30,'04ef4da0d125620474bcbb3a72c7356c','PING - Advanced Ping'),
	(31,'6632e1e0b58a565c135d7ff90440c335','Interface - Traffic'),
	(32,'36335cd98633963a575b70639cd2fdad','Interface - Errors/Discards'),
	(33,'2f654f7d69ac71a5d56b1db8543ccad3','Interface - Unicast Packets'),
	(34,'c84e511401a747409053c90ba910d0fe','Interface - Non-Unicast Packets'),
	(35,'9561518147a2423734394410bcd241b4','MultiCPU avg'),
	(36,'31cb4f49626e5691a7c61653c4022003','F5 BIG-IP - Global Connections'),
	(37,'8f2b4081523d38f81e6598ccee8a3083','F5 BIG-IP - Global packets/sec in'),
	(38,'c383004dd184c7d2c2a433e47c9fe4d9','F5 BIG-IP - Global packets/sec out'),
	(39,'c2c982666c4a5bd4c6ab74fcd94cd90a','F5 BIG-IP - Global HTTP Requests'),
	(40,'8e51d748d20e1cbc18722d55af4f2f05','F5 BIG-IP - Global HTTP Get Requests'),
	(41,'ef09b35872642d8350385b6ddc62c14a','F5 BIG-IP - Global HTTP Post Requests'),
	(42,'84034e9841061d4790868e6faae7b940','F5 BIG-IP - Global HTTP V9 Requests'),
	(43,'89fe556d96da84420c98ed747af4dbe0','F5 BIG-IP - Global HTTP V10 Requests'),
	(44,'2f189b7223c25ff41aee6b8b6620c1d4','F5 BIG-IP - Global HTTP V11 Requests'),
	(45,'438c129475430f223583ee37c1047fe7','F5 BIG-IP - Global HTTP 4xx resp'),
	(46,'a42eaaae8cd32fd50b63aceb242fc51d','F5 BIG-IP - Global HTTP 5xx resp'),
	(47,'4ab2b13191fe0c5184806ef4878d0371','F5 BigIP - HTTP - 2xx Responses'),
	(48,'67c5e3e21439bd107094624ce3583d7a','F5 BigIP - HTTP - 3xx Responses'),
	(49,'01e9bf0f38f734708d6310b699722bd2','F5 BIG-IP - Memory - System Usage'),
	(50,'5d7fe19aba89defda331eedbff160ec0','F5 BIG-IP - Memory - System Total'),
	(51,'fe2d1c3cbf7bd6313d2f715da6525ecb','F5 BIG-IP - Memory - TMM Total'),
	(52,'857bdbe7cee2457abb7de1165b34ada2','F5 BIG-IP - Memory - TMM Usage'),
	(53,'76294f5d8bacfb9c16d768bed0106e81','F5 BIG-IP - TPS - TotNativeConns'),
	(54,'3102127666411a955d7f93934fdcd8cc','F5 BIG-IP - TPS - TotCompatConns'),
	(55,'8050894b220e6cc75fbc4ab5b90f5612','F5 BIG-IP - Global Pre Compress Bytes'),
	(56,'cfa6dd6b1d0d643be65cb74e11e49768','F5 BIG-IP - Global Post Compress Bytes'),
	(57,'d38fce15d4dd32de39e119fb24a9494b','F5 BIG-IP - Global Pre HTML Compress Bytes'),
	(58,'48fcc81d83bbf48a98ac451627e32def','F5 BIG-IP - Global Post HTML Compress Bytes'),
	(59,'8add6f06a7df6f939fe6e653ac7c8468','F5 BIG-IP - Global Pre CSS Compress Bytes'),
	(60,'cff1d5334ba59c88639d5d039d2eb645','F5 BIG-IP - Global Post CSS Compress Bytes'),
	(61,'ccbf90fdabcbe94fca85535deccd63f5','F5 BIG-IP - Global Pre JS Compress Bytes'),
	(62,'7363cf30d6c0d440b3a75df4c6bfae7f','F5 BIG-IP - Global Post JS Compress Bytes'),
	(63,'33ce951e4c019b276412ddfff9962030','F5 BIG-IP - Global Pre XML Compress Bytes'),
	(64,'fb3d300f230ab02923bf87c6c64498e0','F5 BIG-IP - Global Post XML Compress Bytes'),
	(65,'99cf30114d8a83d95e5cc19fd68ee10a','F5 BIG-IP - Global Pre SGML Compress Bytes'),
	(66,'4a71ad22ea71fb7f82a16bfae3fb12ed','F5 BIG-IP - Global Post SGML Compress Bytes'),
	(67,'112d2e302019d658a4b776281291156a','F5 BIG-IP - Global Pre Plain Compress Bytes'),
	(68,'d6fb9ae868989c736511e7fa1aec2331','F5 BIG-IP - Global Post Plain Compress Bytes'),
	(69,'647e33191233cc7957319e7a682bcf70','F5 BIG-IP - Global Pre Octet Compress Bytes'),
	(70,'144a42f557f62ec2505551d9cc28d42b','F5 BIG-IP - Global Post Octet Compress Bytes'),
	(71,'8852d0464b3906e5744ca74de8ed8e92','F5 BIG-IP - Global Pre Image Compress Bytes'),
	(72,'fbaec03201228784738f355a38e30b5e','F5 BIG-IP - Global Post Image Compress Bytes'),
	(73,'8f74dc9ae3290127aa51e74a4aafb02b','F5 BIG-IP - Global Pre Video Compress Bytes'),
	(74,'5ec6d09aaa13b3745155613a654683e4','F5 BIG-IP - Global Post Video Compress Bytes'),
	(75,'f126ed03449f8197ef849a775ecffe04','F5 BIG-IP - Global Pre Audio Compress Bytes'),
	(76,'bc934593cf8913ffea8c19c0213df6d7','F5 BIG-IP - Global Post Audio Compress Bytes'),
	(77,'8218e79efd1802ac0ec1933236ac8d66','F5 BIG-IP - Global Pre Other Compress Bytes'),
	(78,'fb29ecb8c2c64ba324fb1b9e7c80c981','F5 BIG-IP - Global Post Other Compress Bytes'),
	(79,'523d4203bed214e04b608b387691ffce','F5 BIG-IP - Global NULL Compress Bytes'),
	(80,'cc5a7bc6de0589a6d80adb364d26b8cd','F5 GTM - Global Requests'),
	(81,'9c13431a48d12c2588a063c39daa580b','F5 GTM - Global Resolutions'),
	(82,'aac7c167e2beb2f5bef94fe3938148bc','F5 GTM - Global Persists'),
	(83,'17ac7957e61c2a94e76aa4acaf1c6285','F5 GTM - Global Drops'),
	(84,'a71f73c962495fd094ed83d2382065fa','F5 GTM - Global Return to DNS'),
	(85,'2d20ac3ceb52a19cd4fc79d93a4a53af','F5 WA - imcHitCount'),
	(86,'829148499d8461b2158ffdfa53a2dcf6','F5 WA - hdsHitCount'),
	(87,'4901e9f0513769228b0b6cc2ad6fe7c3','F5 BigIP - TMM - Memory Used'),
	(88,'ee781ec7353ceb5d1f15fcc920009885','F5 BigIP - TMM - Memory Total'),
	(89,'f865f824b28a4788e184ee9a2b2e504f','F5 BigIP - TMM - Modules'),
	(90,'0fe6463b2c73b811cd04ced3bc5d53d3','F5 BigIP - TMM - CPU Cycles Total'),
	(91,'eeab872a440f0d8715f30eca99b42917','F5 BigIP - TMM - CPU Cycles Idle'),
	(92,'08c0a56a99dc5fbe2121794162bf0f46','F5 BigIP - TMM - CPU Cycles Sleep'),
	(93,'c1391f4eb8637b2149ef5d9f7a30de4c','F5 BigIP - SSL - Encrypted Traffic In - Client'),
	(94,'0a0639b3e624b652ca7953d6917da205','F5 BigIP - SSL - Encrypted Traffic Out - Client'),
	(95,'64f57081d13af001cad704454518e3d9','F5 BigIP - SSL - Encrypted Traffic In - Server'),
	(96,'154b21948a70eece96b4b689b82b6a85','F5 BigIP - SSL - Encrypted Traffic Out - Server'),
	(97,'780f42e8dff308a95dbc0e89c1a731d9','F5 BigIP - SSL - Conn Rate (Native) - Client'),
	(98,'ed06b09628d368994adc4da23efaf29a','F5 BigIP - SSL - Conn Rate (Native) - Server'),
	(99,'34d80aa0b1272aed170f259203540a1f','F5 BigIP - HTTP - Requests Total'),
	(100,'0b36600e393d4345eca11a2a2c45c9ea','F5 BigIP - HTTP - Requests GET'),
	(101,'37d1b0985a55e57f692dd57bb44fb448','F5 BigIP - HTTP - Requests POST'),
	(102,'ca79568137a53de083f9494f1f820045','F5 BigIP - HTTP - 4xx Responses'),
	(103,'64ed17573b96a6099309109a612aef4f','F5 BigIP - HTTP - 5xx Responses'),
	(104,'93d672913dde4160fabd25da5d6efd61','F5 BigIP - Global - Conn Rate - Client'),
	(105,'68c08a8bccfac756d1a9bb56a8a0a435','F5 BigIP - Global - Conn Rate - Server'),
	(106,'bf47f0b2e10c02c4d1a5c709c5dc1cb7','F5 BigIP - Global - Conn Rate - PVA Client'),
	(107,'852f249bfe929ffdc6a911f42282dd8f','F5 BigIP - Global - Conn Rate - PVA Server'),
	(108,'aaa68cad15067a3e66058171207f86c7','F5 BigIP - Global - Conns Current - Client'),
	(109,'d8bfb363f1ecdb9225430d51da0da7a7','F5 BigIP - Global - Conns Current - Server'),
	(110,'5a831da28d3d13bbb9a6349181592c8e','F5 BigIP - Global - Conns Current - PVA Client'),
	(111,'7747037ef8a3b6d6c05496952d1c36a3','F5 BigIP - Global - Conns Current - PVA Server'),
	(112,'4ea09b9004ce1e527838b19003a237c6','F5 BigIP - Global - UDP Datagrams - RX'),
	(113,'203c97264d5ce3c15809e067848f58fb','F5 BigIP - Global - UDP Datagrams - TX'),
	(114,'f36a1106104ebff13724dff5f97c2d35','F5 BigIP - Global - TCP Conn Rate - Established'),
	(115,'ebedb6b0b8c5b84c32b4f27f6d201b36','F5 BigIP - Global - TCP Conn Rate - Failed'),
	(116,'b855d88261f593a880bf7f7f43f3f2e8','F5 BigIP - Global - IP Datagrams RX'),
	(117,'83af7839ca1a2a9a69297bdde1c3c24c','F5 BigIP - Global - IP Datagrams TX'),
	(118,'b22b1e0f2c3192f2bf40692603b4b1d9','F5 BigIP - Global - Bytes Out - Client'),
	(119,'ce9ce911ae677c3c3ce77f272b50e4c1','F5 BigIP - Global - Bytes In - Client'),
	(120,'1e681c79f66733c19fc41c279b331b5c','F5 BigIP - Global - Bytes In - PVA Client'),
	(121,'eae9a2003d249d6b44acf3bd4f9359fd','F5 BigIP - Global - Bytes Out - PVA Client'),
	(122,'4adedebc341b02874e07f7a9f1a8f5a7','F5 BigIP - Global - Bytes In - Server'),
	(123,'1d1a5518960c42814551f6fbca7db7a8','F5 BigIP - Global - Bytes Out - Server'),
	(124,'6eabf69000ccc278574cb88a7fdde8c6','F5 BigIP - Global - Bytes In - PVA Server'),
	(125,'802aae5bbb5a2b7417c5469d67ac669f','F5 BigIP - Global - Bytes Out - PVA Server'),
	(126,'05b6813afc04062a3d44dd2144b4a4c4','F5 BigIP - Global - Packets In - Client'),
	(127,'a3ed7438d933686abed44d3d90a000ee','F5 BigIP - Global - Packets Out - Client'),
	(128,'c0fc0866222eed39b21506501a8eca58','F5 BigIP - Global - Packets In - PVA Client'),
	(129,'329d976624bc0c4ec947adcdf9ac6bc2','F5 BigIP - Global - Packets Out - PVA Client'),
	(130,'7cb1ea7b0a6ea021d97b0263866fba79','F5 BigIP - Global - Packets In - Server'),
	(131,'2999d396cc2bd725eed73dead111c42e','F5 BigIP - Global - Packets Out - Server'),
	(132,'7817a01153832968fd0eb931537d65cb','F5 BigIP - Global - Packets In - PVA Server'),
	(133,'610e523934f233e7a1b81e257308643f','F5 BigIP - Global - Packets Out - PVA Server'),
	(134,'f5bb7d62f8b7e701f866be532530b914','F5 BigIP - Global - Packets - Dropped'),
	(135,'5081676b7d7615227c15819b879de059','F5 BigIP - Global - Packets - Errors In'),
	(136,'d706693bab738022186e13e1a1568341','F5 BigIP - Global - Packets - Errors Out'),
	(137,'0eab02b04be887393ef982f699903ce8','F5 BigIP - SSL - Conns Current (Native) - Client'),
	(138,'1a2fb22d2957e1002a9f71601195a7de','F5 BigIP - SSL - Conns Current (Native) - Server'),
	(139,'b06cb3437807d762a343294f24ed79e6','F5 BigIP - SSL - Decrypted Bytes In - Client'),
	(140,'77cce8887e666199cd08f02823ade0f6','F5 BigIP - SSL - Decrypted Bytes Out - Client'),
	(141,'d147f6fe85c0a9cad87bb776add17e05','F5 BigIP - SSL - Decrypted Bytes In - Server'),
	(142,'9857fbe193f9ef77345e23698a96fd8d','F5 BigIP - SSL - Decrypted Bytes Out - Server'),
	(143,'cf3bbf722698ae524c3643908461fdb7','F5 BigIP - APM - apmAccessStatResultDeny'),
	(144,'46a69591ebcae2809f824d3ea2cf553a','F5 BigIP - APM - apmAccessStatResultAllow'),
	(145,'68b986dbe2a0f04ca40881d00e63ff2e','F5 BigIP - APM - apmAccessStatCurrentActiveSessions'),
	(146,'1f070ab6c41fa460a61ee92fd01d8fd1','F5 BigIP - APM - apmGlobalConnectivityStatCurConns'),
	(147,'70599486fe850351a614be3a1243746e','F5 BigIP - APM - apmAccessStatUserLoggedoutSessions'),
	(148,'9e3cfff3ec9a2904d704ab1e4758649a','F5 BigIP - APM - apmAccessStatAdminTerminatedSessions'),
	(149,'949a4ae38227a284414e5e764e6a60ca','F5 BigIP - APM - apmAccessStatMiscTerminatedSessions'),
	(150,'9c085b5d22896a25dfc7fd443e0660e6','F5 BigIP - LTM VS - Connection Rate'),
	(151,'59a16cdc418e7ae7a25e3de323ff50ed','F5 BigIP - LTM VS - Traffic'),
	(152,'86d1475f444ba0fe029e9e6dc801d392','F5 BigIP - Interface - Traffic'),
	(153,'1ffa8710aeae99a21a1a8d4d03e7ba0b','F5 GTM - WideIP Stats'),
	(154,'54e63f2ff1bb7da99aaedb12adaf37c9','F5 GTM - Pool Stats'),
	(155,'7da956fc5c132e401acb43cbfe6d7b6a','F5 BIG-IP - Pool Connections'),
	(156,'f5ef4fa92a440af0e9490734fc422bd0','F5 BIG-IP - Pool Traffic'),
	(157,'9c50d5e63f647c0a15580723a6ee3f97','F5 BigIP - Interface - Errors'),
	(158,'104402f5c19b512a0d3c00bf2c5bd5a3','F5 BigIP - Interface - Packets'),
	(159,'891ba2362f6c25bfacc5c56a46e797e9','F5 BigIP - Interface - Multicast Packets'),
	(160,'076af3e2ba5bba59c5108d7b86deb2fd','F5 BigIP - LTM VS - Packets'),
	(161,'d1d11f6ebe75d4c6a08711838f667196','F5 BigIP - LTM VS - Connections Current'),
	(162,'04538e901c495c3c29f180833bb0af2b','F5 BigIP - LTM Pool - Connections Current'),
	(163,'2093a3043c156cd61a1ed19580c343b7','F5 BigIP - LTM Pool - Connection Rate'),
	(164,'757a48631ecfa90af5f794de2fcb1f85','F5 BigIP - LTM Pool - Packets'),
	(165,'e4568156b581463851ca4e55f0d76078','F5 BigIP - LTM Pool - Traffic'),
	(166,'c43ab0bd6d24b435850800ea3b3d55a8','F5 BigIP - LTM Member - Connection Rate'),
	(167,'48454773f719be6c17b41f4b46fe086d','F5 BigIP - LTM Member - Connections Current'),
	(168,'fe4a003578ed550187bb37ba72268976','F5 BigIP - LTM Member - Packets'),
	(169,'f89d3e1c22f3e9e589f4b07171625d03','F5 BigIP - LTM Member - Traffic'),
	(170,'cdc99400eff3a0b781302d05a7b092bb','Spanning-Tree - TopChangeCount'),
	(171,'bff47093fc0f42c58e32a20d5c95a0e4','Spanning-Tree - TopChangeTime'),
	(172,'2ea7602933c93aeaba1c115f6823ed48','Juniper SRX - CP Sessions'),
	(173,'7fbdc652995c8709f2cda4326dcb7d8f','Juniper SRX - CP Connections Per Second'),
	(174,'7e51a9b2ca4a8469c9e817f2cfe3f853','Juniper SRX - Security Policy - Traffic'),
	(175,'9ad40338c8cbd2e42467bfae29cf0074','Juniper SRX - Security Policy - Packets'),
	(176,'664d03902b3279fca3b420dd7af95113','Juniper SRX - Security Policy - Lookups'),
	(177,'996b9c7e072f974e537cfa749ae31bbb','Juniper SRX - Security Policy - Sessions'),
	(178,'0262be47b3b61a462aaf6e53b00d2abe','Juniper SRX - SPU CPU'),
	(179,'3fc1cde0e84796493e93d646b9bb20e9','Juniper SRX - SPU Memory '),
	(180,'c152b413fc4e9d7ae0b195f2dbf52741','Juniper SRX - SPU Flow Sessions'),
	(181,'a5322501b3d848fffba833edbe7c4f2c','Juniper SRX - SPU CP Sessions'),
	(182,'bbe5eacd0527b4c4ddb1e986d7ea161d','Juniper - Firewall Filter Stats'),
	(183,'b5eedaaea62db6d9ea18276ff10ca923','Juniper - BGP Peer State'),
	(184,'bf06a07cf1e0bd4a3fae0c226288a64d','Juniper - Hardware Stats - CPU'),
	(185,'e217193d5234ec17132f87acb9d7dfb2','Juniper - Hardware Stats - Temperature'),
	(186,'a45613b4e510418a8efff3804eec6c9d','Juniper - Hardware Stats - Operational State'),
	(187,'846a1663afbea751627f1fdb601f7f75','Juniper - Hardware Stats - RAM'),
	(188,'3ec99fd9d27296c7addd3e48f357d9a8','Juniper SRX - Screen - TCP'),
	(189,'5fd629b8733c779dffc9a2f8313e760a','Juniper SRX - Screen - IP'),
	(190,'753ae2511c5fced8d3659fb087df211b','Juniper SRX - Screen - IP Route'),
	(191,'af5becc74eb7193fb10c5e33f457f727','Juniper SRX - Screen - ICMP'),
	(192,'1ac98ef10391841067bc277aac78cd15','Juniper SRX - Screen - Sessions'),
	(193,'434acaff2bb7a32f830d23cd3a99a5c0','Juniper SRX - Screen - Flood');

/*!40000 ALTER TABLE `data_template` ENABLE KEYS */;
UNLOCK TABLES;


# Dump of table data_template_data
# ------------------------------------------------------------

DROP TABLE IF EXISTS `data_template_data`;

CREATE TABLE `data_template_data` (
  `id` int(10) unsigned NOT NULL AUTO_INCREMENT,
  `local_data_template_data_id` int(10) unsigned NOT NULL DEFAULT 0,
  `local_data_id` int(10) unsigned NOT NULL DEFAULT 0,
  `data_template_id` mediumint(8) unsigned NOT NULL DEFAULT 0,
  `data_input_id` mediumint(8) unsigned NOT NULL DEFAULT 0,
  `t_name` char(2) COLLATE utf8mb4_unicode_ci DEFAULT NULL,
  `name` varchar(250) COLLATE utf8mb4_unicode_ci NOT NULL DEFAULT '',
  `name_cache` varchar(255) COLLATE utf8mb4_unicode_ci NOT NULL DEFAULT '',
  `data_source_path` varchar(255) COLLATE utf8mb4_unicode_ci DEFAULT '',
  `t_active` char(2) COLLATE utf8mb4_unicode_ci DEFAULT '',
  `active` char(2) COLLATE utf8mb4_unicode_ci DEFAULT NULL,
  `t_rrd_step` char(2) COLLATE utf8mb4_unicode_ci DEFAULT '',
  `rrd_step` mediumint(8) unsigned NOT NULL DEFAULT 0,
  `t_data_source_profile_id` char(2) COLLATE utf8mb4_unicode_ci DEFAULT '',
  `data_source_profile_id` mediumint(8) unsigned NOT NULL DEFAULT 1,
  PRIMARY KEY (`id`),
  KEY `local_data_id` (`local_data_id`),
  KEY `data_template_id` (`data_template_id`),
  KEY `data_input_id` (`data_input_id`),
  KEY `name_cache` (`name_cache`)
) ENGINE=InnoDB DEFAULT CHARSET=utf8mb4 COLLATE=utf8mb4_unicode_ci ROW_FORMAT=DYNAMIC;

LOCK TABLES `data_template_data` WRITE;
/*!40000 ALTER TABLE `data_template_data` DISABLE KEYS */;

INSERT INTO `data_template_data` (`id`, `local_data_template_data_id`, `local_data_id`, `data_template_id`, `data_input_id`, `t_name`, `name`, `name_cache`, `data_source_path`, `t_active`, `active`, `t_rrd_step`, `rrd_step`, `t_data_source_profile_id`, `data_source_profile_id`)
VALUES
	(1,0,0,1,1,'','|host_description| - 5 Minute CPU','','','','on','',300,'',1),
	(2,0,0,2,2,'on','|host_description| - Traffic','','','','on','',300,'',1),
	(3,0,0,3,2,'on','|host_description| - Errors/Discards','','','','on','',300,'',1),
	(4,0,0,4,2,'on','|host_description| - Unicast Packets','','','','on','',300,'',1),
	(5,0,0,5,2,'on','|host_description| - Non-Unicast Packets','','','','on','',300,'',1),
	(6,0,0,6,10,'','|host_description| - Ping Host','','','','on','',300,'',1),
	(7,0,0,7,1,'on','|host_description| -','','','','on','',300,'',1),
	(8,0,0,8,7,'','|host_description| - Processes','','','','on','',300,'on',1),
	(9,0,0,9,4,'','|host_description| - Load Average','','','','on','',300,'',1),
	(10,0,0,10,5,'','|host_description| - Logged in Users','','','','on','',300,'',1),
	(11,0,0,11,6,'','|host_description| - Memory - Free','','','','on','',300,'',1),
	(12,0,0,12,6,'','|host_description| - Memory - Free Swap','','','','on','',300,'',1),
	(13,0,0,13,11,'on','|host_description| - Hard Drive Space','','','','on','',300,'',1),
	(14,0,0,14,1,'','|host_description| - Load Average - 1 Minute','','','','on','',300,'',1),
	(15,0,0,15,1,'','|host_description| - Load Average - 5 Minute','','','','on','',300,'',1),
	(16,0,0,16,1,'','|host_description| - Load Average - 15 Minute','','','','on','',300,'',1),
	(17,0,0,17,1,'','|host_description| - Memory - Buffers','','','','on','',300,'',1),
	(18,0,0,18,1,'','|host_description| - Memory - Free','','','','on','',300,'',1),
	(19,0,0,19,1,'','|host_description| - Memory - Cache','','','','on','',300,'',1),
	(20,0,0,20,1,'','|host_description| - Memory - Total','','','','on','',300,'',1),
	(21,0,0,21,1,'','|host_description| - Logged in Users','','','','on','',300,'',1),
	(22,0,0,22,1,'','|host_description| - Processes','','','','on','',300,'',1),
	(23,0,0,23,1,'','|host_description| - CPU - System','','','','on','',300,'',1),
	(24,0,0,24,1,'','|host_description| - CPU - User','','','','on','',300,'',1),
	(25,0,0,25,1,'','|host_description| - CPU - Idle','','','','on','',300,'',1),
	(26,0,0,26,1,'','|host_description| - Interrupts','','','','on','',300,'',1),
	(27,0,0,27,1,'','|host_description| - Context Switches','','','','on','',300,'',1),
	(28,0,0,28,13,'','|host_description| - Combined SCSI Disk I/O','','','','on','',300,'',1),
	(29,0,0,29,14,'','|host_description| - Combined SCSI Disk Bytes','','','','on','',300,'',1),
	(30,0,0,30,2,'on','|host_description| - Hard Drive Space','','','','on','',300,'',1),
	(31,0,0,31,12,'','|host_description| - Hard Drive Space','','','','on','',300,'',1),
	(32,0,0,32,12,'','|host_description| - CPU Utilization','','','','on','',300,'on',1),
	(33,0,0,33,2,'','|host_description| - Device I/O -|query_diskIODevice|','','','','on','',300,'',1),
	(34,8,1,8,7,NULL,'|host_description| - Processes','Local Linux Machine - Processes','<path_rra>/local_linux_machine_proc_1.rrd','','on','',300,'',1),
	(35,9,2,9,4,NULL,'|host_description| - Load Average','Local Linux Machine - Load Average','<path_rra>/local_linux_machine_load_1min_2.rrd','','on','',300,'',1),
	(36,10,3,10,5,NULL,'|host_description| - Logged in Users','Local Linux Machine - Logged in Users','<path_rra>/local_linux_machine_users_3.rrd','','on','',300,'',1),
	(37,11,4,11,6,NULL,'|host_description| - Memory - Free','Local Linux Machine - Memory - Free','<path_rra>/local_linux_machine_mem_buffers_4.rrd','','on','',300,'',1),
	(38,12,5,12,6,NULL,'|host_description| - Memory - Free Swap','Local Linux Machine - Memory - Free Swap','<path_rra>/local_linux_machine_mem_swap_5.rrd','','on','',300,'',1);

/*!40000 ALTER TABLE `data_template_data` ENABLE KEYS */;
UNLOCK TABLES;


# Dump of table data_template_rrd
# ------------------------------------------------------------

DROP TABLE IF EXISTS `data_template_rrd`;

CREATE TABLE `data_template_rrd` (
  `id` int(10) unsigned NOT NULL AUTO_INCREMENT,
  `hash` varchar(32) COLLATE utf8mb4_unicode_ci NOT NULL DEFAULT '',
  `local_data_template_rrd_id` int(10) unsigned NOT NULL DEFAULT 0,
  `local_data_id` int(10) unsigned NOT NULL DEFAULT 0,
  `data_template_id` mediumint(8) unsigned NOT NULL DEFAULT 0,
  `t_rrd_maximum` char(2) COLLATE utf8mb4_unicode_ci DEFAULT NULL,
  `rrd_maximum` varchar(20) COLLATE utf8mb4_unicode_ci NOT NULL DEFAULT '0',
  `t_rrd_minimum` char(2) COLLATE utf8mb4_unicode_ci DEFAULT NULL,
  `rrd_minimum` varchar(20) COLLATE utf8mb4_unicode_ci NOT NULL DEFAULT '0',
  `t_rrd_heartbeat` char(2) COLLATE utf8mb4_unicode_ci DEFAULT NULL,
  `rrd_heartbeat` mediumint(6) NOT NULL DEFAULT 0,
  `t_data_source_type_id` char(2) COLLATE utf8mb4_unicode_ci DEFAULT NULL,
  `data_source_type_id` smallint(5) NOT NULL DEFAULT 0,
  `t_data_source_name` char(2) COLLATE utf8mb4_unicode_ci DEFAULT NULL,
  `data_source_name` varchar(19) COLLATE utf8mb4_unicode_ci NOT NULL DEFAULT '',
  `t_data_input_field_id` char(2) COLLATE utf8mb4_unicode_ci DEFAULT NULL,
  `data_input_field_id` mediumint(8) unsigned NOT NULL DEFAULT 0,
  PRIMARY KEY (`id`),
  UNIQUE KEY `duplicate_dsname_contraint` (`local_data_id`,`data_source_name`,`data_template_id`),
  KEY `local_data_id` (`local_data_id`),
  KEY `data_template_id` (`data_template_id`),
  KEY `local_data_template_rrd_id` (`local_data_template_rrd_id`)
) ENGINE=InnoDB DEFAULT CHARSET=utf8mb4 COLLATE=utf8mb4_unicode_ci ROW_FORMAT=DYNAMIC;

LOCK TABLES `data_template_rrd` WRITE;
/*!40000 ALTER TABLE `data_template_rrd` DISABLE KEYS */;

INSERT INTO `data_template_rrd` (`id`, `hash`, `local_data_template_rrd_id`, `local_data_id`, `data_template_id`, `t_rrd_maximum`, `rrd_maximum`, `t_rrd_minimum`, `rrd_minimum`, `t_rrd_heartbeat`, `rrd_heartbeat`, `t_data_source_type_id`, `data_source_type_id`, `t_data_source_name`, `data_source_name`, `t_data_input_field_id`, `data_input_field_id`)
VALUES
	(1,'e96673b4ff97d0e0127c71726c86d2db',0,0,1,'','U','','0','',600,'',1,'','RRDsProcessed','',47),
	(2,'878803580685cc6b6174a7864fe0fd07',0,0,1,'','U','','0','',600,'',1,'','DataSources','',48),
	(3,'d107e27befbe4a1fc861f4f97a0f363e',0,0,1,'','U','','0','',600,'',1,'','HostsPerProcess','',49),
	(4,'dfe4825f22716f75cbfd7e636ae232ac',0,0,1,'','U','','0','',600,'',1,'','Hosts','',50),
	(5,'0532007849f0e7ff7c16e250125aa847',0,0,1,'','U','','0','',600,'',1,'','Threads','',51),
	(6,'1d2d7bb2353049b46e4002b9e1495805',0,0,1,'','U','','0','',600,'',1,'','Processes','',52),
	(7,'5d041918ba1a17fd0a3d569c9f4dc135',0,0,1,'','U','','0','',600,'',1,'','Time','',53),
	(8,'f88a8c6783c762809f3eb50f19b633ca',0,0,2,'','U','','0','',600,'',1,'','time','',54),
	(9,'c71c1d51aa3bc0fe6038c1573f2a4f3f',0,0,2,'','U','','0','',600,'',1,'','rrdupdates','',55),
	(10,'ea735e5f7fa1765712d3d76e18f3eae3',0,0,3,'','U','','0','',600,'',1,'','snmp','',56),
	(11,'4309fc495d6732710867064a807ec57e',0,0,3,'','U','','0','',600,'',1,'','script','',57),
	(12,'bae82932239be2a7719199a94630295b',0,0,3,'','U','','0','',600,'',1,'','script_server','',58),
	(13,'53c6dd5e737bc8d8d40464f5dfae6742',0,0,4,'','U','','0','',600,'',1,'','hosts','',60),
	(14,'2618aebd09137e5fd909fc18eb5b0cde',0,0,4,'','U','','0','',600,'',1,'','time','',59),
	(15,'2cd9f4d9c5c2cfbf030b0e88a406cdcb',0,0,5,'','U','','0','',600,'',1,'','boost_peak_memory','',61),
	(16,'836b76b477ece34ef1d94272b1eb55eb',0,0,6,'','U','','0','',600,'',1,'','active','',64),
	(17,'4637649e759fbdcdd92c34c9cdb8581e',0,0,6,'','U','','0','',600,'',1,'','garbage','',66),
	(18,'8d663e63560701867485fcbdc05fbc1d',0,0,6,'','U','','0','',600,'',1,'','valid','',62),
	(19,'fa5a4e08a3784bda350690d1955df4c5',0,0,6,'','U','','0','',600,'',1,'','sleeping','',65),
	(20,'84c73f2fe39d1b0be26400aaf26359f3',0,0,6,'','U','','0','',600,'',1,'','usleeping','',68),
	(21,'0ed8f3e8db5dbb151d49e2b57fb4d180',0,0,6,'','U','','0','',600,'',1,'','uactive','',67),
	(22,'f6c474da45d8316158a600ef9c1c8d65',0,0,6,'','U','','0','',600,'',1,'','invalid','',63),
	(23,'3f624c1aa46a5d8d8bd2ca865a44efe1',0,0,7,'','U','','0','',600,'',1,'','ExportGraphs','',69),
	(24,'3cb86d927fcc4f4249ccf15665201ff1',0,0,8,'','U','','0','',600,'',1,'','ExportDuration','',70),
	(25,'98b6a387686ac3090ac487598450166f',0,0,9,'','U','','0',NULL,600,'',1,'','incoming','',72),
	(26,'cb1b8aa1ad45375a6394a13d5456f6af',0,0,9,'','U','','0',NULL,600,'',1,'','deletes','',71),
	(27,'c9c6b631656b31aa83c8da990abb1ed1',0,0,9,'','U','','0',NULL,600,'',1,'','alarms','',76),
	(28,'c464bb7170d36d627699da3937146c74',0,0,9,'','U','','0',NULL,600,'',1,'','removes','',73),
	(29,'d0181d4252e2770d878dff2d9e1e44a9',0,0,9,'','U','','0',NULL,600,'',1,'','xfers','',74),
	(30,'ffa3c635a9480a67cc248261280fee76',0,0,10,'','U','','0',NULL,600,'',1,'','syslogRuntime','',78),
	(31,'0943367dc4441a5d1fe3318c0286b85b',0,0,11,'','U','','0',NULL,600,'',1,'','alerts','',75),
	(32,'b5bb959cbecaf827e3cc1c788c5158f6',0,0,11,'','U','','0',NULL,600,'',1,'','reports','',77),
	(33,'575608ece0aadd85775b33b2659a5880',0,0,12,'','U','','0',NULL,600,'',1,'','tholdRuntime','',79),
	(34,'0f1e73889af22930db308bf0cc3cd0a0',0,0,13,'','U','','0','',600,'',1,'','boost_avg_size','',80),
	(35,'84bbf9ee3a2ae1eaf0db2a019231ea9a',0,0,14,'','U','','0','',600,'',1,'','boost_records','',81),
	(36,'8874c6f36a4fe415729464996550a931',0,0,15,'','U','','0','',600,'',1,'','boost_table','',82),
	(37,'96321182f0b87f173d1d28cb01e33f1f',0,0,16,'','U','','0','',600,'',1,'','rrd_delete','',88),
	(38,'b776ee1a06961f969a862cffcf2cd6a7',0,0,16,'','U','','0',NULL,600,'',1,'','rrd_get_records','',83),
	(39,'223a17c021a4a180c68250d3988080d5',0,0,16,'','U','','0',NULL,600,'',1,'','rrd_lastupdate','',86),
	(40,'9b58d296dcc55185d85b7c4e647f9340',0,0,16,'','U','','0',NULL,600,'',1,'','rrd_results_cycle','',84),
	(41,'39897bc24b0f2053d7a406541c69d651',0,0,16,'','U','','0',NULL,600,'',1,'','rrd_template','',85),
	(42,'f8dc4c21582804b2075b7f688d884991',0,0,16,'','U','','0',NULL,600,'',1,'','rrd_update','',87),
	(43,'71e1d3bb9ce51f3589b97944858d6d36',0,0,17,'','U','','0',NULL,600,'',1,'','pollerTime','',0),
	(44,'fa901e0b6b39b012148f3af848e17138',0,0,17,'','U','','0',NULL,600,'',1,'','maxTime','',0),
	(45,'5eb5afe7b887da336e91b40a1d9dfd35',0,0,17,'','U','','0',NULL,600,'',1,'','minTime','',0),
	(46,'7a9101b7416c095512bb386e066e9d26',0,0,17,'','U','','0',NULL,600,'',1,'','avgTime','',0),
	(47,'dccb84135c4398850648f660d0ba9b95',0,0,18,'','U','','0',NULL,600,'',1,'','getSNMP','',0),
	(48,'4b28fded5fc45449154b51372ab14702',0,0,18,'','U','','0',NULL,600,'',1,'','getScript','',0),
	(49,'72a92c1b6f319e1bb1446bf9ce03a56d',0,0,18,'','U','','0',NULL,600,'',1,'','getScriptServer','',0),
	(50,'2f24d087eda2fd6f0411e3bb3a0554a5',0,0,19,'','U','','0',NULL,600,'',1,'','threadCount','',0),
	(51,'19875e8c7320c733d070db08e1892fc3',0,0,19,'','U','','0',NULL,600,'',1,'','processCount','',0),
	(52,'f9a15e3fb9ea92d097ba6cdb6166b45f',0,0,20,'','U','','0','',600,'',1,'','recacheDevices','',0),
	(53,'df73b613c8415809ce4b0163abcfabf0',0,0,20,'','U','','0','',600,'',1,'','recacheTime','',0),
	(54,'72b0a00e93f7e0af991cb2391111fe9d',0,0,21,'','U','','0','',600,'',1,'','redirectTime','',0),
	(55,'e64ff1388b23b7513e7552a24554b3c6',0,0,21,'','U','','0','',600,'',1,'','totalTime','',57),
	(56,'2efcce5e14413e8af2becfe0c27f22ab',0,0,21,'','U','','0','',600,'',1,'','connectTime','',0),
	(57,'67e42a7791d6f999206e6cf326a57a6d',0,0,21,'','U','','0',NULL,600,'',1,'','lookupTime','',0),
	(58,'4d92996d3e8a84abf8810093b2d5ed42',0,0,22,'','U','','0','',600,'',1,'','downloadSize','',0),
	(59,'c23245987b9310cb4f538cf44dd99742',0,0,23,'','U','','0','',600,'',1,'','downloadSpeed','',0),
	(60,'941ad2fce8ea3fc7f77959b45b175f4a',0,0,24,'','U','','0','',600,'',1,'','checkStatus','',0),
	(61,'74c7ddbfab5db5cc22f6193bd06c6d39',0,0,25,'','U','','0',NULL,600,'',1,'','totalGraphs','',0),
	(62,'aca40cd58112e6c3c0b24d99c8f6a0b9',0,0,26,'','U','','0',NULL,600,'',1,'','lastRuntime','',0),
	(63,'3c0fd1a188b64a662dfbfa985648397b',0,0,27,'','100','','0','',600,'',1,'','5min_cpu','',0),
	(64,'d87746b98b16ec2380f2dfa878a11a87',0,0,28,'','U','','0',NULL,600,'',1,'','polling_time','',90),
	(65,'1330cb9379c39216c4c26b5457a3b1bd',0,0,29,'','U','','0',NULL,600,'',1,'','uptime','',92),
	(66,'7d463038911077b759e662d1d3b399ed',0,0,30,'','100','','0','',600,'',1,'','loss','',101),
	(67,'66f673792256a3ea04ec9961eba47fb5',0,0,30,'','500','','0','',600,'',1,'','avg','',98),
	(68,'be2761605f59f3eba221a28c088efb73',0,0,30,'','500','','0','',600,'',1,'','max','',99),
	(69,'5d834e3d35e2c980126cd2a14e89ab6d',0,0,30,'','500','','0','',600,'',1,'','dev','',100),
	(70,'cd17c680d33f47f54a5d2bcda4fbfbf0',0,0,30,'','500','','0','',600,'',1,'','min','',97),
	(71,'2df25c57022b0c7e7d0be4c035ada1a0',0,0,31,'on','100000000000','','0','',600,'',2,'','traffic_in','',0),
	(72,'721c0794526d1ac1c359f27dc56faa49',0,0,31,'on','100000000000','','0','',600,'',2,'','traffic_out','',0),
	(73,'c802e2fd77f5b0a4c4298951bf65957c',0,0,32,'','10000000','','0','',600,'',2,'','errors_in','',0),
	(74,'4e2a72240955380dc8ffacfcc8c09874',0,0,32,'','10000000','','0','',600,'',2,'','discards_in','',0),
	(75,'13ebb33f9cbccfcba828db1075a8167c',0,0,32,'','10000000','','0','',600,'',2,'','discards_out','',0),
	(76,'31399c3725bee7e09ec04049e3d5cd17',0,0,32,'','10000000','','0','',600,'',2,'','errors_out','',0),
	(77,'636672962b5bb2f31d86985e2ab4bdfe',0,0,33,'','1000000000','','0','',600,'',2,'','unicast_in','',0),
	(78,'18ce92c125a236a190ee9dd948f56268',0,0,33,'','1000000000','','0','',600,'',2,'','unicast_out','',0),
	(79,'7be68cbc4ee0b2973eb9785f8c7a35c7',0,0,34,'','1000000000','','0','',600,'',2,'','nonunicast_out','',0),
	(80,'93e2b6f59b10b13f2ddf2da3ae98b89a',0,0,34,'','1000000000','','0','',600,'',2,'','nonunicast_in','',0),
	(81,'5e12c39d73bf510747d6c2baa4e37581',0,0,35,'','100','','0','',600,'',1,'','load','',113),
	(82,'ac3e1e6b63b2b17d4db70219ce2abcf2',0,0,36,'','U','','0','',600,'',1,'','connections','',0),
	(83,'1180aa64110a9e97b8cc7f9538057e37',0,0,37,'','1000000000','','0','',600,'',2,'','packets_in','',0),
	(84,'0f098fddc2554f2b03b64ce895e30ee7',0,0,38,'','1000000000','','0','',600,'',2,'','packets_out','',0),
	(85,'7e34c8fe9abd6a69472bdda68edb7f3c',0,0,39,'','0','','0','',600,'',2,'','http_requests','',0),
	(86,'ea9c23e57802586799fe6b15dfeee29f',0,0,40,'','0','','0','',600,'',2,'','http_get_req','',0),
	(87,'4672027e260c27955b0baeef76316fb3',0,0,41,'','0','','0','',600,'',2,'','http_post_req','',0),
	(88,'161da1dc996455f15856109a0040326f',0,0,42,'','0','','0','',600,'',2,'','http_v9_req','',0),
	(89,'ae608a7a44549f5b7817266454990524',0,0,43,'','0','','0','',600,'',2,'','http_v10_req','',0),
	(90,'7a0fa7854ca8bf00dfbf7fcc484c66f3',0,0,44,'','0','','0','',600,'',2,'','http_v11_req','',0),
	(91,'54d996b862dbae986b0844270475e702',0,0,45,'','0','','0','',600,'',2,'','http_4xx_resp','',0),
	(92,'0540839397987f2d22034d9963708daa',0,0,46,'','0','','0','',600,'',2,'','http_5xx_resp','',0),
	(93,'90db548317d87c7c810fa33592974f3b',0,0,47,'','18446744073709551616','','0','',600,'',2,'','bigip_http_2xx_resp','',0),
	(94,'231290e678e684df405850782ced48ea',0,0,48,'','18446744073709551616','','0','',600,'',2,'','bigip_http_3xx_resp','',0),
	(95,'990c09604e378c077f03fb65de2c9cd2',0,0,49,'','U','','0','',600,'',1,'','global_mem_used','',0),
	(96,'bf014a18da6463f8684b25e1af37a5b1',0,0,50,'','U','','0','',600,'',1,'','global_mem_total','',0),
	(97,'118e8786a658b84ff5d8f79c60090cd2',0,0,51,'','U','','0','',600,'',1,'','tmm_mem_total','',0),
	(98,'657687c23ab7c17684eb1aa250af4838',0,0,52,'','U','','0','',600,'',1,'','tmm_mem_used','',0),
	(99,'54415c06323e0045d76c216755fca62c',0,0,53,'','0','','0','',600,'',2,'','TotNativeConns','',0),
	(100,'dba51c8996f3092d950cc8830525ad34',0,0,54,'','0','','0','',600,'',2,'','TotCompatConns','',0),
	(101,'1ad3d5971ff5ee79a7300c1c7caa0920',0,0,55,'','0','','0','',600,'',2,'','http_precomp_bytes','',0),
	(102,'68a62f9ff3eb8df186562f50c97019bd',0,0,56,'','0','','0','',600,'',2,'','http_postcomp_bytes','',0),
	(103,'656737006645cafbef23ecf443f859c1',0,0,57,'','0','','0','',600,'',2,'','html_precomp_bytes','',0),
	(104,'80d40431aa191684f920183ec213e130',0,0,58,'','0','','0','',600,'',2,'','html_postcomp_bytes','',0),
	(105,'24a7082d55b87a396b211daad565b5c9',0,0,59,'','0','','0','',600,'',2,'','css_precomp_bytes','',0),
	(106,'4a65aa883d18005e88e9065e11443e61',0,0,60,'','0','','0','',600,'',2,'','css_postcomp_bytes','',0),
	(107,'6a20ca60c65b963b37abcca83316aa50',0,0,61,'','0','','0','',600,'',2,'','jscript_precomp_byt','',0),
	(108,'5147994b4d2439d79703c7c058e4f09a',0,0,62,'','0','','0','',600,'',2,'','jscript_postcomp_by','',0),
	(109,'970c12dedbb7340239b0851ca405e6a3',0,0,63,'','0','','0','',600,'',2,'','xml_precomp_bytes','',0),
	(110,'63dd3d299d99c69e4f428727e1775a75',0,0,64,'','0','','0','',600,'',2,'','xml_postcomp_bytes','',0),
	(111,'9e68aed40c504cc3d41cfb658407acca',0,0,65,'','0','','0','',600,'',2,'','sgml_precomp_bytes','',0),
	(112,'d660f6474d74d927b0e0201cf483d779',0,0,66,'','0','','0','',600,'',2,'','sgml_postcomp_bytes','',0),
	(113,'174d97bca887dfa11a75599e4dc29ed5',0,0,67,'','0','','0','',600,'',2,'','plain_precomp_bytes','',0),
	(114,'e8bcdf7dedc42113ecb30f70d5c26473',0,0,68,'','0','','0','',600,'',2,'','plain_postcomp_byte','',0),
	(115,'79472b67cf0fbbc9e3f5b2fc8d49b2a2',0,0,69,'','0','','0','',600,'',2,'','octet_precomp_bytes','',0),
	(116,'d766d45026aef302e4dfdebc50545512',0,0,70,'','0','','0','',600,'',2,'','octet_postcomp_byte','',0),
	(117,'bf2eb2052d703736e8d5fea247de3a77',0,0,71,'','0','','0','',600,'',2,'','image_precomp_bytes','',0),
	(118,'e61cfea2b3345ef30b75fc3092209679',0,0,72,'','0','','0','',600,'',2,'','image_postcomp_byte','',0),
	(119,'a2eeaf7f4bc005c5924ede96691c500a',0,0,73,'','0','','0','',600,'',2,'','video_precomp_bytes','',0),
	(120,'56d99241e930aea1e1241fd27d23f0b4',0,0,74,'','0','','0','',600,'',2,'','video_postcomp_byte','',0),
	(121,'7fec618aa0c1756d5ce2e5cf2b52d2b0',0,0,75,'','0','','0','',600,'',2,'','audio_precomp_bytes','',0),
	(122,'26ae92bbbd61d228ded4a9f43a9d43b8',0,0,76,'','0','','0','',600,'',2,'','audio_postcomp_byte','',0),
	(123,'ea07313ab7536a9ab8cd3a5f36a500f4',0,0,77,'','0','','0','',600,'',2,'','other_precomp_bytes','',0),
	(124,'5cee0bb75cf5e146b7fb9f0c972d17b8',0,0,78,'','0','','0','',600,'',2,'','other_postcomp_byte','',0),
	(125,'c6b905481dff701fd600081268dd3eba',0,0,79,'','0','','0','',600,'',2,'','http_nullcomp_bytes','',0),
	(126,'8cbdd7e730190c29cf273a6c013ca099',0,0,80,'','1000000000','','0','',600,'',2,'on','requests','',0),
	(127,'667f972cb61691fc775eefe755f895cb',0,0,81,'','1000000000','','0','',600,'',2,'','resolutions','',0),
	(128,'5867a0a1ec9831bf0c2a76547192fd89',0,0,82,'','1000000000','','0','',600,'',2,'','persists','',0),
	(129,'e07df8cc6046690948231d5b0fa5481e',0,0,83,'','1000000000','','0','',600,'',2,'','drops','',0),
	(130,'5e7472dd0b0a3dbcb684c5b7739783e1',0,0,84,'','1000000000','','0','',600,'',2,'','returns','',0),
	(131,'b3375e66e78a507170895492d65cd9c0',0,0,85,'','0','','0','',600,'',2,'','imcHitCount','',0),
	(132,'6f2e84513bc60e5603d1d88bc8f1163c',0,0,86,'','0','','0','',600,'',2,'','hdsHitCount','',0),
	(133,'eee7123d95ffbbd6dbb837943ecb7701',0,0,87,'','18446744073709551616','','0','',600,'',1,'','bigip_tmm_mem_used','',0),
	(134,'7efecb45f28ea9fd8ec5626f682ea189',0,0,88,'','18446744073709551616','','0','',600,'',1,'','bigip_tmm_mem_tot','',0),
	(135,'ce4dc2d6d1af5eb0ee57f88e10634a58',0,0,89,'','256','','0','',600,'',1,'','bigip_tmm_mod_cnt','',0),
	(136,'9bb88d55e1dff231dcbf650e481b9219',0,0,90,'','18446744073709551616','','0','',600,'',2,'','bigip_tmm_cpu_tot','',0),
	(137,'62aa028d538605ca7f885c15f8233d30',0,0,91,'','18446744073709551616','','0','',600,'',2,'','bigip_tmm_cpu_idle','',0),
	(138,'e45aad3a8de29f31e352585c32a98562',0,0,92,'','18446744073709551616','','0','',600,'',2,'','bigip_tmm_cpu_sleep','',0),
	(139,'eb750498854698eb8f7522842d340302',0,0,93,'','18446744073709551616','','0','',600,'',2,'','ssl_e_bytes_in_clt','',0),
	(140,'ec287aa08c6e723027940548f11177c5',0,0,94,'','18446744073709551616','','0','',600,'',2,'','ssl_e_bytes_out_clt','',0),
	(141,'a01ac73364e36c80eac5fa8f8846ba88',0,0,95,'','18446744073709551616','','0','',600,'',2,'','ssl_e_bytes_in_srv','',0),
	(142,'b82dd48bed474dbacd1aad326d4e5434',0,0,96,'','18446744073709551616','','0','',600,'',2,'','ssl_e_bytes_out_srv','',0),
	(143,'8089ba2147e5b1caf16d09e9b4cee035',0,0,97,'','18446744073709551616','','0','',600,'',2,'','ssl_conns_tot_clt','',0),
	(144,'056e2d7ff4acf2dc73c8d650ad802c6b',0,0,98,'','18446744073709551616','','0','',600,'',2,'','ssl_conns_tot_srv','',0),
	(145,'bcbc07347b22d02819c5a10eadd2fb9a',0,0,99,'','18446744073709551616','','0','',600,'',2,'','bigip_http_req_tot','',0),
	(146,'ccf914f2788579e83a1733a545b1eb1f',0,0,100,'','18446744073709551616','','0','',600,'',2,'','bigip_http_req_get','',0),
	(147,'9de44bbbe53efadcdefea28649426bec',0,0,101,'','18446744073709551616','','0','',600,'',2,'','bigip_http_req_post','',0),
	(148,'9003b8140016544d3bdb4df9e64c8222',0,0,102,'','18446744073709551616','','0','',600,'',2,'','bigip_http_4xx_resp','',0),
	(149,'809b108ce18aa95dd5bf40bded019e0b',0,0,103,'','18446744073709551616','','0','',600,'',2,'','bigip_http_5xx_resp','',0),
	(150,'dff433c0093773304b5c577f10a12bd8',0,0,104,'','18446744073709551616','','0','',600,'',2,'','bigip_conns_tot_clt','',0),
	(151,'24a7d87cdf2cdd22168776ce72f46283',0,0,105,'','18446744073709551616','','0','',600,'',2,'','bigip_conns_tot_srv','',0),
	(152,'ec93ec9e74cea053911e387b34d3cd03',0,0,106,'','18446744073709551616','','0','',600,'',2,'','bigip_conns_tot_pvc','',0),
	(153,'618b2381716c79bea30599a272f4737a',0,0,107,'','18446744073709551616','','0','',600,'',2,'','bigip_conns_tot_pvs','',0),
	(154,'5a6988b9f3737a294003ca32deca0957',0,0,108,'','4294967296','','0','',600,'',1,'','bigip_conns_cur_clt','',0),
	(155,'b7d1e9cb640a7cf038e3e46a363d38b5',0,0,109,'','4294967296','','0','',600,'',1,'','bigip_conns_cur_srv','',0),
	(156,'da29496daf351862d492408b11e42794',0,0,110,'','4294967296','','0','',600,'',1,'','bigip_conns_cur_pvc','',0),
	(157,'62245922d65b2d381cfac94ffbdc0e8f',0,0,111,'','4294967296','','0','',600,'',1,'','bigip_conns_cur_pvs','',0),
	(158,'5d29bfac02036d7bd0917cf660e7069b',0,0,112,'','18446744073709551616','','0','',600,'',2,'','bigip_udp_dg_rx','',0),
	(159,'0c6fff1ce03568fd67707a2985d7a530',0,0,113,'','18446744073709551616','','0','',600,'',2,'','bigip_udp_dg_tx','',0),
	(160,'d3f9a7439aab992414413ef33b423374',0,0,114,'','18446744073709551616','','0','',600,'',2,'','bigip_tcp_conns_est','',0),
	(161,'15f8b0d6d19365270ac6031bc5cdab1e',0,0,115,'','18446744073709551616','','0','',600,'',2,'','bigip_tcp_conns_fld','',0),
	(162,'d0fdd7cb81c584e585975a14f7a8ca10',0,0,116,'','18446744073709551616','','0','',600,'',2,'','bigip_ip_dg_rx','',0),
	(163,'a020a901b641ab4eaa7506281db979d9',0,0,117,'','18446744073709551616','','0','',600,'',2,'','bigip_ip_dg_tx','',0),
	(164,'2a098ae9e121e4da02b5f1494853c91f',0,0,118,'','18446744073709551616','','0','',600,'',2,'','bigip_bytes_out_clt','',0),
	(165,'80fae69e8b8fac38c8ab04ab3509c9e3',0,0,119,'','18446744073709551616','','0','',600,'',2,'','bigip_bytes_in_clt','',0),
	(166,'d22df9751aab2b46f645956179d955f3',0,0,120,'','18446744073709551616','','0','',600,'',2,'','bigip_bytes_in_pvc','',0),
	(167,'252966e85d940ee699d38e9b42b53eef',0,0,121,'','18446744073709551616','','0','',600,'',2,'','bigip_bytes_out_pvc','',0),
	(168,'cc62e5c8ed6a34b0266898b9eb5d470f',0,0,122,'','18446744073709551616','','0','',600,'',2,'','bigip_bytes_in_srv','',0),
	(169,'1814967b2714d93df7385b91f4405385',0,0,123,'','18446744073709551616','','0','',600,'',2,'','bigip_bytes_out_srv','',0),
	(170,'bd0647a62b7155ddab409312c20d351f',0,0,124,'','18446744073709551616','','0','',600,'',2,'','bigip_bytes_in_pvs','',0),
	(171,'631804faf6b60c37c55ca53213ef0d10',0,0,125,'','18446744073709551616','','0','',600,'',2,'','bigip_bytes_out_pvs','',0),
	(172,'dcf5852deb2cc7beaa7a2d73c4d4ca90',0,0,126,'','18446744073709551616','','0','',600,'',2,'','bigip_pkts_in_clt','',0),
	(173,'073806a2a8bb8ee31f600e42749b559f',0,0,127,'','18446744073709551616','','0','',600,'',2,'','bigip_pkts_out_clt','',0),
	(174,'f49bd334dae61aecaa6902143999d5e1',0,0,128,'','18446744073709551616','','0','',600,'',2,'','bigip_pkts_in_pvc','',0),
	(175,'1c58da165c59d1e2674e25db9124264f',0,0,129,'','18446744073709551616','','0','',600,'',2,'','bigip_pkts_out_pvc','',0),
	(176,'76f99aca3e3457f27c0904b293e1accc',0,0,130,'','18446744073709551616','','0','',600,'',2,'','bigip_pkts_in_srv','',0),
	(177,'f0620158f5014ff713a130e7bbd5daf0',0,0,131,'','18446744073709551616','','0','',600,'',2,'','bigip_pkts_out_srv','',0),
	(178,'62b4c0b7af9457d9dce3388eb8e4e46f',0,0,132,'','18446744073709551616','','0','',600,'',2,'','bigip_pkts_in_pvs','',0),
	(179,'f12ee813ed319c9af872ff636c09136e',0,0,133,'','18446744073709551616','','0','',600,'',2,'','bigip_pkts_out_pvs','',0),
	(180,'ab4bd2202b4b0c728b33a30c394c05f2',0,0,134,'','18446744073709551616','','0','',600,'',2,'','bigip_pkts_dropped','',0),
	(181,'a27243eed8d14b57eb92642d78033348',0,0,135,'','18446744073709551616','','0','',600,'',2,'','bigip_pkts_err_in','',0),
	(182,'6dfdbe01be5894167eebdb5ed8a64d7e',0,0,136,'','18446744073709551616','','0','',600,'',2,'','bigip_pkts_err_out','',0),
	(183,'e75ad401d1e414b3c396ed8640db6730',0,0,137,'','4294967296','','0','',600,'',1,'','ssl_conns_cur_clt','',0),
	(184,'246e7a34f5b637f992f7774bc9810a0e',0,0,138,'','4294967296','','0','',600,'',1,'','ssl_conns_cur_srv','',0),
	(185,'657681a73c9f131dc59efee6869e5e11',0,0,139,'','18446744073709551616','','0','',600,'',2,'','ssl_d_bytes_in_clt','',0),
	(186,'15d69628dc7e5c4a9f88e71c7a85fdfd',0,0,140,'','18446744073709551616','','0','',600,'',2,'','ssl_d_bytes_out_clt','',0),
	(187,'e9c59bb2cdb882cad42d4c0833a73a41',0,0,141,'','18446744073709551616','','0','',600,'',2,'','ssl_d_bytes_in_srv','',0),
	(188,'cb54ec6456ab96bac7e2b123981ce615',0,0,142,'','18446744073709551616','','0','',600,'',2,'','ssl_d_bytes_out_srv','',0),
	(189,'1c9c538dac400f5ed6f87aa526ad3d4c',0,0,143,'','U','','0','',600,'',1,'','apmResultDeny','',0),
	(190,'f175f79019a1ddd7e1936655e534c805',0,0,144,'','U','','0','',600,'',1,'','apmResultAllow','',0),
	(191,'fc28123e42cf24b62b85b043339b2ac1',0,0,145,'','U','','0','',600,'',1,'','apmCActiveSessions','',0),
	(192,'a59a157e4968582aad3c3e1bb3535d48',0,0,146,'','U','','0','',600,'',1,'','apmCActiveSSLVPN','',0),
	(193,'8af07b77c5abfa6d61e201d7fd7e4757',0,0,147,'','U','','0','',600,'',1,'','apmUserLoggedout','',0),
	(194,'0914e9a410cd42b5eb690774d48c53a4',0,0,148,'','U','','0','',600,'',1,'','apmAdminTerminated','',0),
	(195,'8a5033c764b61651cfa460eb50fb2ec2',0,0,149,'','U','','0','',600,'',1,'','apmMiscTerminatedSe','',0),
	(196,'c33daf8ae680dc7794a9fefa3f2f4d65',0,0,150,'','18446744073709551616','','0','',600,'',2,'','ltm_vs_conns_pv_tot','',0),
	(197,'ef58196a87b7a5cbdff3a61221755df0',0,0,150,'','18446744073709551616','','0','',600,'',2,'','ltm_vs_conns_ep_tot','',0),
	(198,'1e79f5529a9edda1293e1f970f30b0cb',0,0,150,'','18446744073709551616','','0','',600,'',2,'','ltm_vs_conns_tot','',0),
	(199,'47338eb0803fdf9e5a74208563e706cc',0,0,150,'','0','','0','',600,'',2,'','VsTotConnections','',0),
	(200,'365255b2df848872af4437d694898fb3',0,0,151,'','18446744073709551616','','0','',600,'',2,'','ltm_vs_bytes_pv_out','',0),
	(201,'4d9b525252e9a45b7d35d0f133dda6f7',0,0,151,'','18446744073709551616','','0','',600,'',2,'','ltm_vs_bytes_pv_in','',0),
	(202,'12265c4b3c6a08187505c53866589c33',0,0,151,'','18446744073709551616','','0','',600,'',2,'','ltm_vs_bytes_out','',0),
	(203,'1c4bd0c07970d0bcb376f772cfd85c39',0,0,151,'','18446744073709551616','','0','',600,'',2,'','ltm_vs_bytes_in','',0),
	(204,'25de33c5dbf91552a9f329089d712162',0,0,151,'','1000000000','','0','',600,'',2,'','traffic_in','',0),
	(205,'5880831decdaacb562346b033657e9ae',0,0,151,'','1000000000','','0','',600,'',2,'','traffic_out','',0),
	(206,'72ce9088d6484312e6427d3029204c89',0,0,152,'','18446744073709551616','','0','',600,'',2,'','bigip_int_bytes_out','',0),
	(207,'e83af52890e06af97ec7a89622dc39e6',0,0,152,'','18446744073709551616','','0','',600,'',2,'','bigip_int_bytes_in','',0),
	(208,'1df8683931d90eca52af176ee5300380',0,0,153,'','1000000000','','0','',600,'',2,'','wip_returns','',0),
	(209,'85eea113c9281153db9bb0d940f69eea',0,0,153,'','1000000000','','0','',600,'',2,'','wip_explicit_ip','',0),
	(210,'6f22d016f6e816e54ea9fd73faa78984',0,0,153,'','1000000000','','0','',600,'',2,'','wip_drops','',0),
	(211,'10b1422fe8906693e835686fc74bcd24',0,0,153,'','1000000000','','0','',600,'',2,'','wip_fallbacks','',0),
	(212,'1af6b30096cb0a17bc4b05518a055d59',0,0,153,'','1000000000','','0','',600,'',2,'','wip_alternates','',0),
	(213,'22e221fd7347d267df26185c2b692704',0,0,153,'','1000000000','','0','',600,'',2,'','wip_prefers','',0),
	(214,'1702c186c38043bc2fb95f9c85ebb249',0,0,153,'','1000000000','','0','',600,'',2,'','wip_requests','',0),
	(215,'9edc98ad6fe2e438aef5c15e8fab0462',0,0,153,'','1000000000','','0','',600,'',2,'','wip_resolutions','',0),
	(216,'9ffeb35725757bb86821a4cd1160f197',0,0,153,'','1000000000','','0','',600,'',2,'','wip_persists','',0),
	(217,'24bac91faed090ac32623be3c5e9bd24',0,0,154,'','1000000000','','0','',600,'',2,'','gtmPool_prefers','',0),
	(218,'21201161c33b21adeb4772570d37fc2f',0,0,154,'','1000000000','','0','',600,'',2,'','gtmPool_alternates','',0),
	(219,'9029054a65d7a80d9f3395222b2a9b2a',0,0,154,'','1000000000','','0','',600,'',2,'','gtmPool_drops','',0),
	(220,'2d9b916bd9b9d6dcd513f26e63608ec4',0,0,154,'','1000000000','','0','',600,'',2,'','gtmPool_fallbacks','',0),
	(221,'baa9ce3c45157f080050838b9b7d8eec',0,0,154,'','1000000000','','0','',600,'',2,'','gtmPool_returns','',0),
	(222,'f82857fd03bca6d85f6f9fb086040277',0,0,155,'','64000','','0','',600,'',1,'','PoolConnections','',0),
	(223,'8d943757bea3d2f10618937f8eb23dd8',0,0,155,'','1000000000','','0','',600,'',2,'','poolTotalConnection','',0),
	(224,'93615df748a1a7707e4b817164ba4f19',0,0,156,'','1000000000','','0','',600,'',2,'','pool_traffic_in','',0),
	(225,'bbd795dbee4e10a16e9f4108e6761a3e',0,0,156,'','1000000000','','0','',600,'',2,'','pool_traffic_out','',0),
	(226,'a8681503224164f09b206d70d66d52ad',0,0,157,'','18446744073709551616','','0','',600,'',2,'','bigip_int_err_in','',0),
	(227,'88b63b4c01486259a2918380ad7663f3',0,0,157,'','18446744073709551616','','0','',600,'',2,'','bigip_int_drps_in','',0),
	(228,'6b73dada323f2653f3ec3050c0fe9562',0,0,157,'','18446744073709551616','','0','',600,'',2,'','bigip_int_drps_out','',0),
	(229,'6875b37b94db985502279fea52aaca45',0,0,157,'','18446744073709551616','','0','',600,'',2,'','bigip_int_err_out','',0),
	(230,'8b65fb5f0ecf18c460567d47878dc3e7',0,0,157,'','18446744073709551616','','0','',600,'',2,'','bigip_int_collis','',0),
	(231,'92136a80e614d59433dc6c977962a5c9',0,0,158,'','18446744073709551616','','0','',600,'',2,'','bigip_int_pkts_in','',0),
	(232,'2c477eda9c647699e5a752bde93f1fab',0,0,158,'','18446744073709551616','','0','',600,'',2,'','bigip_int_pkts_out','',0),
	(233,'78f4807d8bc8a90f692576ac213c92af',0,0,159,'','18446744073709551616','','0','',600,'',2,'','bigip_int_mcast_in','',0),
	(234,'7de245dc88a95bd66a2f2a3b5f84c4a6',0,0,159,'','18446744073709551616','','0','',600,'',2,'','bigip_int_mcast_out','',0),
	(235,'ece43f341791cc945a0620be0dffa783',0,0,160,'','18446744073709551616','','0','',600,'',2,'','ltm_vs_pkts_ep_in','',0),
	(236,'8bbecfc29e02aa02a946b541c06cec6d',0,0,160,'','18446744073709551616','','0','',600,'',2,'','ltm_vs_pkts_ep_out','',0),
	(237,'5f2d33be42879a3e3e4e85216eecfbf3',0,0,160,'','18446744073709551616','','0','',600,'',2,'','ltm_vs_pkts_in','',0),
	(238,'8c3b8194b43719d66772a34a0dc52223',0,0,160,'','18446744073709551616','','0','',600,'',2,'','ltm_vs_pkts_out','',0),
	(239,'96ca6f1fa35fd0d02d1cebfc4e7c7225',0,0,160,'','18446744073709551616','','0','',600,'',2,'','ltm_vs_pkts_pv_in','',0),
	(240,'b96c4c18e50e95f1fc98088fbd972c2c',0,0,160,'','18446744073709551616','','0','',600,'',2,'','ltm_vs_pkts_pv_out','',0),
	(241,'51f0b4b79e49fdc11f027aa4532a00a1',0,0,161,'','4294967296','','0','',600,'',1,'','ltm_vs_conns_cur','',0),
	(242,'566d1cc80a107cfd34d413568ed30bb8',0,0,161,'','4294967296','','0','',600,'',1,'','ltm_vs_conns_ep_cur','',0),
	(243,'799ee01c5351bfcb3c90f6202a7f28ab',0,0,161,'','4294967296','','0','',600,'',1,'','ltm_vs_conns_pv_cur','',0),
	(244,'b2855c916420ef84068475ab5c93f5d7',0,0,162,'','4294967296','','0','',600,'',1,'','ltm_pl_conns_cur','',0),
	(245,'2b12a6a93f8cb78d4ffc39893e67901d',0,0,162,'','4294967296','','0','',600,'',1,'','ltm_pl_conns_pv_cur','',0),
	(246,'7af9245205b4ac29de3bf9ce0f597f49',0,0,163,'','18446744073709551616','','0','',600,'',2,'','ltm_pl_conns_pv_tot','',0),
	(247,'8283c266ac0a1a5e3bbf1289efeb7837',0,0,163,'','18446744073709551616','','0','',600,'',2,'','ltm_pl_conns_tot','',0),
	(248,'c859151e80957999e611c0a25ae5d7da',0,0,164,'','18446744073709551616','','0','',600,'',2,'','ltm_pl_pkts_pv_in','',0),
	(249,'383ba867c6520e209869d90c192ac893',0,0,164,'','18446744073709551616','','0','',600,'',2,'','ltm_pl_pkts_in','',0),
	(250,'1caba4a4e0b4575731f86aa35a3ee7a6',0,0,164,'','18446744073709551616','','0','',600,'',2,'','ltm_pl_pkts_pv_out','',0),
	(251,'3b5c15b24cc7d29db7f5b448647a40d9',0,0,164,'','18446744073709551616','','0','',600,'',2,'','ltm_pl_pkts_out','',0),
	(252,'267a3ef02e19168c5f29413143b91697',0,0,165,'','18446744073709551616','','0','',600,'',2,'','ltm_pl_bytes_pv_out','',0),
	(253,'d59a9961b614cba248b1fe69005ce8b7',0,0,165,'','18446744073709551616','','0','',600,'',2,'','ltm_pl_bytes_pv_in','',0),
	(254,'9ef094e1214fb99324147ac6426ba67d',0,0,165,'','18446744073709551616','','0','',600,'',2,'','ltm_pl_bytes_out','',0),
	(255,'fc9af6203140229cce0ea29e5e0eb9cb',0,0,165,'','18446744073709551616','','0','',600,'',2,'','ltm_pl_bytes_in','',0),
	(256,'2028582de15e6705eab286c875d36146',0,0,166,'','18446744073709551616','','0','',600,'',2,'','ltm_mm_conns_tot','',0),
	(257,'d95d309d56c5d8dcb7a1d668883de789',0,0,166,'','18446744073709551616','','0','',600,'',2,'','ltm_mm_conns_pv_tot','',0),
	(258,'100cb71d37b87970cbfe118b63b34f7e',0,0,167,'','4294967296','','0','',600,'',1,'','ltm_mm_conns_pv_cur','',0),
	(259,'c8b1ff98aebee3797fb36c125b975f52',0,0,167,'','4294967296','','0','',600,'',1,'','ltm_mm_conns_cur','',0),
	(260,'fe416c77d64261d11cf2cc31b56c39dd',0,0,168,'','18446744073709551616','','0','',600,'',2,'','ltm_mm_pkts_out','',0),
	(261,'f2b454a548c42885428fc04d7ef14859',0,0,168,'','18446744073709551616','','0','',600,'',2,'','ltm_mm_pkts_pv_out','',0),
	(262,'25a99dfa55724fa90139118ee90bf3eb',0,0,168,'','18446744073709551616','','0','',600,'',2,'','ltm_mm_pkts_in','',0),
	(263,'a434e11fe62600d1525c214dd877c60e',0,0,168,'','18446744073709551616','','0','',600,'',2,'','ltm_mm_pkts_pv_in','',0),
	(264,'cd4d26d602050140c46d8c01a2d40dad',0,0,169,'','18446744073709551616','','0','',600,'',2,'','ltm_mm_bytes_in','',0),
	(265,'876da1b50b47348def8c0830373ad324',0,0,169,'','18446744073709551616','','0','',600,'',2,'','ltm_mm_bytes_out','',0),
	(266,'f8b8ef6d9f4a3cdbf514d4ced1237b7c',0,0,169,'','18446744073709551616','','0','',600,'',2,'','ltm_mm_bytes_pv_out','',0),
	(267,'774bd945bf0e76a5dc4ca0197123db01',0,0,169,'','18446744073709551616','','0','',600,'',2,'','ltm_mm_bytes_pv_in','',0),
	(268,'5a1ee52b55b67c1785228739ff55a122',0,0,170,'','U','','0','',600,'',1,'','TopChangeCount','',0),
	(269,'3eab1cbb69474ad17ab9a59f8aa92388',0,0,171,'','U','','0','',600,'',1,'','TopChangeTime','',0),
	(270,'634b842b55ac80a0f23559edb17a5639',0,0,172,'','U','','0','',600,'',1,'','MaxTotalSession','',0),
	(271,'73d365bc818725e11ca026d120ca60e2',0,0,172,'','U','','0','',600,'',1,'','CurrentTotalSession','',0),
	(272,'1871ce4fb59f70622ee4fe31db576703',0,0,173,'','U','','0','',600,'',1,'','SessionPerSecond','',0),
	(273,'c0d6140face969b9508c08175bad81c5',0,0,174,'','U','','0','',600,'',2,'','InputBytes','',0),
	(274,'035ef9b744e9c5886c9f0dae516166b5',0,0,174,'','U','','0','',600,'',2,'','OutputBytes','',0),
	(275,'56ff314e127907f0c85039e94509e6c2',0,0,175,'','U','','0','',600,'',2,'','OutputPackets','',0),
	(276,'4b6239f9e1bf20e8d8fe7075bad6fbf9',0,0,175,'','U','','0','',600,'',2,'','InputPackets','',0),
	(277,'ff59d59b887437317707912c7f4fd673',0,0,176,'','U','','0','',600,'',2,'','PolicyLookups','',0),
	(278,'f0985800b045e1bf5c3489d542ff016e',0,0,177,'','U','','0','',600,'',1,'','NumSessions','',0),
	(279,'61bb7c892ed6f424124ee83d0db4062c',0,0,177,'','U','','0','',600,'',1,'','SessionDeleted','',0),
	(280,'2e58af094f35519c65b5895b3cc3c3c4',0,0,178,'','U','','0','',600,'',1,'','CPUUsage','',0),
	(281,'867ad38842925bf84886553c73b3f84e',0,0,179,'','U','','0','',600,'',1,'','MemoryUsage','',0),
	(282,'770b83a3a8cf5ca9906c7f09af9ad84d',0,0,180,'','U','','0','',600,'',1,'','MaxFlowSession','',0),
	(283,'ea4225b83072906e17f811bca534529d',0,0,180,'','U','','0','',600,'',1,'','CurrentFlowSession','',0),
	(284,'d94dc0e9b8d77712739b3820b0d55f24',0,0,181,'','U','','0','',600,'',1,'','CurrentCPSession','',0),
	(285,'e73f9dca220041ac484200466795eb89',0,0,181,'','U','','0','',600,'',1,'','MaxCPSession','',0),
	(286,'ea008e719ac70658a099a341596382cc',0,0,182,'','12000000000','','0','',600,'',2,'','Packets','',0),
	(287,'7fcc9cae151dcfe9fe5cfa41e4b10c7a',0,0,182,'','12000000000','','0','',600,'',2,'','Bytes','',0),
	(288,'8f0cedc0c048701a9ea2694b187c7f63',0,0,182,'','U','','0','',600,'',1,'','TotalPackets','',0),
	(289,'c4ed36ba5986c2093148fe5209ca6555',0,0,182,'','U','','0','',600,'',1,'','TotalBytes','',0),
	(290,'5402d969d4e7a8b29c2fd7728fabf919',0,0,183,'','U','','U','',600,'',1,'','PeerState','',0),
	(291,'29f03211a2359a404cc92a331df2c66b',0,0,184,'','100','','0','',600,'',1,'','CPU','',0),
	(292,'630c32c8be50a363adba69069798efb7',0,0,185,'','U','','U','',600,'',1,'','Temperature','',0),
	(293,'53769e499854055c6dcdf9690e7f43af',0,0,186,'','U','','U','',600,'',1,'','OperationalState','',0),
	(294,'c49add1179d2d2a8ee6f8b95a24ec4a5',0,0,187,'','100','','0','',600,'',1,'','UtlizedRAM','',0),
	(295,'16b0a82ed33a3624d0e2b1d902202f5a',0,0,187,'','U','','U','',600,'',1,'','TotalRAM','',0),
	(296,'27492ea8f32d2a55df572e6aeb2d12af',0,0,188,'','U','','U','',600,'',2,'','SYN_Fragment','',0),
	(297,'0528bf40cd7d69286604b57a38d8d17e',0,0,188,'','U','','U','',600,'',1,'','No_Flag','',0),
	(298,'0e41e027b97d1e785451c3ea4192fddb',0,0,188,'','U','','U','',600,'',2,'','Port_Scan','',0),
	(299,'3527b424386f34f053921daea0729eb0',0,0,188,'','U','','U','',600,'',1,'','SYN_Proxy','',0),
	(300,'3e984f010d0d4209120d253373054902',0,0,188,'','U','','U','',600,'',2,'','FIN_No_ACK','',0),
	(301,'1af40fe847baae7be82422f21b1e2dca',0,0,188,'','U','','U','',600,'',1,'','SYN_FIN','',0),
	(302,'5f7c5f9f378c922b99422c9861f08b7e',0,0,189,'','U','','U','',600,'',2,'','Block_Frag','',0),
	(303,'2d9bf84e339c78df0082242cb700e534',0,0,189,'','U','','U','',600,'',2,'','Bad_Options','',0),
	(304,'b939983dc629b53cf79a696a010fc32c',0,0,189,'','U','','U','',600,'',2,'','Timestamp_Option','',0),
	(305,'8f76aff1c157a8ee9d2838f75d3700c9',0,0,189,'','U','','U','',600,'',2,'','Unknown_Protocal','',0),
	(306,'bc20d23f2627667093c17df6de053f7b',0,0,189,'','U','','U','',600,'',2,'','Security_Option','',0),
	(307,'a636cac270e0fe6727592a3ef78ced0b',0,0,189,'','U','','U','',600,'',2,'','Stream_Option','',0),
	(308,'92e1e93a462d6ccacd65e44072a89981',0,0,189,'','U','','U','',600,'',2,'','Tear_Drop','',0),
	(309,'4a8cb5edb47da9834ea382e906bb6d30',0,0,190,'','U','','U','',600,'',2,'','Loose_SR_Option','',0),
	(310,'878e737777d505637ad342ed602567e2',0,0,190,'','U','','U','',600,'',2,'','Strict_SR_Option','',0),
	(311,'0c50d2cf63ef3aa943518fc53ffc76a2',0,0,190,'','U','','U','',600,'',2,'','Record_Route','',0),
	(312,'154a06a28548d21d3a6a14743187bd02',0,0,190,'','U','','U','',600,'',2,'','Source_Route','',0),
	(313,'d43d413111b30b16abfe8864608ab413',0,0,191,'','U','','U','',600,'',2,'','Large_Packet','',0),
	(314,'cdf4fd152ee09e922cabd7221d67b7d4',0,0,191,'','U','','U','',600,'',2,'','Fragment','',0),
	(315,'7b53ae34d02e3b0b15f77f842d6f44fc',0,0,192,'','U','','U','',600,'',2,'','Source','',0),
	(316,'8c74a2664dbe3c2ad079dfe5f8dcfbc7',0,0,192,'','U','','U','',600,'',2,'','Destination','',0),
	(317,'2e4e9d5898e0bede40578e4601fdc401',0,0,193,'','U','','U','',600,'',2,'','TCP_SYN','',0),
	(318,'7a9fd6047f57c68db9568f0ce8b1daaf',0,0,193,'','U','','U','',600,'',2,'','ICMP','',0),
	(319,'7d6fa7cfbf8a8faa0f04c85bc665bd9f',0,0,193,'','U','','U','',600,'',2,'','UDP','',0);

/*!40000 ALTER TABLE `data_template_rrd` ENABLE KEYS */;
UNLOCK TABLES;


# Dump of table external_links
# ------------------------------------------------------------

DROP TABLE IF EXISTS `external_links`;

CREATE TABLE `external_links` (
  `id` int(11) NOT NULL AUTO_INCREMENT,
  `sortorder` int(11) NOT NULL DEFAULT 0,
  `enabled` char(2) COLLATE utf8mb4_unicode_ci DEFAULT 'on',
  `contentfile` varchar(255) COLLATE utf8mb4_unicode_ci NOT NULL DEFAULT '',
  `title` varchar(20) COLLATE utf8mb4_unicode_ci NOT NULL DEFAULT '',
  `style` varchar(10) COLLATE utf8mb4_unicode_ci NOT NULL DEFAULT '',
  `extendedstyle` varchar(50) COLLATE utf8mb4_unicode_ci NOT NULL DEFAULT '',
  `refresh` int(10) unsigned DEFAULT NULL,
  PRIMARY KEY (`id`)
) ENGINE=InnoDB DEFAULT CHARSET=utf8mb4 COLLATE=utf8mb4_unicode_ci ROW_FORMAT=DYNAMIC COMMENT='Contains external links that are embedded into Cacti';



# Dump of table graph_local
# ------------------------------------------------------------

DROP TABLE IF EXISTS `graph_local`;

CREATE TABLE `graph_local` (
  `id` int(10) unsigned NOT NULL AUTO_INCREMENT,
  `graph_template_id` mediumint(8) unsigned NOT NULL DEFAULT 0,
  `host_id` mediumint(8) unsigned NOT NULL DEFAULT 0,
  `snmp_query_id` mediumint(8) NOT NULL DEFAULT 0,
  `snmp_query_graph_id` mediumint(8) NOT NULL DEFAULT 0,
  `snmp_index` varchar(255) COLLATE utf8mb4_unicode_ci NOT NULL DEFAULT '',
  PRIMARY KEY (`id`),
  KEY `host_id` (`host_id`),
  KEY `graph_template_id` (`graph_template_id`),
  KEY `snmp_query_id` (`snmp_query_id`),
  KEY `snmp_query_graph_id` (`snmp_query_graph_id`),
  KEY `snmp_index` (`snmp_index`)
) ENGINE=InnoDB DEFAULT CHARSET=utf8mb4 COLLATE=utf8mb4_unicode_ci ROW_FORMAT=DYNAMIC COMMENT='Creates a relationship for each item in a custom graph.';



# Dump of table graph_template_input
# ------------------------------------------------------------

DROP TABLE IF EXISTS `graph_template_input`;

CREATE TABLE `graph_template_input` (
  `id` mediumint(8) unsigned NOT NULL AUTO_INCREMENT,
  `hash` varchar(32) COLLATE utf8mb4_unicode_ci NOT NULL DEFAULT '',
  `graph_template_id` mediumint(8) unsigned NOT NULL DEFAULT 0,
  `name` varchar(255) COLLATE utf8mb4_unicode_ci NOT NULL DEFAULT '',
  `description` text COLLATE utf8mb4_unicode_ci DEFAULT NULL,
  `column_name` varchar(50) COLLATE utf8mb4_unicode_ci NOT NULL DEFAULT '',
  PRIMARY KEY (`id`)
) ENGINE=InnoDB DEFAULT CHARSET=utf8mb4 COLLATE=utf8mb4_unicode_ci ROW_FORMAT=DYNAMIC COMMENT='Stores the names for graph item input groups.';

LOCK TABLES `graph_template_input` WRITE;
/*!40000 ALTER TABLE `graph_template_input` DISABLE KEYS */;

INSERT INTO `graph_template_input` (`id`, `hash`, `graph_template_id`, `name`, `description`, `column_name`)
VALUES
	(1,'2600aa2b55802194593075079b3ff217',1,'Data Source [Hosts]','','task_item_id'),
	(2,'6dab3c8fa41460ad4391286f9bd57396',1,'Data Source [HostsPerProcess]','','task_item_id'),
	(3,'e5505ad802ea90cf5e360a9fb1e857dc',2,'Data Source [DataSources]','','task_item_id'),
	(4,'8b36c373383efff32244eed552e9b742',2,'Data Source [RRDsProcessed]','','task_item_id'),
	(5,'3ed026d0c63841377b1de73e7be58202',3,'Data Source [rrdupdates]','','task_item_id'),
	(6,'81e327aec9e80992517e3f3a5020ce15',4,'Data Source [snmp]','','task_item_id'),
	(7,'dc9c886f6822c6244c5ae0f219e5f0d2',4,'Data Source [script]','','task_item_id'),
	(8,'740743098b09bcd7f7d3dbc7a29b1e9e',4,'Data Source [script_server]','','task_item_id'),
	(9,'39824d646b1d533011c21ead3c4c58fe',5,'Data Source [time]','','task_item_id'),
	(10,'2c4fbc040922b3d831918eef776e506b',5,'Data Source [hosts]','','task_item_id'),
	(11,'79efb0416dd656a19afeacbbae491397',6,'Data Source [Processes]','','task_item_id'),
	(12,'5106a9bdddc0fa459a7da4867ecb9e3e',6,'Data Source [Threads]','','task_item_id'),
	(13,'7761849322e2853790244cbd6e809d9b',7,'Data Source [boost_peak_memory]','','task_item_id'),
	(14,'854fdd276a19bde66c1fd85b01c84323',8,'Data Source [invalid]','','task_item_id'),
	(15,'4e946ab824fbadaa732911d419ef9b20',8,'Data Source [valid]','','task_item_id'),
	(16,'8748658cfc138fbe6db24b21e95951e6',9,'Data Source [garbage]','','task_item_id'),
	(17,'5302271ef7a19838fa72acd584fe7dc7',9,'Data Source [sleeping]','','task_item_id'),
	(18,'32367c069ff7f49ef35bdb8037544d47',9,'Data Source [active]','','task_item_id'),
	(19,'86d6401df83db577fac647a0828e0e35',10,'Data Source [usleeping]','','task_item_id'),
	(20,'c2207d5a553d76905f374937d65ab755',10,'Data Source [uactive]','','task_item_id'),
	(21,'2f15a574e7ebc348c61f2dda32db45ee',11,'Data Source [time]','','task_item_id'),
	(22,'965860ed14a227515be0fc6d1c0ffbf9',12,'Data Source [Time]','','task_item_id'),
	(23,'c48d08c1aea006d6c25c4a8593ec5104',12,'Data Source [pollerTime]','','task_item_id'),
	(24,'d9cea8c76eabdbd125a8c01933df6056',13,'Data Source [ExportGraphs]','','task_item_id'),
	(25,'fe137efd47408e88f099487e2493ba56',14,'Data Source [ExportDuration]','','task_item_id'),
	(26,'e5d4b06cdb71b588a7cf95eb07b57a99',15,'Data Source [alarms]','','task_item_id'),
	(27,'ef8b29e436e2ec81458bea086ff739dc',15,'Data Source [incoming]','','task_item_id'),
	(28,'d4605ed35fc87f88bb65540d45c76519',15,'Data Source [removes]','','task_item_id'),
	(29,'22faaae45c2c5967c6277b3790116731',15,'Data Source [xfers]','','task_item_id'),
	(30,'e812b10e7a9ec9f3b11c9b11d6f42ca5',15,'Data Source [deletes]','','task_item_id'),
	(31,'bf21684c0d3609c771e2fc86e9f93472',16,'Data Source [syslogRuntime]','','task_item_id'),
	(32,'c04af440cdf9d6cccd385add2bec14e0',17,'Data Source [alerts]','','task_item_id'),
	(33,'f4995efecb1f9ecf4ff2c3944a5185c1',17,'Data Source [reports]','','task_item_id'),
	(34,'ae88364059011d4c1ff2be83a1294456',18,'Data Source [tholdRuntime]','','task_item_id'),
	(35,'1d9276759ac13c7476f1d27655a68b5e',19,'Data Source [boost_avg_size]','','task_item_id'),
	(36,'9c58ab860bec932b046c1b7a4806942f',20,'Data Source [boost_records]','','task_item_id'),
	(37,'b86dec65127151fb63705cb4d5d0ace2',21,'Data Source [boost_table]','','task_item_id'),
	(38,'8c0796ae670469aa76d5b985d1218cc1',22,'Data Source [rrd_get_records]','','task_item_id'),
	(39,'e6ebd40acb1795585eea87f7c4932796',22,'Data Source [rrd_results_cycle]','','task_item_id'),
	(40,'8711f9fc6934936c1c5cf823e69d4187',22,'Data Source [rrd_lastupdate]','','task_item_id'),
	(41,'6675e0bc0c1455f6b318db7214aa4ba7',22,'Data Source [rrd_template]','','task_item_id'),
	(42,'9de40413fc40b0f4dd0771f8116c596d',22,'Data Source [rrd_update]','','task_item_id'),
	(43,'47582dd0798e137f1ffa790ea21dded5',22,'Data Source [rrd_delete]','','task_item_id'),
	(44,'44dea45d4aac3a4902e9f98d5548696d',23,'Data Source [pollerTime]','','task_item_id'),
	(45,'7c598e4533481afe36785dceb21580a7',23,'Data Source [maxTime]','','task_item_id'),
	(46,'fae46036ee42c83d52592737f9051a83',23,'Data Source [avgTime]','','task_item_id'),
	(47,'dffc76407c8bf9fd148c6058722c8a53',23,'Data Source [minTime]','','task_item_id'),
	(48,'ff1185972e156e03a60d607d9b3bf1f0',24,'Data Source [getSNMP]','','task_item_id'),
	(49,'f3b217e50a15f128abf9fd2e9dac72e4',24,'Data Source [getScriptServer]','','task_item_id'),
	(50,'8967e9dd060a56d3e9369258013a242f',24,'Data Source [getScript]','','task_item_id'),
	(51,'c88a471d1bc7cc3324252f47ae121d4a',25,'Data Source [processCount]','','task_item_id'),
	(52,'c81a934e61492aef9cb3645c6699e391',25,'Data Source [threadCount]','','task_item_id'),
	(53,'1f88e009e145214fd47e9bc1c9ff834e',26,'Data Source [recacheTime]','','task_item_id'),
	(54,'10f516697a767f23e9917712784382be',26,'Data Source [recacheDevices]','','task_item_id'),
	(55,'46e937ea754fc49ebe5596706784d2e0',27,'Data Source [totalTime]','','task_item_id'),
	(56,'1144662dc503a5445f792a47f2d2bdbd',27,'Data Source [connectTime]','','task_item_id'),
	(57,'57ff3b8de76deaacb180d066dca5e58a',27,'Data Source [lookupTime]','','task_item_id'),
	(58,'df85592e25bd094f6aa388d567c55be0',27,'Data Source [redirectTime]','','task_item_id'),
	(59,'728a6922fc0e8a2c87c816300269db50',28,'Data Source [downloadSize]','','task_item_id'),
	(60,'18e3b58fef13fd44972a44adc1d90a45',29,'Data Source [downloadSpeed]','','task_item_id'),
	(61,'ffe65c3ab96a96b48e743054c79108ea',30,'Data Source [checkStatus]','','task_item_id'),
	(62,'ff060f916f471dd16e0949a6a98fca50',31,'Data Source [totalGraphs]','','task_item_id'),
	(63,'1ef8aa80d1ce46714aa23f21cc340317',32,'Data Source [lastRuntime]','','task_item_id'),
	(64,'bb9d83a02261583bc1f92d9e66ea705d',33,'CPU Usage Data Source','','task_item_id'),
	(65,'51196222ed37b44236d9958116028980',33,'Legend Color','','color_id'),
	(66,'b12d40fbd3144b503e3b3a877a14e126',34,'Data Source [polling_time]','','task_item_id'),
	(67,'4565c0c95673d49c176a7601f24587f7',35,'Data Source [uptime]','','task_item_id'),
	(68,'b94581ad461568ab3c9ce9747237b8bb',36,'Data Source [dev]','','task_item_id'),
	(69,'e6cbf72b9bfb7e5fc8170c53adc04d5d',36,'Data Source [loss]','','task_item_id'),
	(70,'eb02a9e783428540f45c4d45ff3d236b',36,'Data Source [max]','','task_item_id'),
	(71,'cf9d3b5f1189a8ab42cae1badee91283',36,'Data Source [avg]','','task_item_id'),
	(72,'f08f82cddf91f1ea225230c9bfc89d75',36,'Data Source [min]','','task_item_id'),
	(73,'e9d4191277fdfd7d54171f153da57fb0',37,'Inbound Data Source','','task_item_id'),
	(74,'7b361722a11a03238ee8ab7ce44a1037',37,'Outbound Data Source','','task_item_id'),
	(75,'fa83cd3a3b4271b644cb6459ea8c35dc',38,'Discards In Data Source','','task_item_id'),
	(76,'7946e8ee1e38a65462b85e31a15e35e5',38,'Errors In Data Source','','task_item_id'),
	(77,'e5acdd5368137c408d56ecf55b0e077c',38,'Discards Out Data Source','','task_item_id'),
	(78,'a028e586e5fae667127c655fe0ac67f0',38,'Errors Out Data Source','','task_item_id'),
	(79,'00ae916640272f5aca54d73ae34c326b',39,'Unicast Packets Out Data Source','','task_item_id'),
	(80,'1bc1652f82488ebfb7242c65d2ffa9c7',39,'Unicast Packets In Data Source','','task_item_id'),
	(81,'e3177d0e56278de320db203f32fb803d',40,'Non-Unicast Packets In Data Source','','task_item_id'),
	(82,'4f20fba2839764707f1c3373648c5fef',40,'Non-Unicast Packets Out Data Source','','task_item_id'),
	(83,'2764a4f142ba9fd95872106a1b43541e',41,'Inbound Data Source','','task_item_id'),
	(84,'f73f7ddc1f4349356908122093dbfca2',41,'Outbound Data Source','','task_item_id'),
	(85,'562726cccdb67d5c6941e9e826ef4ef5',42,'Inbound Data Source','','task_item_id'),
	(86,'82426afec226f8189c8928e7f083f80f',42,'Outbound Data Source','','task_item_id'),
	(87,'69a23877302e7d142f254b208c58b596',43,'Inbound Data Source','','task_item_id'),
	(88,'f28013abf8e5813870df0f4111a5e695',43,'Outbound Data Source','','task_item_id'),
	(89,'8644b933b6a09dde6c32ff24655eeb9a',44,'Outbound Data Source','','task_item_id'),
	(90,'49c4b4800f3e638a6f6bb681919aea80',44,'Inbound Data Source','','task_item_id'),
	(91,'a29d473b1bbc98a1c032237622ea0837',45,'Multicast Packets Out Data Source','','task_item_id'),
	(92,'cc896ba8b616aa6a66a1ba1ce802e68e',45,'Multicast Packets In Data Source','','task_item_id'),
	(93,'a5c3743e175afaa77f6fa1f452f72c32',46,'Non-Unicast Packets In Data Source','','task_item_id'),
	(94,'30e4a03de4ed9d772a0bbe93830b8b73',46,'Non-Unicast Packets Out Data Source','','task_item_id'),
	(95,'345b55f33ac33e429f1c29b871259413',47,'Data Source [load]','','task_item_id'),
	(96,'88ff1f59279a445c95f5b3acfd6ff1e2',48,'Data Source [connections]','','task_item_id'),
	(97,'dabf04cde14e01e9ab410b0f394e3ab4',48,'Legend color connections','','color_id'),
	(98,'9cf83bdb32dd013617e858fc3f618961',49,'Data Source [packets_in]','','task_item_id'),
	(99,'bcf3605f2d90b814d1d72524d2075782',49,'Data Source [packets_out]','','task_item_id'),
	(100,'b650a3a868209cf5695e9997f355ecbe',50,'Data Source [http_requests]','','task_item_id'),
	(101,'e956c543bfd328e4c47a52c603267053',50,'Legend color HTTP requests','','color_id'),
	(102,'2de59fdbcc460411c03c9a9daa451522',50,'Data Source [http_get_req]','','task_item_id'),
	(103,'394cf9ea09c0e147f24ac85a9e8becb4',50,'Data Source [http_post_req]','','task_item_id'),
	(104,'ad7ee5fcf96952547cf3fa71b6358418',50,'Legend Color HTTP Get Requests','','color_id'),
	(105,'26deda0ded7066581e8e223645f635fc',50,'Legend Color HTTP Post Requests','','color_id'),
	(106,'002d37b7a48e9f6ae515098922895b2d',50,'Data Source [http_v9_req]','','task_item_id'),
	(107,'cb1ff6cc12e5ddee50eec5062406d431',50,'Data Source [http_v10_req]','','task_item_id'),
	(108,'8bac7f18a69b848c258f0b7ed7638313',50,'Data Source [http_v11_req]','','task_item_id'),
	(109,'b05315d5410e68ea1cde579aacff8683',50,'Legend Color HTTP V9 Request','','color_id'),
	(110,'7081aeff8b88c9a16453cdb2195f3032',50,'Legend Color HTTP V10 Request','','color_id'),
	(111,'a694ddbf258208d4c04435de812fd715',50,'Legend Color HTTP V11 Request','','color_id'),
	(112,'a35f3a92b329c178c1d31e00b29da553',51,'Data Source [http_4xx_resp]','','task_item_id'),
	(113,'f039a28b8f115f73d76d8ce2517f6d85',51,'Data Source [http_5xx_resp]','','task_item_id'),
	(114,'eb8ddb190d2d650b750f5761e0ebb182',52,'Legend Color 5xx Responses','','color_id'),
	(115,'c798aae84d22c2e0f3b30d15ebeb55c6',52,'Legend Color 4xx Responses','','color_id'),
	(116,'96aeaddc0f05687ce279d654c096eb9b',52,'Data Source [http_5xx_resp]','','task_item_id'),
	(117,'a330444efae27fb2779621d45cb63dfa',52,'Data Source [http_4xx_resp]','','task_item_id'),
	(118,'d749d5fea2aff58f4ef9eb1538c8d0de',52,'Legend Color 3xx Responses','','color_id'),
	(119,'060935f77b5ecbefd8cf8a2c536c1c2e',52,'Legend Color 2xx Responses','','color_id'),
	(120,'8c0f723e85295c92b410ab8637f894f5',52,'Data Source [http_2xx_resp]','','task_item_id'),
	(121,'39920d01b107a606764ad0dca56d0c82',52,'Data Source [http_3xx_resp]','','task_item_id'),
	(122,'d2dbbc99ca57e22b94005a29feaee422',53,'Data Source [global_mem_used]','','task_item_id'),
	(123,'4f21aab4caf6e4934887e494cac1dfb7',53,'Data Source [global_mem_total]','','task_item_id'),
	(124,'1fd55ddde47685753dc3533edd4bb283',53,'Legend color TMM Total Memory','','color_id'),
	(125,'50c6d156fb3decd42021e6192a3dd6b7',53,'Legend Color TMM Used Memory','','color_id'),
	(126,'26952c4b10abb2541abeed8839c7d391',53,'Legend Color Host Total Memory','','color_id'),
	(127,'ee6b726409cef06652ad9e70cedfb75a',53,'Legend Color Host Used Memory','','color_id'),
	(128,'b4b5680987f64c1e262b6b9ca3fcfea6',53,'Data Source [tmm_mem_total]','','task_item_id'),
	(129,'a212a581249144eba1d1b001ce823025',53,'Data Source [tmm_mem_used]','','task_item_id'),
	(130,'e35da374d9c409522e3f15b07bd8bdf7',54,'Data Source [TotCompatConns]','','task_item_id'),
	(131,'04642c8db0f0e2cc0eff71697d07e6e2',54,'Data Source [TotNativeConns]','','task_item_id'),
	(132,'cc2e5ad34f199d64fb918e3c7affedb6',55,'Data Source [video_postcomp_byte]','','task_item_id'),
	(133,'9a6339d4221e0dc93a57a83829f28923',55,'Data Source [image_postcomp_byte]','','task_item_id'),
	(134,'50a898a7d736baaf6160aa8c04531316',55,'Data Source [octet_postcomp_byte]','','task_item_id'),
	(135,'8b82bf6dc23673408687a19a4e98b9a1',55,'Data Source [plain_postcomp_byte]','','task_item_id'),
	(136,'63b26fdd08bb5b81f481561c726c3023',55,'Data Source [sgml_postcomp_bytes]','','task_item_id'),
	(137,'b90b0384772594f64981a3ca85727547',55,'Data Source [xml_postcomp_bytes]','','task_item_id'),
	(138,'f6cfb9376ae27d28f2adedb8d6ce84f0',55,'Data Source [jscript_postcomp_by]','','task_item_id'),
	(139,'ff5a4bf083da3f3394514cf7cd1f8c68',55,'Data Source [css_postcomp_bytes]','','task_item_id'),
	(140,'7320163788efe6eb1ca242d5a4f0c124',55,'Data Source [html_postcomp_bytes]','','task_item_id'),
	(141,'f3616f193871a37841c4cd6b12f58586',55,'Data Source [other_precomp_bytes]','','task_item_id'),
	(142,'0fa5e4ab2f5dd38f009efdf01e3aa4c9',55,'Data Source [plain_precomp_bytes]','','task_item_id'),
	(143,'309ff1d4d644ac32c3cd62c180026908',55,'Data Source [octet_precomp_bytes]','','task_item_id'),
	(144,'3f581c08d1e0ae4de1adc8811156b6ec',55,'Data Source [image_precomp_bytes]','','task_item_id'),
	(145,'5c99ac9e783c232e6d16db3b3a46f5ee',55,'Data Source [video_precomp_bytes]','','task_item_id'),
	(146,'7184ea27059ab9157472ee2f94ae2a8f',55,'Data Source [audio_precomp_bytes]','','task_item_id'),
	(147,'0b6fbd22a8fc2e891b4e01148b6c4f5a',55,'Data Source [sgml_precomp_bytes]','','task_item_id'),
	(148,'f25824a2755f10afb0103c09d253b28c',55,'Data Source [xml_precomp_bytes]','','task_item_id'),
	(149,'33c379032346590242ccd940a20bc92c',55,'Data Source [jscript_precomp_byt]','','task_item_id'),
	(150,'a60892109f6d933b9fb84a4a196580e0',55,'Data Source [css_precomp_bytes]','','task_item_id'),
	(151,'294afc724925b07a0d5471cca838922f',55,'Data Source [html_precomp_bytes]','','task_item_id'),
	(152,'71bc383f87e185630b41fb26b2963bcd',55,'Data Source [http_postcomp_bytes]','','task_item_id'),
	(153,'1fdd71d133bba6cdb82edfecfe713d67',55,'Data Source [http_precomp_bytes]','','task_item_id'),
	(154,'01243fb1dbb21f947f5b9f3e0c435e3d',55,'Data Source [other_postcomp_byte]','','task_item_id'),
	(155,'5d565417f0d95769923eca30fabea6cc',55,'Data Source [audio_postcomp_byte]','','task_item_id'),
	(156,'9b601ba3fe8bd6a87887378686dd06cd',56,'Data Source [http_nullcomp_bytes]','','task_item_id'),
	(157,'b83889c34dbeaf436884156daf8d7e89',56,'Data Source [http_postcomp_bytes]','','task_item_id'),
	(158,'71cfc42569e3e72af57a55453da373cd',56,'Data Source [http_precomp_bytes]','','task_item_id'),
	(159,'a76184dc4d6ba4e6a3c78746390c2025',57,'Data Source [requests]','','task_item_id'),
	(160,'9f3e7bd1ab631ad014d287aa4acc77bb',57,'Data Source [drops]','','task_item_id'),
	(161,'8fe79f8cf2882387cf6878fa7a238df3',57,'Data Source [returns]','','task_item_id'),
	(162,'d3bcd99d9b2259ec0cbe16ea24afcfc5',57,'Data Source [persists]','','task_item_id'),
	(163,'0a99a9af59fefbf9c2630c4d84c462ed',57,'Data Source [resolutions]','','task_item_id'),
	(164,'a2056a577ce9986b8504649056187c19',58,'Data Source [imcHitCount]','','task_item_id'),
	(165,'d6b3ad2f9229d98ecf3269435429e678',58,'Data Source [hdsHitCount]','','task_item_id'),
	(166,'f93ea9bf6c5fbf6f6d6151a078106417',59,'Data Source [bigip_tmm_mod_cnt]','','task_item_id'),
	(167,'627b7b7dc43aa9d1aff24aca99e00ea7',59,'Data Source [bigip_tmm_mem_used]','','task_item_id'),
	(168,'4764bc967c86ae2987bdc0ca676e8048',59,'Data Source [bigip_tmm_mem_tot]','','task_item_id'),
	(169,'97aa7e8e1bf1a2e9a8a1f3648a6b7986',60,'Data Source [bigip_tmm_cpu_sleep]','','task_item_id'),
	(170,'c5a325b3346bb261abed8ba00835f7c9',60,'Data Source [bigip_tmm_cpu_idle]','','task_item_id'),
	(171,'c27826d62bafd8bc18f35b867b4309f9',60,'Data Source [bigip_tmm_cpu_tot]','','task_item_id'),
	(172,'ea4c6920bc800f7f5bd53a3ba8b8955d',60,'Data Source [bigip_tmm_mod_cnt]','','task_item_id'),
	(173,'6ee36fdd3b96079e8cd08ffa6a8d4c84',61,'Data Source [ssl_e_bytes_out_clt]','','task_item_id'),
	(174,'56834dfbd322605cb8ad20c837b1f886',61,'Data Source [ssl_e_bytes_in_clt]','','task_item_id'),
	(175,'7941bad96786757ddc546746417587fd',61,'Data Source [ssl_e_bytes_out_srv]','','task_item_id'),
	(176,'8f39aa5e47dc3048495a9c007940254d',61,'Data Source [ssl_e_bytes_in_srv]','','task_item_id'),
	(177,'3a7d7b6b2ab01e183c37e580876c62cf',62,'Data Source [ssl_conns_tot_srv]','','task_item_id'),
	(178,'a6ce13b73bc2d6ca0e8186f89ff44907',62,'Data Source [ssl_conns_tot_clt]','','task_item_id'),
	(179,'082caba25ddacea36e447691e7df0bc2',63,'Data Source [bigip_http_req_tot]','','task_item_id'),
	(180,'495805bd7a7b2c6b31f09252261cc4b8',63,'Data Source [bigip_http_req_get]','','task_item_id'),
	(181,'0191e13e6afb395e5810cf1bab5e0d95',63,'Data Source [bigip_http_req_post]','','task_item_id'),
	(182,'6bf6dbdb4b91bc9d5ee81953379cc0a5',64,'Data Source [bigip_http_2xx_resp]','','task_item_id'),
	(183,'8880c610bbf76eafa9ef879c996d473c',65,'Data Source [bigip_http_5xx_resp]','','task_item_id'),
	(184,'770c460e61be4a21ae35b69e142b7cf7',65,'Data Source [bigip_http_3xx_resp]','','task_item_id'),
	(185,'89d2ceb36283b828305f42bdb54eab35',65,'Data Source [bigip_http_4xx_resp]','','task_item_id'),
	(186,'9ea31285cfd9725ec84790e70b13fac5',66,'Data Source [bigip_conns_tot_clt]','','task_item_id'),
	(187,'519a12f08d661ec0982001caf9c911bd',66,'Data Source [bigip_conns_tot_srv]','','task_item_id'),
	(188,'383f41cf6853b450995285e5b0aa89ab',66,'Data Source [bigip_conns_tot_pvs]','','task_item_id'),
	(189,'371ba411513003cc457325b45f18a212',66,'Data Source [bigip_conns_tot_pvc]','','task_item_id'),
	(190,'0e7ad6087fbc11acb1f8edf9c182c3a2',67,'Data Source [bigip_conns_cur_clt]','','task_item_id'),
	(191,'d179d477ed884fc29686ffde8f3a36dd',67,'Data Source [bigip_conns_cur_srv]','','task_item_id'),
	(192,'3a7bb03a2babcc8110bc569a766925dd',67,'Data Source [bigip_conns_cur_pvc]','','task_item_id'),
	(193,'a6bf349e3fcfedd02c3446a14a105943',67,'Data Source [bigip_conns_cur_pvs]','','task_item_id'),
	(194,'2978ee4386249772a8c68e2478181d96',68,'Data Source [bigip_udp_dg_tx]','','task_item_id'),
	(195,'be9b1deaeb809775508fc642a1e98b25',68,'Data Source [bigip_udp_dg_rx]','','task_item_id'),
	(196,'1d6efdc88478b251fc1f00850042a52c',69,'Data Source [bigip_tcp_conns_est]','','task_item_id'),
	(197,'642be2dcfa9867c36605b5bedeb9f2fc',69,'Data Source [bigip_tcp_conns_fld]','','task_item_id'),
	(198,'303afae7c48eae6096c00425a9374b7c',70,'Data Source [bigip_ip_dg_rx]','','task_item_id'),
	(199,'ba48173c26d8765406ac51731bdccd08',70,'Data Source [bigip_ip_dg_tx]','','task_item_id'),
	(200,'cb6cf10e06129edcc6120288597c91c0',71,'Data Source [bigip_bytes_out_pvc]','','task_item_id'),
	(201,'4da5c513eb9e623cc8bf42cacb2da837',71,'Data Source [bigip_bytes_out_clt]','','task_item_id'),
	(202,'c11a2a1238b7865432ee8060f96a6d03',71,'Data Source [bigip_bytes_in_clt]','','task_item_id'),
	(203,'df447df38e80e1a3cb2a10602d246c63',71,'Data Source [bigip_bytes_in_pvc]','','task_item_id'),
	(204,'a5b356304ab48fa018ce4c355092e108',72,'Data Source [bigip_bytes_out_srv]','','task_item_id'),
	(205,'2b3cc26a869dbb1fecb5cfd64a69f4c8',72,'Data Source [bigip_bytes_in_srv]','','task_item_id'),
	(206,'c0ea0039919d9e795d68fbe589c84d40',72,'Data Source [bigip_bytes_in_pvs]','','task_item_id'),
	(207,'981224d411ffcb2e0db4e0330a1f0894',72,'Data Source [bigip_bytes_out_pvs]','','task_item_id'),
	(208,'77b572c85231703fc198c6255518a9af',73,'Data Source [bigip_pkts_in_clt]','','task_item_id'),
	(209,'17c8e784b5e0f771cba7dc4153f5ed07',73,'Data Source [bigip_pkts_in_pvc]','','task_item_id'),
	(210,'72a219c4405b3ca7d0614bc9d7a5e1f7',73,'Data Source [bigip_pkts_out_pvc]','','task_item_id'),
	(211,'eab59a6c696dd602f98ffa6256777a76',73,'Data Source [bigip_pkts_out_clt]','','task_item_id'),
	(212,'8dc1f378df2947fbe7a74fd4b0acc94d',74,'Data Source [bigip_pkts_out_pvs]','','task_item_id'),
	(213,'af9224d086d1ec963fb4861bb52ae16e',74,'Data Source [bigip_pkts_out_srv]','','task_item_id'),
	(214,'db671b161dc20c3b0969d97d0b85df11',74,'Data Source [bigip_pkts_in_srv]','','task_item_id'),
	(215,'bb519c63c94931888f5bdc34f7c226cb',74,'Data Source [bigip_pkts_in_pvs]','','task_item_id'),
	(216,'af4fb5e01cdfaaec3fb3793c011a0b91',75,'Data Source [bigip_pkts_err_in]','','task_item_id'),
	(217,'0927c2fea7d715f89e6d9c211ac0b12d',75,'Data Source [bigip_pkts_err_out]','','task_item_id'),
	(218,'bf3e4be1f253fd1629021ad0b44a1b14',75,'Data Source [bigip_pkts_dropped]','','task_item_id'),
	(219,'f12374974dd34334cc35d8b94292e199',76,'Data Source [ssl_conns_cur_srv]','','task_item_id'),
	(220,'3a331f6df35eec75331267b2655f22b9',76,'Data Source [ssl_conns_cur_clt]','','task_item_id'),
	(221,'888d11a094f5530fd1154779ec331c41',77,'Data Source [ssl_d_bytes_in_clt]','','task_item_id'),
	(222,'3e618d0572dfb5948d9d98c0dfd21b08',77,'Data Source [ssl_d_bytes_in_srv]','','task_item_id'),
	(223,'829f16fca3cb77653c0923dfa9d8f969',77,'Data Source [ssl_d_bytes_out_clt]','','task_item_id'),
	(224,'19a764b8e81f4b6722ea5340a460db41',77,'Data Source [ssl_d_bytes_out_srv]','','task_item_id'),
	(225,'dacda4ae64fc447b23d4827047c7cb28',78,'Data Source [apmResultAllow]','','task_item_id'),
	(226,'eaeee9a3e8e6a0b30ea1bb267f386327',78,'Data Source [apmResultDeny]','','task_item_id'),
	(227,'43d181cb24bfbe3c9b12a667757de2a8',79,'Data Source [apmCActiveSessions]','','task_item_id'),
	(228,'11060c80a78f3893eef0f1d505f6523e',79,'Data Source [apmCActiveSSLVPN]','','task_item_id'),
	(229,'defb394bec5a4e0ad2a81600683b0f74',80,'Data Source [apmUserLoggedout]','','task_item_id'),
	(230,'570b973a0e50f09741eb631c01aea456',80,'Data Source [apmAdminTerminated]','','task_item_id'),
	(231,'04f39e4991a2e026b752a3235bb4b87f',80,'Data Source [apmMiscTerminatedSe]','','task_item_id'),
	(232,'f14ee9f2d4589dec7f105f83b1756ba2',81,'Data Source [ltm_vs_conns_pv_tot]','','task_item_id'),
	(233,'da0da3fb5a97e699160dfdeea8843f48',81,'Data Source [ltm_vs_conns_ep_tot]','','task_item_id'),
	(234,'ecdafca46b3ebcdca4e9ad33617cb37e',81,'Data Source [ltm_vs_conns_tot]','','task_item_id'),
	(235,'99db961db5a98fc96544a4ca41dd3433',81,'Data Source [VsConnections]','','task_item_id'),
	(236,'21a6065c4280425bf35b35ef7c4edc3f',81,'Legend color connections','','color_id'),
	(237,'b53c9dec163c318f13e88a5353183797',82,'Data Source [bigip_VsTraffic_out]','','task_item_id'),
	(238,'3ae90ce3e074ccb02f34d49565274654',82,'Data Source [bigip_VsTraffic_in]','','task_item_id'),
	(239,'fb2ec14da530ad86a6cec334b5ca44f1',82,'Legend color VS Traffic out:','','color_id'),
	(240,'510f4e4712fceeb2d32850c5cd4c5342',82,'Legend color VS Traffic in:','','color_id'),
	(241,'c7474ae54e6d518e44f1a7eb4d22a745',83,'Data Source [VsTotConnections]','','task_item_id'),
	(242,'b783d4777e9b514998468ff25ae99eb4',83,'Legend color connections','','color_id'),
	(243,'bf34cc95d75e97c77aa3934daf214a8d',84,'Data Source [traffic_out]','','task_item_id'),
	(244,'0e744d86bf4fe2b4629abcb5e6c6703f',84,'Data Source [traffic_in]','','task_item_id'),
	(245,'fc670f1699a9a2efc788041e44223d0f',85,'Data Source [wip_persists]','','task_item_id'),
	(246,'424d931680dc472a233f09df242160ef',85,'Data Source [wip_resolutions]','','task_item_id'),
	(247,'61250f8660302c3768e680e9d45b7e8f',85,'Data Source [wip_returns]','','task_item_id'),
	(248,'63752fd93867191d63629e80180b2b3d',85,'Data Source [wip_drops]','','task_item_id'),
	(249,'64033c70c8cf73756988b65c1f7beb87',85,'Data Source [wip_requests]','','task_item_id'),
	(250,'8d672515cf99b11704dd4f266d9e21a2',86,'Data Source [gtmPool_prefers]','','task_item_id'),
	(251,'5bfc7b32dbb1b46ba28486f3b55e1795',86,'Data Source [gtmPool_alternates]','','task_item_id'),
	(252,'1286515a9025452068a8c83597d7d301',86,'Data Source [gtmPool_returns]','','task_item_id'),
	(253,'0cf77b880037e55abacab6c063530353',86,'Data Source [gtmPool_drops]','','task_item_id'),
	(254,'7eea0d9fce9e6b4148dba5e84f1b2dd1',86,'Data Source [gtmPool_fallbacks]','','task_item_id'),
	(255,'29abc58aa1c9f5720c7207ba932c45ef',87,'Data Source [PoolConnections]','','task_item_id'),
	(256,'5cc7a05a4ffc520d9cc039e20ac011ff',87,'Legend Color Connections','','color_id'),
	(257,'8d102e2054e5336099b218b58658ec4b',88,'Data Source [poolTotalConnection]','','task_item_id'),
	(258,'f49f484c7c1ff651fab6fa6955649b8e',88,'Legend Color Connection Rate','','color_id'),
	(259,'9ba8a90962c972f231fcb5fe8de7a1d6',89,'Data Source [traffic_in]','','task_item_id'),
	(260,'f64374b4d534754f41552c3eb2fdd74c',89,'Data Source [traffic_out]','','task_item_id'),
	(261,'de6f9b9900e792f60967a703c1d84eee',89,'Legend Color Traffic In','','color_id'),
	(262,'bcceea2d1a32aff0644c3c31ff4538f5',89,'Legend Color Traffic Out','','color_id'),
	(263,'eb5b916e16f4ef577295efa70a834677',90,'Data Source [bigip_int_collis]','','task_item_id'),
	(264,'10e1a45f62bd43398528c7b5c82d3700',90,'Data Source [bigip_int_drps_in]','','task_item_id'),
	(265,'bc4814e9d87b215e6d905ccd9dc32808',90,'Data Source [bigip_int_err_in]','','task_item_id'),
	(266,'f03f0d28cbb5b1386f38a6c5e9731294',90,'Data Source [bigip_int_drps_out]','','task_item_id'),
	(267,'7ad1feef1fc1a7d3442352955bbf9e7e',90,'Data Source [bigip_int_err_out]','','task_item_id'),
	(268,'a799d2f43ee3f77e9b5b127a497e3cd9',91,'Data Source [bigip_int_bytes_in]','','task_item_id'),
	(269,'b6c497900ffb69db5c8d77833ac6783e',91,'Data Source [bigip_int_bytes_out]','','task_item_id'),
	(270,'a4f11c1b11d1cff71fb32180cfd0ef51',92,'Data Source [bigip_int_pkts_in]','','task_item_id'),
	(271,'76a2eec6824dee1a432ff74bb93095b4',92,'Data Source [bigip_int_pkts_out]','','task_item_id'),
	(272,'88242c191728a76c39e5fb9e3cce50e7',93,'Data Source [bigip_int_mcast_out]','','task_item_id'),
	(273,'7b53b3fadff6932cf25d915750bcf649',93,'Data Source [bigip_int_mcast_in]','','task_item_id'),
	(274,'98dd3a9eeb0522d41ecc85648a931d80',94,'Data Source [ltm_vs_bytes_in]','','task_item_id'),
	(275,'f014fa15c08214d793cb4b026e09ab23',94,'Data Source [ltm_vs_bytes_ep_in]','','task_item_id'),
	(276,'dfaa6190655a05b8e5ae4624304ee358',94,'Data Source [ltm_vs_bytes_out]','','task_item_id'),
	(277,'92bca00784e6b76525869049839930d0',94,'Data Source [ltm_vs_bytes_ep_out]','','task_item_id'),
	(278,'47c7200566877459650e391db8b0aec3',94,'Data Source [ltm_vs_bytes_pv_out]','','task_item_id'),
	(279,'ecce7a5ac3fc8761a1024033e5208ba1',94,'Data Source [ltm_vs_bytes_pv_in]','','task_item_id'),
	(280,'fc5d1a183cb00985ddef503be6de34a5',95,'Data Source [ltm_vs_pkts_out]','','task_item_id'),
	(281,'d6b3ab86ef3ba153e3705fc812a22916',95,'Data Source [ltm_vs_pkts_pv_in]','','task_item_id'),
	(282,'42431470c1654729e675214219f36762',95,'Data Source [ltm_vs_pkts_in]','','task_item_id'),
	(283,'8615c73c8ac0d102ee9b7af536681783',95,'Data Source [ltm_vs_pkts_ep_in]','','task_item_id'),
	(284,'e1e880007156fdb622b8dcadc9c80273',95,'Data Source [ltm_vs_pkts_ep_out]','','task_item_id'),
	(285,'3b98f970fd778a8c4f1c69c7cc912b3c',95,'Data Source [ltm_vs_pkts_pv_out]','','task_item_id'),
	(286,'146201b5c13dd3b9f6c3a4c677373ab6',96,'Data Source [ltm_vs_conns_pv_cur]','','task_item_id'),
	(287,'3b7c5b07fcde9b39c1a24ea1a1ed1935',96,'Data Source [ltm_vs_conns_cur]','','task_item_id'),
	(288,'f440ebd8c865696f8ae58960e4daca31',96,'Data Source [ltm_vs_conns_ep_cur]','','task_item_id'),
	(289,'4dfcdd03b9f0088609819ab514dba46e',97,'Data Source [ltm_pl_conns_cur]','','task_item_id'),
	(290,'29bdd242558826f966ea476b6ba3513a',97,'Data Source [ltm_pl_conns_pv_cur]','','task_item_id'),
	(291,'863e40a882ea7a482c19f3882931937d',98,'Data Source [ltm_pl_conns_tot]','','task_item_id'),
	(292,'e298a3b9df7056bb1e3f66f32ec68d50',98,'Data Source [ltm_pl_conns_pv_tot]','','task_item_id'),
	(293,'e8aa017aff3170d6adbf2fbca32bd0ac',99,'Data Source [ltm_pl_pkts_in]','','task_item_id'),
	(294,'c170e2bc46a66849c31b3b966b3b22c3',99,'Data Source [ltm_pl_pkts_pv_in]','','task_item_id'),
	(295,'fe83adfc0dca91dca514c0e6687dcc54',99,'Data Source [ltm_pl_pkts_out]','','task_item_id'),
	(296,'623d5514379775cae6341bf48deaa160',99,'Data Source [ltm_pl_pkts_pv_out]','','task_item_id'),
	(297,'a05004b2521a692cff6d47630fc63f58',100,'Data Source [ltm_pl_bytes_in]','','task_item_id'),
	(298,'598d8747cc1611435e82fb6b7cbc88dc',100,'Data Source [ltm_pl_bytes_pv_in]','','task_item_id'),
	(299,'14ab1465af3eeaf6d7bde2e857b4e5d2',100,'Data Source [ltm_pl_bytes_out]','','task_item_id'),
	(300,'a0a328ce15453988ac8c97b82b5fb938',100,'Data Source [ltm_pl_bytes_pv_out]','','task_item_id'),
	(301,'9af42bed512106bd26d875c63196d111',101,'Data Source [ltm_mm_conns_tot]','','task_item_id'),
	(302,'cccd1ef32cd45bda9849f9452afce892',101,'Data Source [ltm_mm_conns_pv_tot]','','task_item_id'),
	(303,'a4b611cd5b4d056dbefe780b1c0ccd0d',102,'Data Source [ltm_mm_conns_cur]','','task_item_id'),
	(304,'e28edd7fefcdb1ff751558f0926d4514',102,'Data Source [ltm_mm_conns_pv_cur]','','task_item_id'),
	(305,'53e1320b283140ee7cf0e50151d568c4',103,'Data Source [ltm_mm_pkts_in]','','task_item_id'),
	(306,'6bd0e2bb06934a92c3b7d8b02a82580b',103,'Data Source [ltm_mm_pkts_pv_in]','','task_item_id'),
	(307,'ed0fa47856d79d033f60a2653ff0ea91',103,'Data Source [ltm_mm_pkts_out]','','task_item_id'),
	(308,'a688ad1b5830e19ceffe1aae65b4c409',103,'Data Source [ltm_mm_pkts_pv_out]','','task_item_id'),
	(309,'a2dd64eff010ee9b6ed7afc9e1bbfe57',104,'Data Source [ltm_mm_bytes_in]','','task_item_id'),
	(310,'f92ab4e0029f981966c43785329542ff',104,'Data Source [ltm_mm_bytes_pv_in]','','task_item_id'),
	(311,'556939836701c6a4680ae06120232141',104,'Data Source [ltm_mm_bytes_out]','','task_item_id'),
	(312,'0d7dd5f600c8568464e1f9c7130ff2a2',104,'Data Source [ltm_mm_bytes_pv_out]','','task_item_id'),
	(313,'8e2420a5cdde3f5b2b1f69923b4091f2',105,'Data Source [TopChangeCount]','','task_item_id'),
	(314,'2f617dfc8b1f739437e96033b2dc411f',106,'Data Source [TopChangeTime]','','task_item_id'),
	(315,'e4921eea5a403ac97259d9561f1c6ba9',107,'Data Source [CurrentTotalSession]','','task_item_id'),
	(316,'07af9c684ee1ce4a74248d31589c116b',107,'Data Source [MaxTotalSession]','','task_item_id'),
	(317,'e1c648bb7493ed00aa15dd5da1766f0f',108,'Data Source [SessionPerSecond]','','task_item_id'),
	(318,'40c1c3f0afaea1469205978ccd7252f8',109,'Data Source [InputBytes]','','task_item_id'),
	(319,'7c3256c7ab378b8c91215c5c4df239b3',109,'Data Source [OutputBytes]','','task_item_id'),
	(320,'c8c5c837cf8abe673f579a730f7d67cd',110,'Data Source [OutputPackets]','','task_item_id'),
	(321,'f13edb1f82017be99a845574e58e8da3',110,'Data Source [InputPackets]','','task_item_id'),
	(322,'f1c4e912ee3c11618927c85fd6cdc8a5',111,'Data Source [PolicyLookups]','','task_item_id'),
	(323,'932c67527e163be0dc3bb9b6b43e4a56',112,'Data Source [SessionDeleted]','','task_item_id'),
	(324,'65479750ba5c1ba57738ae1c57af284e',112,'Data Source [NumSessions]','','task_item_id'),
	(325,'ee199891e998c6a80daa937671d4c3a4',113,'Data Source [CPUUsage]','','task_item_id'),
	(326,'e487239a54a4aa019ff58b99f29ca5c6',114,'Data Source [MemoryUsage]','','task_item_id'),
	(327,'0cdb7001c82ebc30e8f09d3fbe03861d',115,'Data Source [CurrentFlowSession]','','task_item_id'),
	(328,'5c4360f47b18a7dd02f0e24d28f266e0',115,'Data Source [MaxFlowSession]','','task_item_id'),
	(329,'57829ffe0755f22f3fb674c5a357b972',116,'Data Source [MaxCPSession]','','task_item_id'),
	(330,'1dc9931f17bce06968b0068a8dea587b',116,'Data Source [CurrentCPSession]','','task_item_id'),
	(331,'365b28acebb185114c3e49c43a5a4f18',116,'Data Source [CurrentCPSession]','','task_item_id'),
	(332,'0bc801993430dd01b3495b056a040a02',116,'Data Source [MaxCPSession]','','task_item_id'),
	(333,'ad44f7a2f7eb1d349dff9c0e955ddba4',117,'Data Source [Packets]','','task_item_id'),
	(334,'82b5bde9b13a9308e5b81f57422f24d0',117,'Data Source [Bytes]','','task_item_id'),
	(335,'e15969a808b0058546cf61fd2ed96820',117,'Data Source [TotalBytes]','','task_item_id'),
	(336,'a79a5f5de70552c655f4ce8ee26296fe',118,'Data Source [TotalPackets]','','task_item_id'),
	(337,'6b663c9f1104196e968c3935a9d59c8c',118,'Data Source [Packets]','','task_item_id'),
	(338,'491467ee1be4dcc22a5d4b3756b9f85a',119,'Data Source [PeerState]','','task_item_id'),
	(339,'51f6ab7bec4088e8e5631ca4e0d46bb9',120,'Data Source [CPU]','','task_item_id'),
	(340,'f57df5aee3b42ad37e215d1eebaee218',121,'Data Source [Temperature]','','task_item_id'),
	(341,'92ae25d9815a7e3e6419cdcff698ec7a',122,'Data Source [OperationalState]','','task_item_id'),
	(342,'27e3d7f1fca1f5e7dc574f366088273a',123,'Data Source [TotalRAM]','','task_item_id'),
	(343,'18593565572ff1823b029be55f05885d',123,'Data Source [UtlizedRAM]','','task_item_id'),
	(344,'5b8c643c2836e004e28068971bf8e415',124,'Data Source [Port_Scan]','','task_item_id'),
	(345,'226540311df18809ae463fff36e029f6',124,'Data Source [No_Flag]','','task_item_id'),
	(346,'c7f6241e1d5df89129a31e8cef58a42a',124,'Data Source [FIN_No_ACK]','','task_item_id'),
	(347,'23dce72813f338303aa68a1e4baaf0ec',124,'Data Source [SYN_Fragment]','','task_item_id'),
	(348,'80135f04f0e0107b287da378b38dfa08',124,'Data Source [SYN_FIN]','','task_item_id'),
	(349,'511d39ba436ec6c01f835d57ab410488',124,'Data Source [SYN_Proxy]','','task_item_id'),
	(350,'11b2c242ea9702a1f486d549773c152a',125,'Data Source [Block_Frag]','','task_item_id'),
	(351,'8fe8705c7adac4d7424e672a6300c4de',125,'Data Source [Tear_Drop]','','task_item_id'),
	(352,'e5b8f27e9250990d21ef1644293a5881',125,'Data Source [Unknown_Protocal]','','task_item_id'),
	(353,'fe44f85fb4e2993da2f33f1ef8873c1a',125,'Data Source [Bad_Options]','','task_item_id'),
	(354,'0e990357f20b97c92d4bb62632d0806d',125,'Data Source [Timestamp_Option]','','task_item_id'),
	(355,'7c4d5112a700b519370df1f0bb8d6769',125,'Data Source [Security_Option]','','task_item_id'),
	(356,'e0250937693faf5b6e8a1c926aa66a37',125,'Data Source [Stream_Option]','','task_item_id'),
	(357,'f8db605f8d68bb00bc6acd35d8de01d5',126,'Data Source [Loose_SR_Option]','','task_item_id'),
	(358,'8e911ba84b2f191c86d1f96f50f786db',126,'Data Source [Strict_SR_Option]','','task_item_id'),
	(359,'2a88939ba219b7f500f7afa148207811',126,'Data Source [Record_Route]','','task_item_id'),
	(360,'8626c44fda356f10cf1eb2b8551c2610',126,'Data Source [Source_Route]','','task_item_id'),
	(361,'f1ab8af5e7207e421c8e6635846dc2dd',127,'Data Source [Fragment]','','task_item_id'),
	(362,'c74db070625abb81a7ed854b41751c20',127,'Data Source [Large_Packet]','','task_item_id'),
	(363,'898b8b37788f243fbf40e613d0f03a5d',128,'Data Source [Destination]','','task_item_id'),
	(364,'9dbe2f838f9e841c3391e9340b313cf9',128,'Data Source [Source]','','task_item_id'),
	(365,'6de48c5a53a61059e2b3584acb55f425',129,'Data Source [TCP_SYN]','','task_item_id'),
	(366,'f12ffa891ee3ccccb226e76c9b6cd8a6',129,'Data Source [ICMP]','','task_item_id'),
	(367,'93271c887d30b817cd7df913f666e08e',129,'Data Source [UDP]','','task_item_id');

/*!40000 ALTER TABLE `graph_template_input` ENABLE KEYS */;
UNLOCK TABLES;


# Dump of table graph_template_input_defs
# ------------------------------------------------------------

DROP TABLE IF EXISTS `graph_template_input_defs`;

CREATE TABLE `graph_template_input_defs` (
  `graph_template_input_id` int(10) unsigned NOT NULL DEFAULT 0,
  `graph_template_item_id` int(12) unsigned NOT NULL DEFAULT 0,
  PRIMARY KEY (`graph_template_input_id`,`graph_template_item_id`),
  KEY `graph_template_input_id` (`graph_template_input_id`)
) ENGINE=InnoDB DEFAULT CHARSET=utf8mb4 COLLATE=utf8mb4_unicode_ci ROW_FORMAT=DYNAMIC COMMENT='Stores the relationship for what graph items are associated';

LOCK TABLES `graph_template_input_defs` WRITE;
/*!40000 ALTER TABLE `graph_template_input_defs` DISABLE KEYS */;

INSERT INTO `graph_template_input_defs` (`graph_template_input_id`, `graph_template_item_id`)
VALUES
	(1,1),
	(1,2),
	(1,3),
	(1,4),
	(1,5),
	(2,6),
	(2,7),
	(2,8),
	(2,9),
	(2,10),
	(3,11),
	(3,12),
	(3,13),
	(3,14),
	(3,15),
	(3,16),
	(4,17),
	(4,18),
	(4,19),
	(4,20),
	(4,21),
	(4,22),
	(5,23),
	(5,24),
	(5,25),
	(5,26),
	(5,27),
	(5,28),
	(6,29),
	(6,30),
	(6,31),
	(6,32),
	(6,33),
	(7,34),
	(7,35),
	(7,36),
	(7,37),
	(7,38),
	(8,39),
	(8,40),
	(8,41),
	(8,42),
	(8,43),
	(9,44),
	(9,45),
	(9,46),
	(9,47),
	(9,48),
	(10,49),
	(10,50),
	(10,51),
	(10,52),
	(10,53),
	(11,54),
	(11,55),
	(11,56),
	(11,57),
	(11,58),
	(12,59),
	(12,60),
	(12,61),
	(12,62),
	(12,63),
	(13,64),
	(13,65),
	(13,66),
	(13,67),
	(13,68),
	(13,69),
	(14,70),
	(14,71),
	(14,72),
	(14,73),
	(15,74),
	(15,75),
	(15,76),
	(15,77),
	(16,86),
	(16,87),
	(16,88),
	(16,89),
	(16,90),
	(16,91),
	(17,78),
	(17,79),
	(17,80),
	(17,81),
	(18,82),
	(18,83),
	(18,84),
	(18,85),
	(19,92),
	(19,93),
	(19,94),
	(19,95),
	(20,96),
	(20,97),
	(20,98),
	(20,99),
	(21,100),
	(21,101),
	(21,102),
	(21,103),
	(21,104),
	(21,105),
	(22,106),
	(22,107),
	(22,108),
	(22,109),
	(22,110),
	(22,111),
	(24,112),
	(24,113),
	(24,114),
	(24,115),
	(24,116),
	(24,117),
	(25,118),
	(25,119),
	(25,120),
	(25,121),
	(25,122),
	(25,123),
	(26,124),
	(26,125),
	(26,126),
	(26,127),
	(27,128),
	(27,129),
	(27,130),
	(27,131),
	(28,132),
	(28,133),
	(28,134),
	(28,135),
	(29,136),
	(29,137),
	(29,138),
	(29,139),
	(30,140),
	(30,141),
	(30,142),
	(30,143),
	(31,144),
	(31,145),
	(31,146),
	(31,147),
	(31,148),
	(32,149),
	(32,150),
	(32,151),
	(32,152),
	(33,153),
	(33,154),
	(33,155),
	(33,156),
	(34,157),
	(34,158),
	(34,159),
	(34,160),
	(34,161),
	(35,162),
	(35,163),
	(35,164),
	(35,165),
	(35,166),
	(36,167),
	(36,168),
	(36,169),
	(36,170),
	(36,171),
	(37,172),
	(37,173),
	(37,174),
	(37,175),
	(37,176),
	(38,177),
	(38,178),
	(38,179),
	(38,180),
	(39,181),
	(39,182),
	(39,183),
	(39,184),
	(40,185),
	(40,186),
	(40,187),
	(40,188),
	(41,189),
	(41,190),
	(41,191),
	(41,192),
	(42,193),
	(42,194),
	(42,195),
	(42,196),
	(43,197),
	(43,198),
	(43,199),
	(43,200),
	(44,205),
	(44,206),
	(44,207),
	(44,208),
	(44,221),
	(45,209),
	(45,210),
	(45,211),
	(45,212),
	(46,213),
	(46,214),
	(46,215),
	(46,216),
	(47,217),
	(47,218),
	(47,219),
	(47,220),
	(48,222),
	(48,223),
	(48,224),
	(48,225),
	(49,226),
	(49,227),
	(49,228),
	(49,229),
	(50,230),
	(50,231),
	(50,232),
	(50,233),
	(51,234),
	(51,235),
	(51,236),
	(51,237),
	(52,238),
	(52,239),
	(52,240),
	(52,241),
	(53,242),
	(53,243),
	(53,244),
	(53,245),
	(53,246),
	(54,247),
	(54,248),
	(54,249),
	(54,250),
	(54,251),
	(55,252),
	(55,253),
	(55,254),
	(55,255),
	(56,256),
	(56,257),
	(56,258),
	(56,259),
	(57,260),
	(57,261),
	(57,262),
	(57,263),
	(58,264),
	(58,265),
	(58,266),
	(58,267),
	(59,268),
	(59,269),
	(59,270),
	(59,271),
	(60,272),
	(60,273),
	(60,274),
	(60,275),
	(61,276),
	(61,277),
	(61,278),
	(61,279),
	(62,280),
	(62,281),
	(62,282),
	(62,283),
	(62,284),
	(63,285),
	(63,286),
	(63,287),
	(63,288),
	(63,289),
	(64,290),
	(64,291),
	(64,292),
	(64,293),
	(65,290),
	(66,294),
	(66,295),
	(66,296),
	(66,297),
	(67,298),
	(67,299),
	(67,300),
	(67,301),
	(68,340),
	(68,345),
	(69,305),
	(70,339),
	(70,344),
	(71,315),
	(71,338),
	(71,343),
	(71,346),
	(72,321),
	(72,322),
	(72,323),
	(72,324),
	(72,325),
	(72,326),
	(72,337),
	(72,342),
	(73,347),
	(73,348),
	(73,349),
	(73,350),
	(73,351),
	(74,352),
	(74,353),
	(74,354),
	(74,355),
	(74,356),
	(75,357),
	(75,358),
	(75,359),
	(75,360),
	(76,361),
	(76,362),
	(76,363),
	(76,364),
	(77,365),
	(77,366),
	(77,367),
	(77,368),
	(78,369),
	(78,370),
	(78,371),
	(78,372),
	(79,377),
	(79,378),
	(79,379),
	(79,380),
	(79,382),
	(80,373),
	(80,374),
	(80,375),
	(80,376),
	(80,381),
	(81,383),
	(81,384),
	(81,385),
	(81,386),
	(81,391),
	(82,387),
	(82,388),
	(82,389),
	(82,390),
	(83,392),
	(83,393),
	(83,394),
	(83,395),
	(83,396),
	(84,397),
	(84,398),
	(84,399),
	(84,400),
	(84,401),
	(85,402),
	(85,403),
	(85,404),
	(85,405),
	(85,406),
	(86,407),
	(86,408),
	(86,409),
	(86,410),
	(86,411),
	(86,413),
	(86,414),
	(87,415),
	(87,416),
	(87,417),
	(87,418),
	(87,419),
	(87,420),
	(88,421),
	(88,422),
	(88,423),
	(88,424),
	(88,425),
	(88,426),
	(89,433),
	(89,434),
	(89,435),
	(89,436),
	(89,437),
	(89,438),
	(90,427),
	(90,428),
	(90,429),
	(90,430),
	(90,431),
	(90,432),
	(91,443),
	(91,444),
	(91,445),
	(91,446),
	(91,448),
	(92,439),
	(92,440),
	(92,441),
	(92,442),
	(92,447),
	(93,449),
	(93,450),
	(93,451),
	(93,452),
	(93,457),
	(94,453),
	(94,454),
	(94,455),
	(94,456),
	(94,458),
	(95,459),
	(95,460),
	(95,461),
	(95,462),
	(95,463),
	(96,464),
	(96,465),
	(96,466),
	(96,467),
	(97,464),
	(98,469),
	(98,470),
	(98,471),
	(98,472),
	(99,473),
	(99,474),
	(99,475),
	(99,476),
	(100,478),
	(100,479),
	(100,480),
	(100,481),
	(101,478),
	(102,482),
	(102,483),
	(102,484),
	(102,485),
	(103,486),
	(103,487),
	(103,488),
	(103,489),
	(104,482),
	(105,486),
	(106,490),
	(106,491),
	(106,492),
	(106,493),
	(107,494),
	(107,495),
	(107,496),
	(107,497),
	(108,498),
	(108,499),
	(108,500),
	(108,501),
	(109,490),
	(110,494),
	(111,498),
	(112,502),
	(112,503),
	(112,504),
	(112,505),
	(113,507),
	(113,508),
	(113,509),
	(114,525),
	(115,521),
	(116,521),
	(116,522),
	(116,523),
	(116,524),
	(117,525),
	(117,526),
	(117,527),
	(117,528),
	(119,513),
	(120,513),
	(122,543),
	(122,544),
	(122,545),
	(122,546),
	(123,541),
	(123,542),
	(124,535),
	(125,537),
	(126,541),
	(127,543),
	(128,535),
	(128,536),
	(129,537),
	(129,538),
	(129,539),
	(129,540),
	(130,551),
	(130,552),
	(130,553),
	(130,554),
	(130,555),
	(130,556),
	(130,557),
	(130,558),
	(131,547),
	(131,548),
	(131,549),
	(131,550),
	(131,555),
	(131,556),
	(131,557),
	(131,558),
	(132,587),
	(133,586),
	(134,585),
	(135,584),
	(136,583),
	(137,582),
	(138,581),
	(139,580),
	(140,579),
	(141,578),
	(142,573),
	(143,574),
	(144,575),
	(145,576),
	(146,577),
	(147,572),
	(148,571),
	(149,570),
	(150,569),
	(151,568),
	(152,564),
	(152,565),
	(152,566),
	(152,567),
	(153,560),
	(153,561),
	(153,562),
	(153,563),
	(154,589),
	(155,588),
	(156,598),
	(156,599),
	(156,600),
	(156,601),
	(157,594),
	(157,595),
	(157,596),
	(157,597),
	(158,590),
	(158,591),
	(158,592),
	(158,593),
	(159,618),
	(159,619),
	(159,620),
	(159,621),
	(160,614),
	(160,615),
	(160,616),
	(160,617),
	(161,610),
	(161,611),
	(161,612),
	(161,613),
	(162,606),
	(162,607),
	(162,608),
	(162,609),
	(163,602),
	(163,603),
	(163,604),
	(163,605),
	(164,622),
	(164,623),
	(164,624),
	(164,625),
	(165,626),
	(165,627),
	(165,628),
	(165,629),
	(166,643),
	(167,638),
	(167,639),
	(167,640),
	(167,641),
	(168,632),
	(168,633),
	(168,634),
	(168,635),
	(168,636),
	(168,637),
	(169,648),
	(169,649),
	(169,650),
	(169,651),
	(170,652),
	(170,653),
	(170,654),
	(170,655),
	(171,644),
	(171,645),
	(171,646),
	(171,647),
	(172,657),
	(173,666),
	(173,667),
	(173,668),
	(173,669),
	(174,658),
	(174,659),
	(174,660),
	(174,661),
	(175,670),
	(175,671),
	(175,672),
	(175,673),
	(176,662),
	(176,663),
	(176,664),
	(176,665),
	(177,675),
	(177,676),
	(177,677),
	(177,678),
	(178,679),
	(178,680),
	(178,681),
	(178,682),
	(179,691),
	(179,692),
	(179,693),
	(179,694),
	(180,687),
	(180,688),
	(180,689),
	(180,690),
	(181,683),
	(181,684),
	(181,685),
	(181,686),
	(182,695),
	(182,696),
	(182,697),
	(182,698),
	(182,699),
	(183,700),
	(183,701),
	(183,702),
	(183,703),
	(184,708),
	(184,709),
	(184,710),
	(184,711),
	(185,704),
	(185,705),
	(185,706),
	(185,707),
	(186,712),
	(186,713),
	(186,714),
	(186,715),
	(187,720),
	(187,721),
	(187,722),
	(187,723),
	(188,724),
	(188,725),
	(188,726),
	(188,727),
	(189,716),
	(189,717),
	(189,718),
	(189,719),
	(190,728),
	(190,729),
	(190,730),
	(190,731),
	(191,736),
	(191,737),
	(191,738),
	(191,739),
	(192,732),
	(192,733),
	(192,734),
	(192,735),
	(193,740),
	(193,741),
	(193,742),
	(193,743),
	(194,748),
	(194,749),
	(194,750),
	(194,751),
	(195,744),
	(195,745),
	(195,746),
	(195,747),
	(196,752),
	(196,753),
	(196,754),
	(196,755),
	(197,756),
	(197,757),
	(197,758),
	(197,759),
	(198,760),
	(198,761),
	(198,762),
	(198,763),
	(199,764),
	(199,765),
	(199,766),
	(199,767),
	(200,780),
	(200,781),
	(200,782),
	(200,783),
	(201,776),
	(201,777),
	(201,778),
	(201,779),
	(202,768),
	(202,769),
	(202,770),
	(202,771),
	(203,772),
	(203,773),
	(203,774),
	(203,775),
	(204,793),
	(204,794),
	(204,796),
	(205,785),
	(205,786),
	(205,787),
	(205,788),
	(206,789),
	(206,790),
	(206,791),
	(206,792),
	(207,797),
	(207,798),
	(207,799),
	(207,800),
	(208,802),
	(208,803),
	(208,804),
	(208,805),
	(209,806),
	(209,807),
	(209,808),
	(209,809),
	(210,814),
	(210,815),
	(210,816),
	(210,817),
	(211,810),
	(211,811),
	(211,812),
	(211,813),
	(212,831),
	(212,832),
	(212,833),
	(212,834),
	(213,827),
	(213,828),
	(213,829),
	(213,830),
	(214,819),
	(214,820),
	(214,821),
	(214,822),
	(215,823),
	(215,824),
	(215,825),
	(215,826),
	(216,840),
	(216,841),
	(216,842),
	(216,843),
	(217,844),
	(217,845),
	(217,846),
	(217,847),
	(218,836),
	(218,837),
	(218,838),
	(218,839),
	(219,848),
	(219,849),
	(219,850),
	(219,851),
	(220,852),
	(220,853),
	(220,854),
	(220,855),
	(221,856),
	(221,857),
	(221,858),
	(221,859),
	(222,860),
	(222,861),
	(222,862),
	(222,863),
	(223,864),
	(223,865),
	(223,866),
	(223,867),
	(224,868),
	(224,869),
	(224,870),
	(224,871),
	(225,873),
	(225,874),
	(225,875),
	(225,876),
	(226,877),
	(226,878),
	(226,879),
	(226,880),
	(227,881),
	(227,882),
	(227,883),
	(227,884),
	(228,885),
	(228,886),
	(228,887),
	(228,888),
	(229,889),
	(229,890),
	(229,891),
	(229,892),
	(230,893),
	(230,894),
	(230,895),
	(230,896),
	(231,897),
	(231,898),
	(231,899),
	(231,900),
	(232,916),
	(232,917),
	(232,918),
	(232,919),
	(233,912),
	(233,913),
	(233,914),
	(233,915),
	(234,903),
	(234,906),
	(234,908),
	(234,910),
	(235,902),
	(235,904),
	(235,907),
	(235,909),
	(236,902),
	(237,924),
	(237,925),
	(237,926),
	(237,927),
	(238,920),
	(238,921),
	(238,922),
	(238,923),
	(239,924),
	(240,920),
	(241,929),
	(241,930),
	(241,931),
	(241,932),
	(242,929),
	(243,938),
	(243,939),
	(243,940),
	(243,941),
	(244,934),
	(244,935),
	(244,936),
	(244,937),
	(245,946),
	(245,947),
	(245,948),
	(245,949),
	(246,942),
	(246,943),
	(246,944),
	(246,945),
	(247,951),
	(247,952),
	(247,953),
	(248,955),
	(248,956),
	(248,957),
	(249,959),
	(249,960),
	(249,961),
	(250,962),
	(250,963),
	(250,964),
	(250,965),
	(251,966),
	(251,967),
	(251,968),
	(251,969),
	(252,978),
	(252,979),
	(252,980),
	(252,981),
	(253,974),
	(253,975),
	(253,976),
	(253,977),
	(254,970),
	(254,971),
	(254,972),
	(254,973),
	(255,982),
	(255,983),
	(255,984),
	(255,985),
	(255,986),
	(256,982),
	(257,987),
	(257,988),
	(257,989),
	(257,990),
	(258,987),
	(259,992),
	(259,993),
	(259,994),
	(259,995),
	(260,996),
	(260,997),
	(260,998),
	(260,999),
	(261,992),
	(262,996),
	(263,1017),
	(263,1018),
	(263,1019),
	(263,1020),
	(264,1001),
	(264,1002),
	(264,1003),
	(264,1004),
	(265,1005),
	(265,1006),
	(265,1007),
	(265,1008),
	(266,1009),
	(266,1010),
	(266,1011),
	(266,1012),
	(267,1013),
	(267,1014),
	(267,1015),
	(267,1016),
	(268,1021),
	(268,1022),
	(268,1023),
	(268,1024),
	(269,1025),
	(269,1026),
	(269,1027),
	(269,1028),
	(270,1029),
	(270,1030),
	(270,1031),
	(270,1032),
	(271,1033),
	(271,1034),
	(271,1035),
	(271,1036),
	(272,1041),
	(272,1042),
	(272,1043),
	(272,1044),
	(273,1037),
	(273,1038),
	(273,1039),
	(273,1040),
	(274,1046),
	(274,1047),
	(274,1048),
	(274,1049),
	(275,1050),
	(275,1051),
	(275,1052),
	(275,1053),
	(276,1059),
	(276,1060),
	(276,1061),
	(276,1062),
	(277,1063),
	(277,1064),
	(277,1065),
	(277,1066),
	(278,1067),
	(278,1068),
	(278,1069),
	(278,1070),
	(279,1054),
	(279,1055),
	(279,1056),
	(279,1057),
	(280,1086),
	(280,1087),
	(280,1088),
	(280,1089),
	(281,1081),
	(281,1082),
	(281,1083),
	(281,1084),
	(282,1073),
	(282,1074),
	(282,1075),
	(282,1076),
	(283,1077),
	(283,1078),
	(283,1079),
	(283,1080),
	(284,1090),
	(284,1091),
	(284,1092),
	(284,1093),
	(285,1072),
	(285,1085),
	(285,1094),
	(285,1095),
	(285,1096),
	(285,1097),
	(285,1098),
	(286,1107),
	(286,1108),
	(286,1109),
	(286,1110),
	(287,1099),
	(287,1100),
	(287,1101),
	(287,1102),
	(288,1103),
	(288,1104),
	(288,1105),
	(288,1106),
	(289,1111),
	(290,1115),
	(291,1119),
	(291,1120),
	(291,1121),
	(291,1122),
	(292,1123),
	(292,1124),
	(292,1125),
	(292,1126),
	(293,1137),
	(294,1141),
	(295,1128),
	(296,1132),
	(297,1147),
	(298,1151),
	(299,1156),
	(300,1160),
	(301,1165),
	(301,1166),
	(301,1167),
	(301,1168),
	(302,1169),
	(302,1170),
	(302,1171),
	(302,1172),
	(303,1173),
	(304,1177),
	(305,1182),
	(306,1186),
	(307,1191),
	(308,1195),
	(309,1201),
	(310,1205),
	(311,1210),
	(312,1214),
	(313,1219),
	(313,1220),
	(313,1221),
	(313,1222),
	(313,1223),
	(313,1224),
	(314,1225),
	(314,1226),
	(314,1227),
	(314,1228),
	(314,1229),
	(314,1230),
	(315,1231),
	(315,1232),
	(315,1233),
	(315,1234),
	(315,1235),
	(316,1236),
	(316,1237),
	(317,1238),
	(317,1239),
	(317,1240),
	(317,1241),
	(317,1242),
	(318,1245),
	(318,1246),
	(318,1247),
	(318,1248),
	(318,1249),
	(319,1244),
	(319,1250),
	(319,1251),
	(319,1252),
	(319,1253),
	(319,1254),
	(320,1262),
	(320,1263),
	(320,1264),
	(320,1265),
	(320,1266),
	(321,1257),
	(321,1258),
	(321,1259),
	(321,1260),
	(321,1261),
	(322,1269),
	(322,1270),
	(322,1271),
	(322,1272),
	(322,1273),
	(323,1277),
	(324,1276),
	(324,1278),
	(324,1279),
	(324,1280),
	(324,1281),
	(324,1282),
	(325,1283),
	(325,1284),
	(325,1285),
	(325,1286),
	(325,1287),
	(326,1288),
	(326,1289),
	(326,1290),
	(326,1291),
	(326,1292),
	(327,1293),
	(327,1294),
	(327,1295),
	(327,1296),
	(328,1297),
	(328,1298),
	(329,1303),
	(329,1304),
	(330,1299),
	(330,1300),
	(330,1301),
	(330,1302),
	(333,1305),
	(334,1306),
	(334,1308),
	(334,1309),
	(334,1310),
	(334,1311),
	(335,1312),
	(336,1320),
	(337,1314),
	(337,1316),
	(337,1317),
	(337,1318),
	(337,1319),
	(338,1321),
	(338,1322),
	(339,1334),
	(339,1336),
	(339,1337),
	(339,1338),
	(339,1339),
	(339,1340),
	(340,1341),
	(340,1342),
	(340,1343),
	(340,1344),
	(340,1345),
	(340,1346),
	(340,1347),
	(341,1350),
	(341,1351),
	(342,1364),
	(343,1359),
	(343,1360),
	(343,1361),
	(343,1362),
	(343,1365),
	(343,1366),
	(344,1367),
	(344,1368),
	(344,1369),
	(344,1370),
	(345,1371),
	(345,1372),
	(345,1373),
	(345,1374),
	(346,1375),
	(346,1376),
	(346,1377),
	(346,1378),
	(347,1379),
	(347,1380),
	(347,1381),
	(347,1382),
	(348,1383),
	(348,1384),
	(348,1385),
	(348,1386),
	(349,1387),
	(349,1388),
	(349,1389),
	(349,1390),
	(350,1391),
	(350,1392),
	(350,1393),
	(350,1394),
	(351,1395),
	(351,1396),
	(351,1397),
	(351,1398),
	(352,1399),
	(352,1400),
	(352,1401),
	(352,1402),
	(353,1403),
	(353,1404),
	(353,1405),
	(353,1406),
	(354,1407),
	(354,1408),
	(354,1409),
	(354,1410),
	(355,1411),
	(355,1412),
	(355,1413),
	(355,1414),
	(356,1415),
	(356,1416),
	(356,1417),
	(356,1418),
	(357,1419),
	(357,1420),
	(357,1421),
	(357,1422),
	(358,1423),
	(358,1424),
	(358,1425),
	(358,1426),
	(359,1427),
	(359,1428),
	(359,1429),
	(359,1430),
	(360,1431),
	(360,1432),
	(360,1433),
	(360,1434),
	(361,1435),
	(361,1436),
	(361,1437),
	(361,1438),
	(362,1439),
	(362,1440),
	(362,1441),
	(362,1442),
	(363,1443),
	(363,1444),
	(363,1445),
	(363,1446),
	(364,1447),
	(364,1448),
	(364,1449),
	(364,1450),
	(365,1451),
	(365,1452),
	(365,1453),
	(365,1454),
	(366,1455),
	(366,1456),
	(366,1457),
	(366,1458),
	(367,1459),
	(367,1460),
	(367,1461),
	(367,1462);

/*!40000 ALTER TABLE `graph_template_input_defs` ENABLE KEYS */;
UNLOCK TABLES;


# Dump of table graph_templates
# ------------------------------------------------------------

DROP TABLE IF EXISTS `graph_templates`;

CREATE TABLE `graph_templates` (
  `id` mediumint(8) unsigned NOT NULL AUTO_INCREMENT,
  `hash` char(32) COLLATE utf8mb4_unicode_ci NOT NULL DEFAULT '',
  `name` char(255) COLLATE utf8mb4_unicode_ci NOT NULL DEFAULT '',
  `multiple` char(2) COLLATE utf8mb4_unicode_ci NOT NULL DEFAULT '',
  PRIMARY KEY (`id`),
  KEY `multiple_name` (`multiple`,`name`(171)),
  KEY `name` (`name`(171))
) ENGINE=InnoDB DEFAULT CHARSET=utf8mb4 COLLATE=utf8mb4_unicode_ci ROW_FORMAT=DYNAMIC COMMENT='Contains each graph template name.';

LOCK TABLES `graph_templates` WRITE;
/*!40000 ALTER TABLE `graph_templates` DISABLE KEYS */;

INSERT INTO `graph_templates` (`id`, `hash`, `name`, `multiple`)
VALUES
	(1,'d4d9ba31d18ea0e68f8b2fd89b1dae92','Cacti Stats - Devices',''),
	(2,'a50a3bc4e066509b42440ab0e06621fb','Cacti Stats - Main Poller DS/RRD',''),
	(3,'7bb3750476173205d78e311bf6c1f29d','Cacti Stats - Boost Updates',''),
	(4,'9cd180035d1c3c356001443ccd3c029e','Cacti Stats - Total Poller Items',''),
	(5,'bb6ae539aa2820d7b37da36992bd3f12','Cacti Stats - Recache (Legacy)',''),
	(6,'5cd07a18f0076e900def9b79e1785861','Cacti Stats - Processes (Legacy)',''),
	(7,'1b9b8b6504ab7b73a8e13e8671e6c509','Cacti Stats - Boost Memory',''),
	(8,'ad4ea3a1098d5f10fcda988546ca9d78','Cacti Stats - User Logins',''),
	(9,'1457dec786872e830766b2768254f8c5','Cacti Stats - User Sessions',''),
	(10,'b0735807abd3052d4db6065f2411fb41','Cacti Stats - User Types',''),
	(11,'716619d434129b9bd90be43618b5bb54','Cacti Stats - Boost Runtime',''),
	(12,'d102a1438c07245d192805e90ba5e42e','Cacti Stats - Main Poller Runtime',''),
	(13,'51954f9e80badf0c9bc1e67777210ef5','Cacti Stats - Export Graphs (Legacy)',''),
	(14,'f67c5d8ba4bbdd3ecfe7b1854745cabf','Cacti Stats - Export Duration (Legacy)',''),
	(15,'5d893f5aee233b192e02612aff47024d','Cacti Stats - Syslog Activity',''),
	(16,'621277ec8450d399db596a2d171cd5b3','Cacti Stats - Syslog Runtime',''),
	(17,'40a91456224a4426c55934ef3413a650','Cacti Stats - Syslog Alerts/Reports',''),
	(18,'e706b17bc68ad7f19c398dcc8f11f8c1','Cacti Stats - Thold Runtime',''),
	(19,'471c9e317c6367c55ccb503317a31257','Cacti Stats - Boost Average Row Size',''),
	(20,'5f5f062f7e63298286ce5c898eb91cf5','Cacti Stats - Boost Records',''),
	(21,'a8f16dfc82c0d3ab595830e70719958d','Cacti Stats - Boost Table Size',''),
	(22,'c3592c9f0a195076da0fcd6c01e3d676','Cacti Stats - Boost Timing Detail',''),
	(23,'bac8b167f00ed98fea715c2f9c6c0aaf','Cacti Stats - Collector Runtime',''),
	(24,'c6cc8c783be165409c113558f8f72923','Cacti Stats - Collector Items',''),
	(25,'945f74875f8e03aadf6735af5c0f11e5','Cacti Stats - Collector Settings',''),
	(26,'ffbb6607d79c397cf7a9e038a2468c4b','Cacti Stats - Collector Recache Stats',''),
	(27,'52d74f16af1b03f725ac2e696dc50445','Cacti Stats - WebSeer Timing',''),
	(28,'7581c1bece3710774ff2be60bf2ff0cc','Cacti Stats - WebSeer Download Size',''),
	(29,'e4089f6ac6ae8a30cfed7445bb7cce95','Cacti Stats - WebSeer Download Speed',''),
	(30,'2ca099e4bb6ae26846c741b6e01c73ae','Cacti Stats - WebSeer Status',''),
	(31,'c666eb00d5bd1f8d24e9dfb993f073c6','Cacti Stats - Export Graphs',''),
	(32,'2b4c7fb3d698e6bd375cddd4dbc1e083','Cacti Stats - Export Duration',''),
	(33,'9a5e6d7781cc1bd6cf24f64dd6ffb423','Cisco - CPU Usage',''),
	(34,'cd8d52f25b080c482485b61b236a433f','Device - Polling Time',''),
	(35,'ab37cbed8610deeffbb20dc1fe57b330','Device - Uptime',''),
	(36,'ea8c30d7761c7633d8a360b39af1ea93','PING - Advanced Ping',''),
	(37,'5deb0d66c81262843dce5f3861be9966','Interface - Traffic (bits/sec)',''),
	(38,'06621cd4a9289417cadcb8f9b5cfba80','Interface - Errors/Discards',''),
	(39,'e0d1625a1f4776a5294583659d5cee15','Interface - Unicast Packets',''),
	(40,'10ca5530554da7b73dc69d291bf55d38','Interface - Non-Unicast Packets',''),
	(41,'df244b337547b434b486662c3c5c7472','Interface - Traffic (bytes/sec)',''),
	(42,'1742b2066384637022d178cc5072905a','Interface - Traffic (bits/sec, 95th)',''),
	(43,'13b47e10b2d5db45707d61851f69c52b','Interface - Traffic (bits/sec, BW)',''),
	(44,'8ad6790c22b693680e041f21d62537ac','Interface - Traffic (bytes/sec, BW)',''),
	(45,'d4dff05337bbf42c70cb6f73647d0d2a','Interface - Multicast Packets',''),
	(46,'ed3f434a9ebd2f23ab9bc173d608b3d7','Interface - Broadcast Packets',''),
	(47,'fc175c7f3655ed7f02692903889a7010','MultiCPU avg',''),
	(48,'65846a0a4c8649349f2bef84eddc8930','F5 BIG-IP - Global Connections',''),
	(49,'e0fcadb927ee5380091f56747faa6ccf','F5 BIG-IP - Global packets/sec',''),
	(50,'ea4f089ea77b5149269ad23218906f62','F5 BIG-IP - Global HTTP Requests',''),
	(51,'b55ee0b8b022bd224475d6a86567e5d0','F5 BIG-IP - Global HTTP Response Errors',''),
	(52,'16a4e2b5a5438d042defcf181779a931','F5 BIG-IP - Global HTTP Responses',''),
	(53,'d519d6dcbbad5730ae89448b60a1117a','F5 BIG-IP - Memory Utilization',''),
	(54,'a46b89ddd4fd18082b88b2e73395f489','F5 BIG-IP - SSL TPS',''),
	(55,'981d5f3d49417e9885453f17567722bc','F5 BIG-IP - Global Compression Detail',''),
	(56,'3fad6d9fb96fb02aa455c0a137d4614c','F5 BIG-IP - Global Compression Stats',''),
	(57,'04fec064c49565b5d1177dbbfb98b6cf','F5 GTM - Global DNS Statistics',''),
	(58,'6658d3cd1524812087fa51cf27e99670','F5 WA - Hit Counts',''),
	(59,'4bf828a04e48e2ab5b68601bb920652c','F5 BigIP - TMM - Memory',''),
	(60,'83cd00566b81ae5d28ab2d62478539d4','F5 BigIP - TMM - CPU Cycles',''),
	(61,'280ac21382330ffec5602feb269b85e0','F5 BigIP - SSL - Encrypted Traffic',''),
	(62,'2363d8a23b236b416cb433b6ad2d283f','F5 BigIP - SSL - Connection Rate',''),
	(63,'3c2d5a3992a33111845c46d057c3eb52','F5 BigIP - Global - HTTP - Requests',''),
	(64,'1151a3f1e1fd560255a714a771f01d93','F5 BigIP - Global - HTTP - Responses 2xx',''),
	(65,'8dbf00f590ef574706c0ff6c35eb9ce6','F5 BigIP - Global - HTTP - Responses 3xx 4xx 5xx',''),
	(66,'354d4d5144c147a4d5ade1bb7ef23fb4','F5 BigIP - Global - Connection Rate',''),
	(67,'31e85a50a6031db2b9ad3a7f741528e0','F5 BigIP - Global - Connections Current',''),
	(68,'0a502f2dd9aed1f49b50c4863bd31a73','F5 BigIP - Global - UDP Traffic',''),
	(69,'cc8280f1036052bb23814e0cd37552c9','F5 BigIP - Global - TCP Traffic',''),
	(70,'f3983ccbcda82246e9345ae852c6ad00','F5 BigIP - Global - IP Traffic',''),
	(71,'39b49af153f7c8d701b555d7fec5ced5','F5 BigIP - Global - Traffic - Client',''),
	(72,'2d9d7bbe7f89019c428f271fd911c427','F5 BigIP - Global - Traffic - Server',''),
	(73,'732bd1ea343eea40a2c2c938824e10d3','F5 BigIP - Global - Packets - Client',''),
	(74,'c533f99adcc0a9ba7adb99aa71aa996a','F5 BigIP - Global - Packets - Server',''),
	(75,'4cd01de6414d25bdd749b37d54fb97be','F5 BigIP - Global - Packets - Errors',''),
	(76,'20e0998337c68cec99985315bc88ed99','F5 BigIP - SSL - Current Connections',''),
	(77,'4d6302494f6dab2bcfa377e18fa95f87','F5 BigIP - SSL - Decrypted Traffic',''),
	(78,'c1d65d7bb1aaf0697b065a6f5cde6a49','F5 BigIP - APM - Access Policy Results',''),
	(79,'68e6bd9eabf20ebec9cf461708f7e70b','F5 BigIP - APM - Active Portal Sessions and VPN Connections',''),
	(80,'13f7aed7f849bdaa175d4df20310d7f4','F5 BigIP - APM - Terminated Sessions',''),
	(81,'c6a35001c86d3c53c938f838c1647561','F5 BigIP - VS - Connection Rate',''),
	(82,'6e91aad07423cc4fc1def87fa8886b8f','F5 BIG-IP - VS Traffic (bits/sec)',''),
	(83,'96131df337ed97aaf3dd563e0ce7a37e','F5 BIG-IP - VS Connection Rate',''),
	(84,'ecdd6b407fbbe7d12455eadcfeaeb86d','F5 BIG-IP - Interface Traffic (bits/sec)',''),
	(85,'6fa0fe81060ec60077b4c3db80220ace','F5 GTM - WideIP Statistics',''),
	(86,'ad941478418b61f140a25e99f00d81f7','F5 GTM - Pool Statistics',''),
	(87,'51b3ca1a1975491ed8c4e7a41922f41e','F5 BIG-IP - Pool Connections',''),
	(88,'17d9057cbf1e9bd9eff2a21d3bb668df','F5 BIG-IP - Pool Connection Rate',''),
	(89,'66e584d3a7496495f5772afe24cc3818','F5 BIG-IP - Pool Traffic (bits/sec)',''),
	(90,'db3531303edbd000fb3265c1b4cc6681','F5 BigIP - Interface - Errors',''),
	(91,'e742dc60b5ead9d20625a8d00068f378','F5 BigIP - Interface - Traffic',''),
	(92,'47e5259c5c862fc0aeac4dc190aa628c','F5 BigIP - Interface - Packets',''),
	(93,'13eae15c701c26a4f55966cf99e57c30','F5 BigIP - Interface - Packets Multicast',''),
	(94,'2c6a0907fe27f2b5d0f7e645927b6ef4','F5 BigIP - VS - Traffic',''),
	(95,'a415c732032d720425b97ca99d3203a9','F5 BigIP - VS - Packets',''),
	(96,'cf60cf777bde2d5911b7106f272f5200','F5 BigIP - VS - Connections Current',''),
	(97,'eb31452225f8def522fc11e5a1e20987','F5 BigIP - Pool - Connections Current',''),
	(98,'e1fa9a3300ea6f08ae0326ccb269c456','F5 BigIP - Pool - Connection Rate',''),
	(99,'679d858c84841aa851f06d3b85ab1755','F5 BigIP - Pool - Packets',''),
	(100,'8b2daa3586e9bf307f8b2c1b9f5b4d72','F5 BigIP - Pool - Traffic',''),
	(101,'35937099aafde804e092c066df239b88','F5 BigIP - Member - Connection Rate',''),
	(102,'371cce97f25ff37745f5ba180c8ca4c2','F5 BigIP - Member - Connections Current',''),
	(103,'161df9483424a39e88d8a42b68e8f592','F5 BigIP - Member - Packets',''),
	(104,'a203e44dd8eca5376758b3bf67d92948','F5 BigIP - Member - Traffic',''),
	(105,'736a6d0fa02e3fe28defe270a40daa04','SpanningTree - Topology Count',''),
	(106,'dd752283879369369600dd24c910cf0a','SpanningTree - Topology Time',''),
	(107,'b78bb333b65dc76a0c1f89d035fbe788','Juniper SRX - CP Sessions',''),
	(108,'4f118a22bf6f968375d0dae4081d4816','Juniper SRX - CP Sessions Per Second',''),
	(109,'3e6a6518fe823ca830e08b4e4aa34a5e','Juniper SRX - Security Policy - Traffic',''),
	(110,'2bdefbf0a4a8a0f88d2952f624cd0a57','Juniper SRX - Security Policy - Packets',''),
	(111,'df29d59f7e56d08bf413064ae855a056','Juniper SRX - Security Policy - Lookups',''),
	(112,'3f35f3dbcd37b03fdd4c643b66182bcb','Juniper SRX - Security Policy - Sessions',''),
	(113,'0844a9bc9abdaddfa8f7a6ef3f2cce41','Juniper SRX - SPU CPU',''),
	(114,'dd15dc8cf1596ada8ca45b06089a38af','Juniper SRX - SPU Memory',''),
	(115,'141be5764423d2c01ec47e6613b49206','Juniper SRX - SPU Flow Sessions',''),
	(116,'232ea28ac8b1e85535862086678d15be','Juniper SRX - SPU CP Sessions',''),
	(117,'1e11974c3c2eac05ea453b14294a6069','Juniper - Firewall Filter Traffic',''),
	(118,'6c7bc94998c25a7275ee487ce861f2d0','Juniper - Firewall Filter Packets',''),
	(119,'6befc92a0884d473acf7266367988520','Juniper - BGP Peer State',''),
	(120,'391d35380210b8f4ebf97c9d4e9f3859','Juniper Hardware Stats - CPU Utilisation',''),
	(121,'335d0f6c068595c0925f4751eee9c671','Juniper Hardware Stats - Temperature',''),
	(122,'c9dceb4be32910803d9b2cbf3c387bbe','Juniper Hardware Stats - Operational State',''),
	(123,'855695691d163a47ccddf6988812e651','Juniper Hardware Stats - Memory Utilisation',''),
	(124,'4e825b2d23f93902fd8293cb05d5359d','Juniper SRX - Screen - TCP',''),
	(125,'c4600b75a5a1d4e97bac3139dc1d28af','Juniper SRX - Screen - IP',''),
	(126,'dcacf7e26eeddf42fcdcf669ad57f0a2','Juniper SRX - Screen - IP Route',''),
	(127,'c86c2abdcd9f92847bec22acb7432d39','Juniper SRX - Screen - ICMP',''),
	(128,'dab3aef873916b70ec5722f44c7c32d0','Juniper SRX - Screen - Sessions',''),
	(129,'d6413e2cbe439eb2026238fdcb823c20','Juniper SRX - Screen - Flood','');

/*!40000 ALTER TABLE `graph_templates` ENABLE KEYS */;
UNLOCK TABLES;


# Dump of table graph_templates_gprint
# ------------------------------------------------------------

DROP TABLE IF EXISTS `graph_templates_gprint`;

CREATE TABLE `graph_templates_gprint` (
  `id` mediumint(8) unsigned NOT NULL AUTO_INCREMENT,
  `hash` varchar(32) COLLATE utf8mb4_unicode_ci NOT NULL DEFAULT '',
  `name` varchar(100) COLLATE utf8mb4_unicode_ci NOT NULL DEFAULT '',
  `gprint_text` varchar(255) COLLATE utf8mb4_unicode_ci DEFAULT NULL,
  PRIMARY KEY (`id`),
  KEY `name` (`name`)
) ENGINE=InnoDB DEFAULT CHARSET=utf8mb4 COLLATE=utf8mb4_unicode_ci ROW_FORMAT=DYNAMIC;

LOCK TABLES `graph_templates_gprint` WRITE;
/*!40000 ALTER TABLE `graph_templates_gprint` DISABLE KEYS */;

INSERT INTO `graph_templates_gprint` (`id`, `hash`, `name`, `gprint_text`)
VALUES
	(2,'e9c43831e54eca8069317a2ce8c6f751','Normal','%8.2lf %s'),
	(3,'19414480d6897c8731c7dc6c5310653e','Exact Numbers','%8.0lf'),
	(4,'304a778405392f878a6db435afffc1e9','Load Average','%8.2lf'),
	(5,'fc9f65c03c3566d93c3a28e1cb5aac93','Percentage as Decimal','%6.2lf%%'),
	(6,'5a301690f6d150e82e46b38c90fbcf4b','Ping','%8.2lf ms'),
	(7,'2982767f5f82b97f7eaa764dbc24d9f5','Percent - 1dp','%.1lf%%');

/*!40000 ALTER TABLE `graph_templates_gprint` ENABLE KEYS */;
UNLOCK TABLES;


# Dump of table graph_templates_graph
# ------------------------------------------------------------

DROP TABLE IF EXISTS `graph_templates_graph`;

CREATE TABLE `graph_templates_graph` (
  `id` int(10) unsigned NOT NULL AUTO_INCREMENT,
  `local_graph_template_graph_id` int(10) unsigned NOT NULL DEFAULT 0,
  `local_graph_id` int(10) unsigned NOT NULL DEFAULT 0,
  `graph_template_id` mediumint(8) unsigned NOT NULL DEFAULT 0,
  `t_image_format_id` char(2) COLLATE utf8mb4_unicode_ci DEFAULT '',
  `image_format_id` tinyint(1) NOT NULL DEFAULT 0,
  `t_title` char(2) COLLATE utf8mb4_unicode_ci DEFAULT '',
  `title` varchar(255) COLLATE utf8mb4_unicode_ci NOT NULL DEFAULT '',
  `title_cache` varchar(255) COLLATE utf8mb4_unicode_ci NOT NULL DEFAULT '',
  `t_height` char(2) COLLATE utf8mb4_unicode_ci DEFAULT '',
  `height` mediumint(8) NOT NULL DEFAULT 0,
  `t_width` char(2) COLLATE utf8mb4_unicode_ci DEFAULT '',
  `width` mediumint(8) NOT NULL DEFAULT 0,
  `t_upper_limit` char(2) COLLATE utf8mb4_unicode_ci DEFAULT '',
  `upper_limit` varchar(20) COLLATE utf8mb4_unicode_ci NOT NULL DEFAULT '0',
  `t_lower_limit` char(2) COLLATE utf8mb4_unicode_ci DEFAULT '',
  `lower_limit` varchar(20) COLLATE utf8mb4_unicode_ci NOT NULL DEFAULT '0',
  `t_vertical_label` char(2) COLLATE utf8mb4_unicode_ci DEFAULT '',
  `vertical_label` varchar(200) COLLATE utf8mb4_unicode_ci DEFAULT NULL,
  `t_slope_mode` char(2) COLLATE utf8mb4_unicode_ci DEFAULT '',
  `slope_mode` char(2) COLLATE utf8mb4_unicode_ci DEFAULT 'on',
  `t_auto_scale` char(2) COLLATE utf8mb4_unicode_ci DEFAULT '',
  `auto_scale` char(2) COLLATE utf8mb4_unicode_ci DEFAULT NULL,
  `t_auto_scale_opts` char(2) COLLATE utf8mb4_unicode_ci DEFAULT '',
  `auto_scale_opts` tinyint(1) NOT NULL DEFAULT 0,
  `t_auto_scale_log` char(2) COLLATE utf8mb4_unicode_ci DEFAULT '',
  `auto_scale_log` char(2) COLLATE utf8mb4_unicode_ci DEFAULT NULL,
  `t_scale_log_units` char(2) COLLATE utf8mb4_unicode_ci DEFAULT '',
  `scale_log_units` char(2) COLLATE utf8mb4_unicode_ci DEFAULT NULL,
  `t_auto_scale_rigid` char(2) COLLATE utf8mb4_unicode_ci DEFAULT '',
  `auto_scale_rigid` char(2) COLLATE utf8mb4_unicode_ci DEFAULT NULL,
  `t_auto_padding` char(2) COLLATE utf8mb4_unicode_ci DEFAULT '',
  `auto_padding` char(2) COLLATE utf8mb4_unicode_ci DEFAULT NULL,
  `t_base_value` char(2) COLLATE utf8mb4_unicode_ci DEFAULT '',
  `base_value` mediumint(8) NOT NULL DEFAULT 0,
  `t_grouping` char(2) COLLATE utf8mb4_unicode_ci DEFAULT '',
  `grouping` char(2) COLLATE utf8mb4_unicode_ci NOT NULL DEFAULT '',
  `t_unit_value` char(2) COLLATE utf8mb4_unicode_ci DEFAULT '',
  `unit_value` varchar(20) COLLATE utf8mb4_unicode_ci DEFAULT NULL,
  `t_unit_exponent_value` char(2) COLLATE utf8mb4_unicode_ci DEFAULT '',
  `unit_exponent_value` varchar(5) COLLATE utf8mb4_unicode_ci NOT NULL DEFAULT '',
  `t_alt_y_grid` char(2) COLLATE utf8mb4_unicode_ci DEFAULT '',
  `alt_y_grid` char(2) COLLATE utf8mb4_unicode_ci DEFAULT NULL,
  `t_right_axis` char(2) COLLATE utf8mb4_unicode_ci DEFAULT '',
  `right_axis` varchar(20) COLLATE utf8mb4_unicode_ci DEFAULT NULL,
  `t_right_axis_label` char(2) COLLATE utf8mb4_unicode_ci DEFAULT '',
  `right_axis_label` varchar(200) COLLATE utf8mb4_unicode_ci DEFAULT NULL,
  `t_right_axis_format` char(2) COLLATE utf8mb4_unicode_ci DEFAULT '',
  `right_axis_format` mediumint(8) DEFAULT NULL,
  `t_right_axis_formatter` char(2) COLLATE utf8mb4_unicode_ci DEFAULT '',
  `right_axis_formatter` varchar(10) COLLATE utf8mb4_unicode_ci DEFAULT NULL,
  `t_left_axis_formatter` char(2) COLLATE utf8mb4_unicode_ci DEFAULT '',
  `left_axis_formatter` varchar(10) COLLATE utf8mb4_unicode_ci DEFAULT NULL,
  `t_no_gridfit` char(2) COLLATE utf8mb4_unicode_ci DEFAULT '',
  `no_gridfit` char(2) COLLATE utf8mb4_unicode_ci DEFAULT NULL,
  `t_unit_length` char(2) COLLATE utf8mb4_unicode_ci DEFAULT '',
  `unit_length` varchar(10) COLLATE utf8mb4_unicode_ci DEFAULT NULL,
  `t_tab_width` char(2) COLLATE utf8mb4_unicode_ci DEFAULT '',
  `tab_width` varchar(20) COLLATE utf8mb4_unicode_ci DEFAULT '30',
  `t_dynamic_labels` char(2) COLLATE utf8mb4_unicode_ci DEFAULT '',
  `dynamic_labels` char(2) COLLATE utf8mb4_unicode_ci DEFAULT NULL,
  `t_force_rules_legend` char(2) COLLATE utf8mb4_unicode_ci DEFAULT '',
  `force_rules_legend` char(2) COLLATE utf8mb4_unicode_ci DEFAULT NULL,
  `t_legend_position` char(2) COLLATE utf8mb4_unicode_ci DEFAULT '',
  `legend_position` varchar(10) COLLATE utf8mb4_unicode_ci DEFAULT NULL,
  `t_legend_direction` char(2) COLLATE utf8mb4_unicode_ci DEFAULT '',
  `legend_direction` varchar(10) COLLATE utf8mb4_unicode_ci DEFAULT NULL,
  PRIMARY KEY (`id`),
  KEY `local_graph_id` (`local_graph_id`),
  KEY `graph_template_id` (`graph_template_id`),
  KEY `title_cache` (`title_cache`)
) ENGINE=InnoDB DEFAULT CHARSET=utf8mb4 COLLATE=utf8mb4_unicode_ci ROW_FORMAT=DYNAMIC COMMENT='Stores the actual graph data.';

LOCK TABLES `graph_templates_graph` WRITE;
/*!40000 ALTER TABLE `graph_templates_graph` DISABLE KEYS */;

INSERT INTO `graph_templates_graph` (`id`, `local_graph_template_graph_id`, `local_graph_id`, `graph_template_id`, `t_image_format_id`, `image_format_id`, `t_title`, `title`, `title_cache`, `t_height`, `height`, `t_width`, `width`, `t_upper_limit`, `upper_limit`, `t_lower_limit`, `lower_limit`, `t_vertical_label`, `vertical_label`, `t_slope_mode`, `slope_mode`, `t_auto_scale`, `auto_scale`, `t_auto_scale_opts`, `auto_scale_opts`, `t_auto_scale_log`, `auto_scale_log`, `t_scale_log_units`, `scale_log_units`, `t_auto_scale_rigid`, `auto_scale_rigid`, `t_auto_padding`, `auto_padding`, `t_base_value`, `base_value`, `t_grouping`, `grouping`, `t_unit_value`, `unit_value`, `t_unit_exponent_value`, `unit_exponent_value`, `t_alt_y_grid`, `alt_y_grid`, `t_right_axis`, `right_axis`, `t_right_axis_label`, `right_axis_label`, `t_right_axis_format`, `right_axis_format`, `t_right_axis_formatter`, `right_axis_formatter`, `t_left_axis_formatter`, `left_axis_formatter`, `t_no_gridfit`, `no_gridfit`, `t_unit_length`, `unit_length`, `t_tab_width`, `tab_width`, `t_dynamic_labels`, `dynamic_labels`, `t_force_rules_legend`, `force_rules_legend`, `t_legend_position`, `legend_position`, `t_legend_direction`, `legend_direction`)
VALUES
	(1,0,0,1,'',1,'','Cacti Stats - Devices','','',200,'',700,'','100','','0','','totals','','on','','on','',2,'','','','','','','','on','',1000,'','','','','','','','','','','','','',0,'','0','','0','','','','','','30','','','','','','0','','0'),
	(2,0,0,2,'',1,'','Cacti Stats - Main Poller DS/RRD','','',200,'',700,'','100','','0','','numbers','','on','','on','',2,'','','','','','','','on','',1000,'','','','','','','','','','','','','',0,'','0','','0','','','','','','30','','','','','','0','','0'),
	(3,0,0,3,'',1,'','Cacti Stats - Boost Updates','','',200,'',700,'','100','','0','','transactions','','on','','on','',2,'','','','','','','','on','',1000,'','','','','','','','','','','','','',0,'','0','','0','','','','','','30','','','','','','0','','0'),
	(4,0,0,4,'',1,'','Cacti Stats - Total Poller Items','','',200,'',700,'','100','','0','','items','','on','','on','',2,'','','','','','','','on','',1000,'','','','','','','','','','','','','',0,'','0','','0','','','','','','30','','','','','','0','','0'),
	(5,0,0,5,'',1,'','Cacti Stats - Recache (Legacy)','','',200,'',700,'','100','','0','','seconds/devices','','on','','on','',2,'','','','','','','','on','',1000,'','','','','','','','','','','','','',0,'','0','','0','','','','','','30','','','','','','0','','0'),
	(6,0,0,6,'',1,'','Cacti Stats - Processes (Legacy)','','',200,'',700,'','100','','0','','seconds','','on','','on','',2,'','','','','','','','on','',1000,'','','','','','','','','','','','','',0,'','0','','0','','','','','','30','','','','','','0','','0'),
	(7,0,0,7,'',1,'','Cacti Stats - Boost Memory','','',200,'',700,'','100','','0','','memory','','on','','on','',2,'','','','','','','','on','',1024,'','','','','','','','','','','','','',0,'','0','','0','','','','','','30','','','','','','0','','0'),
	(8,0,0,8,'',1,'','Cacti Stats - User Logins','','',200,'',700,'','100','','0','','logins','','on','','on','',2,'','','','','','','','on','',1000,'','','','','','','','','','','','','',0,'','0','','0','','','','','','30','','','','','','0','','0'),
	(9,0,0,9,'',1,'','Cacti Stats - User Sessions','','',200,'',700,'','100','','0','','sessions','','on','','on','',2,'','','','','','','','on','',1000,'','','','','','','','','','','','','',0,'','0','','0','','','','','','30','','','','','','0','','0'),
	(10,0,0,10,'',1,'','Cacti Stats - User Types','','',200,'',700,'','100','','0','','users','','on','','on','',2,'','','','','','','','on','',1000,'','','','','','','','','','','','','',0,'','0','','0','','','','','','30','','','','','','0','','0'),
	(11,0,0,11,'',1,'','Cacti Stats - Boost Runtime','','',200,'',700,'','100','','0','','seconds','','on','','on','',2,'','','','','','','','on','',1000,'','','','','','','','','','','','','',0,'','0','','0','','','','','','30','','','','','','0','','0'),
	(12,0,0,12,'',1,'','Cacti Stats - Main Poller Runtime','','',200,'',700,'','100','','0','','seconds','','on','','on','',2,'','','','','','','','on','',1000,'','','','','','','','','','','','','',0,'','0','','0','','','','','','30','','','','','','0','','0'),
	(13,0,0,13,'',1,'','Cacti Stats - Export Graphs (Legacy)','','',200,'',700,'','100','','0','','graphs','','on','','on','',2,'','','','','','','','on','',1024,'','','','','','','','','','','','','',0,'','0','','0','','','','','','30','','','','','','0','','0'),
	(14,0,0,14,'',1,'','Cacti Stats - Export Duration (Legacy)','','',200,'',700,'','100','','0','','seconds','','on','','on','',2,'','','','','','','','on','',1000,'','','','','','','','','','','','','',0,'','0','','0','','','','','','30','','','','','','0','','0'),
	(15,0,0,15,'',1,'','Cacti Stats - Syslog Activity','','',200,'',700,'','100','','0','','items','','on','','on','',2,'','','','','','','','on','',1000,'','','','','','','','','','','','','',0,'','0','','0','','','','','','','','','','','','0','','0'),
	(16,0,0,16,'',1,'','Cacti Stats - Syslog Runtime','','',200,'',700,'','100','','0','','seconds','','on','','on','',2,'','','','','','','','on','',1000,'','','','','','','','','','','','','',0,'','0','','0','','','','','','','','','','','','0','','0'),
	(17,0,0,17,'',1,'','Cacti Stats - Syslog Alerts/Reports','','',200,'',700,'','100','','0','','items','','on','','on','',2,'','','','','','','','on','',1000,'','','','','','','','','','','','','',0,'','0','','0','','','','','','','','','','','','0','','0'),
	(18,0,0,18,'',1,'','Cacti Stats - Thold Runtime','','',200,'',700,'','100','','0','','seconds','','on','','on','',2,'','','','','','','','on','',1000,'','','','','','','','','','','','','',0,'','0','','0','','','','','','','','','','','','0','','0'),
	(19,0,0,19,'',1,'','Cacti Stats - Boost Average Row Size','','',200,'',700,'','100','','0','','bytes','','on','','on','',2,'','','','','','','','on','',1000,'','','','','','','','','','','','','',0,'','0','','0','','','','','','30','','','','','','0','','0'),
	(20,0,0,20,'',1,'','Cacti Stats - Boost Records','','',200,'',700,'','100','','0','','records','','on','','on','',2,'','','','','','','','on','',1000,'','','','','','','','','','','','','',0,'','0','','0','','','','','','','','','','','','0','','0'),
	(21,0,0,21,'',1,'','Cacti Stats - Boost Table Size','','',200,'',700,'','100','','0','','bytes','','on','','on','',2,'','','','','','','','on','',1000,'','','','','','','','','','','','','',0,'','0','','0','','','','','','','','','','','','0','','0'),
	(22,0,0,22,'',1,'','Cacti Stats - Boost Timing Detail','','',200,'',700,'','100','','0','','seconds','','on','','on','',2,'','','','','','','','on','',1000,'','','','','','','','','','','','','',0,'','0','','0','','','','','','','','','','','','0','','0'),
	(23,0,0,23,'',1,'','|query_pollerName| - Collector Runtime','','',200,'',700,'','100','','0','','seconds','','on','','on','',2,'','','','','','','','on','',1000,'','','','','','','','','','','','','',0,'','0','','0','','','','','','','','','','','','0','','0'),
	(24,0,0,24,'',1,'','|query_pollerName| - Collector Items','','',200,'',700,'','100','','0','','items','','on','','on','',2,'','','','','','','','on','',1000,'','','','','','','','','','','','','',0,'','0','','0','','','','','','','','','','','','0','','0'),
	(25,0,0,25,'',1,'','|query_pollerName| - Collector Settings','','',200,'',700,'','100','','0','','settings','','on','','on','',2,'','','','','','','','on','',1000,'','','','','','','','','','','','','',0,'','0','','0','','','','','','','','','','','','0','','0'),
	(26,0,0,26,'',1,'','Cacti Stats - Recache (Legacy)','','',200,'',700,'','100','','0','','seconds/devices','','on','','on','',2,'','','','','','','','on','',1000,'','','','','','','','','','','','','',0,'','0','','0','','','','','','30','','','','','','0','','0'),
	(27,0,0,27,'',1,'','WebSeer - |query_webseerName| - Timing','','',200,'',700,'','100','','0','','seconds','','on','','on','',2,'','','','','','','','on','',1000,'','','','','','','','','','','','','',0,'','0','','0','','','','','','','','','','','','0','','0'),
	(28,0,0,28,'',1,'','WebSeer - |query_webseerName| - Download Size','','',200,'',700,'','100','','0','','bytes','','on','','on','',2,'','','','','','','','on','',1000,'','','','','','','','','','','','','',0,'','0','','0','','','','','','','','','','','','0','','0'),
	(29,0,0,29,'',1,'','WebSeer - |query_webseerName| - Download Speed','','',200,'',700,'','100','','0','','bytes/second','','on','','on','',2,'','','','','','','','on','',1000,'','','','','','','','','','','','','',0,'','0','','0','','','','','','','','','','','','0','','0'),
	(30,0,0,30,'',1,'','WebSeer - |query_webseerName| - Status','','',200,'',700,'','100','','0','','status','','on','','on','',2,'','','','','','','','on','',1000,'','','','','','','','','','','','','',0,'','0','','0','','','','','','','','','','','','0','','0'),
	(31,0,0,31,'',1,'','|query_exportName| - Exported Graphs','','',200,'',700,'','100','','0','','graphs','','on','','on','',2,'','','','','','','','on','',1000,'','','','','','','','','','','','','',0,'','0','','0','','','','','','','','','','','','0','','0'),
	(32,0,0,32,'',1,'','|query_exportName| - Export Duration','','',200,'',700,'','100','','0','','seconds','','on','','on','',2,'','','','','','','','on','',1000,'','','','','','','','','','','','','',0,'','0','','0','','','','','','','','','','','','0','','0'),
	(33,0,0,33,'',1,'','|host_description| - CPU Usage','','',200,'',700,'','100','','0','','percent','','on','','on','',2,'','','','','','on','','on','',1000,'','','','','','','','','','','','','',0,'','0','','0','','','','','','40','','','','','','0','','0'),
	(34,0,0,34,'',1,'','|host_description| - Polling Time','','',200,'',700,'','100','','0','','seconds','','on','','on','',2,'','','','','','','','on','',1000,'','','','','','','','','','','','','',0,'','0','','0','','','','','','','','','','','','0','','0'),
	(35,0,0,35,'',1,'','|host_description| - Uptime','','',200,'',700,'','100','','0','','days','','on','','on','',2,'','','','','','','','on','',1000,'','','','','','','','','','','','','',0,'','0','','0','','','','','','','','','','','','0','','0'),
	(36,0,0,36,'',1,'','|host_description| - Advanced Ping','','',120,'',500,'','10','','0','','milliseconds','0','on','','','',1,'','','0','','','','','','',1000,'','','','','','1','','','','','','','',0,'','','','','','','','','','30','','','','','','','',''),
	(37,0,0,37,'',1,'on','|host_description| - Traffic','','',200,'',700,'','100','','0','','bits per second','','on','','on','',2,'','','','','','on','','on','',1000,'','','','','','','','','','','','','',0,'','0','','0','','','','','','','','','','','','0','','0'),
	(38,0,0,38,'',1,'on','|host_description| - Errors/Discards','','',200,'',700,'','100','','0','','errors/sec','','on','','on','',2,'','','','','','on','','on','',1000,'','','','','','','','','','','','','',0,'','','','','','','','','','','','','','','','','',''),
	(39,0,0,39,'',1,'on','|host_description| - Unicast Packets','','',200,'',700,'','100','','0','','packets/sec','','on','','on','',2,'','','','','','on','','on','',1000,'','','','','','','','','','','','','',0,'','','','','','','','','','','','','','','','','',''),
	(40,0,0,40,'',1,'on','|host_description| - Non-Unicast Packets','','',200,'',700,'','100','','0','','packets/sec','','on','','on','',2,'','','','','','on','','on','',1000,'','','','','','','','','','','','','',0,'','0','','0','','','','','','','','','','','','0','','0'),
	(41,0,0,41,'',1,'on','|host_description| - Traffic','','',200,'',700,'','100','','0','','bytes per second','','on','','on','',2,'','','','','','on','','on','',1000,'','','','','','','','','','','','','',0,'','','','','','','','','','','','','','','','','',''),
	(42,0,0,42,'',1,'on','|host_description| - Traffic','','',200,'',700,'','100','','0','','bits per second','','on','','on','',2,'','','','','','on','','on','',1000,'','','','','','','','','','','','','',0,'','0','','0','','','','','','','','','','','','0','','0'),
	(43,0,0,43,'',1,'on','|host_description| - Traffic','','',200,'',700,'','100','','0','','bits per second','','on','','on','',2,'','','','','','on','','on','',1000,'','','','','','','','','','','','','',0,'','0','','0','','','','','','','','','','','','0','','0'),
	(44,0,0,44,'',1,'on','|host_description| - Traffic','','',200,'',700,'','100','','0','','bytes per second','','on','','on','',2,'','','','','','on','','on','',1000,'','','','','','','','','','','','','',0,'','0','','0','','','','','','','','','','','','0','','0'),
	(45,0,0,45,'',1,'on','|host_description| - Multicast Packets','','',200,'',700,'','100','','0','','packets/sec','','on','','on','',2,'','','','','','on','','on','',1000,'','','','','','','','','','','','','',0,'','0','','0','','','','','','','','','','','','0','','0'),
	(46,0,0,46,'',1,'on','|host_description| - Broadcast Packets','','',200,'',700,'','100','','0','','packets/sec','','on','','on','',2,'','','','','','on','','on','',1000,'','','','','','','','','','','','','',0,'','0','','0','','','','','','','','','','','','0','','0'),
	(47,0,0,47,'',1,'','|host_description| - MultiCPU avg','','',120,'',500,'','100','','0','','percent','','on','','on','',2,'','','','','','','','on','',1000,'','','','','','','','','','','','','',0,'','','','','','','','','','30','','','','','','','',''),
	(48,0,0,48,'',1,'','|host_description| - Connections','','',120,'',500,'','100','','0','','Connections','','on','','on','',2,'','','','','','on','','on','',1000,'','','','','','','','','','','','','',0,'','','','','','','','','','30','','','','','','','',''),
	(49,0,0,49,'',1,'','|host_description| - Global packets/sec','','',120,'',500,'','100','','0','','packets/sec','','on','','on','',2,'','','','','','on','','on','',1000,'','','','','','','','','','','','','',0,'','','','','','','','','','30','','','','','','','',''),
	(50,0,0,50,'',1,'','|host_description| - Global HTTP Requests','','',200,'',500,'','100','','0','','Requests','','on','','on','',2,'','','','','','','','on','',1000,'','','','','','','','','','','','','',0,'','','','','','','','','','30','','','','','','','',''),
	(51,0,0,51,'',1,'','|host_description| - Global HTTP Response Errors','','',120,'',500,'','100','','0','','Responses','','on','','on','',2,'','','','','','on','','on','',1000,'','','','','','','','','','','','','',0,'','','','','','','','','','30','','','','','','','',''),
	(52,0,0,52,'',1,'','|host_description| - Global  HTTP responses','','',120,'',500,'','100','','-100','','Responses','','on','','on','',2,'','','','','','on','','on','',1000,'','','','','','','','','','','','','',0,'','','','','','','','','','30','','','','','','','',''),
	(53,0,0,53,'',1,'','|host_description| - Memory Utilization','','',200,'',600,'','5000000000','','0','','Bytes','','on','','on','',2,'','','','','','','','on','',1024,'','','','','','','','','','','','','',0,'','','','','','','','','','30','','','','','','','',''),
	(54,0,0,54,'',1,'','|host_description| - SSL TPS','','',120,'',500,'','100','','0','','SSL TPS','','on','','on','',2,'','','','','','','','on','',1000,'','','','','','','','','','','','','',0,'','','','','','','','','','30','','','','','','','',''),
	(55,0,0,55,'',1,'','|host_description| - Global Compression Detail (Bytes)','','',300,'',1024,'','100','','0','','xBytes/Sec','','on','','on','',1,'','','','','','','','on','',1000,'','','','','','','','','','','','','',0,'','','','','','','','','','30','','','','','','','',''),
	(56,0,0,56,'',1,'','|host_description| - Global Compression Stats','','',120,'',500,'','100','','0','','Bytes','','on','','on','',2,'','','','','','on','','on','',1000,'','','','','','','','','','','','','',0,'','','','','','','','','','30','','','','','','','',''),
	(57,0,0,57,'',1,'on','|host_description| - Global DNS Stats','','',150,'',500,'','10000000','','0','','Queries/sec','','on','','on','',2,'','','','','','','','on','',1000,'','','','','','','','','','','','','',0,'','','','','','','','','','30','','','','','','','',''),
	(58,0,0,58,'',1,'','|host_description| - WA Hit Counts','','',120,'',500,'','100','','0','','IMC Hits','','on','','on','',2,'','','','','','','','on','',1000,'','','','','','','','','','','','','',0,'','','','','','','','','','30','','','','','','','',''),
	(59,0,0,59,'',1,'','|host_description| - F5 TMM - Memory','','',200,'',700,'','100','','0','','kilobytes','','on','','on','',2,'','','','','','on','','on','',1000,'','','','','','','','','','','','','',0,'','','','','','','','','','30','','','','','','','',''),
	(60,0,0,60,'',1,'','|host_description| - F5 TMM - CPU Cycles','','',200,'',700,'','100','','0','','cycles per second','','on','','on','',2,'','','','','','on','','on','',1000,'','','','','','','','','','','','','',0,'','','','','','','','','','30','','','','','','','',''),
	(61,0,0,61,'',1,'','|host_description| - F5 SSL - Encrypted Client Traffic','','',250,'',700,'','100','','0','','bits per second','','on','','on','',1,'','','','','','on','','on','',1000,'','','','','','','','','','','','','',0,'','','','','','','','','','30','','','','','','','',''),
	(62,0,0,62,'',1,'','|host_description| - F5 SSL - Connection Rate','','',200,'',700,'','100','','0','','connections per second','','on','','on','',2,'','','','','','on','','on','',1000,'','','','','','','','','','','','','',0,'','','','','','','','','','30','','','','','','','',''),
	(63,0,0,63,'',1,'','|host_description| - F5 Global - HTTP - Requests','','',200,'',700,'','100','','0','','requests per second','','on','','on','',2,'','','','','','on','','on','',1000,'','','','','','','','','','','','','',0,'','','','','','','','','','30','','','','','','','',''),
	(64,0,0,64,'',1,'','|host_description| - F5 Global - HTTP - Responses 2xx','','',200,'',700,'','100','','0','','responses per second','','on','','on','',2,'','','','','','on','','on','',1000,'','','','','','','','','','','','','',0,'','','','','','','','','','30','','','','','','','',''),
	(65,0,0,65,'',1,'','|host_description| - F5 Global - HTTP - Responses 3xx 4xx 5xx','','',200,'',700,'','100','','0','','responses per second','','on','','on','',2,'','','','','','on','','on','',1000,'','','','','','','','','','','','','',0,'','','','','','','','','','30','','','','','','','',''),
	(66,0,0,66,'',1,'','|host_description| - F5 Global - Connection Rate','','',250,'',700,'','100','','0','','connections per second','','on','','on','',1,'','','','','','on','','on','',1000,'','','','','','','','','','','','','',0,'','','','','','','','','','30','','','','','','','',''),
	(67,0,0,67,'',1,'','|host_description| - F5 Global - Connections Current','','',250,'',700,'','100','','0','','current connections','','on','','on','',1,'','','','','','on','','on','',1000,'','','','','','','','','','','','','',0,'','','','','','','','','','30','','','','','','','',''),
	(68,0,0,68,'',1,'','|host_description| - F5 Global - UDP Traffic','','',200,'',700,'','100','','0','','datagrams per second','','on','','on','',2,'','','','','','on','','on','',1000,'','','','','','','','','','','','','',0,'','','','','','','','','','30','','','','','','','',''),
	(69,0,0,69,'',1,'','|host_description| - F5 Global - TCP Traffic','','',200,'',700,'','100','','0','','connections per second','','on','','on','',2,'','','','','','on','','on','',1000,'','','','','','','','','','','','','',0,'','','','','','','','','','30','','','','','','','',''),
	(70,0,0,70,'',1,'','|host_description| - F5 Global - IP Traffic','','',200,'',700,'','100','','0','','datagrams per second','','on','','on','',2,'','','','','','on','','on','',1000,'','','','','','','','','','','','','',0,'','','','','','','','','','30','','','','','','','',''),
	(71,0,0,71,'',1,'','|host_description| - F5 Global - Traffic - Client','','',250,'',700,'','100','','0','','bits per second','','on','','on','',1,'','','','','','on','','on','',1000,'','','','','','','','','','','','','',0,'','','','','','','','','','30','','','','','','','',''),
	(72,0,0,72,'',1,'','|host_description| - F5 Global - Traffic - Server','','',250,'',700,'','100','','0','','bits per second','','on','','on','',1,'','','','','','on','','on','',1000,'','','','','','','','','','','','','',0,'','','','','','','','','','30','','','','','','','',''),
	(73,0,0,73,'',1,'','|host_description| - F5 Global - Packets - Client','','',250,'',700,'','100','','0','','packets per second','','on','','on','',1,'','','','','','on','','on','',1000,'','','','','','','','','','','','','',0,'','','','','','','','','','30','','','','','','','',''),
	(74,0,0,74,'',1,'','|host_description| - F5 Global - Packets - Server','','',250,'',700,'','100','','0','','packets per second','','on','','on','',1,'','','','','','on','','on','',1000,'','','','','','','','','','','','','',0,'','','','','','','','','','30','','','','','','','',''),
	(75,0,0,75,'',1,'','|host_description| - F5 Global - Packets - Errors','','',200,'',700,'','100','','0','','packets per second','','on','','on','',1,'','','','','','on','','on','',1000,'','','','','','','','','','','','','',0,'','','','','','','','','','30','','','','','','','',''),
	(76,0,0,76,'',1,'','|host_description| - F5 SSL - Current Connections','','',200,'',700,'','100','','0','','connections','','on','','on','',2,'','','','','','on','','on','',1000,'','','','','','','','','','','','','',0,'','','','','','','','','','30','','','','','','','',''),
	(77,0,0,77,'',1,'','|host_description| - F5 SSL - Decrypted Client Traffic','','',250,'',700,'','100','','0','','bits per second','','on','','on','',1,'','','','','','on','','on','',1000,'','','','','','','','','','','','','',0,'','','','','','','','','','30','','','','','','','',''),
	(78,0,0,78,'',1,'','|host_description| -  APM - Access Policy Results','','',120,'',600,'','10','','0','','Total since boot','','on','','on','',2,'','','','','','','','on','',1000,'','','','','','0','','','','','','','',0,'','','','','','','','','','30','','','','','','','',''),
	(79,0,0,79,'',1,'','|host_description| - APM - Active Portal Sessions and VPN Connections','','',120,'',600,'','200','','0','','Sessions / Connections','','on','','on','',4,'','','','','','','','on','',1000,'','','','','','','','','','','','','',0,'','','','','','','','','','30','','','','','','','',''),
	(80,0,0,80,'',1,'','|host_description| - APM - Terminated Sessions','','',120,'',600,'','100','','0','','Total since boot','','on','','on','',2,'','','','','','','','on','',1000,'','','','','','0','','','','','','','',0,'','','','','','','','','','30','','','','','','','',''),
	(81,0,0,81,'',1,'on','','','',200,'',700,'','100','','0','','connections per second','','on','','on','',2,'','','','','','on','','on','',1000,'','','','','','','','','','','','','',0,'','','','','','','','','','30','','','','','','','',''),
	(82,0,0,82,'',1,'on','|host_description| - VS Traffic','','',120,'',500,'','100','','0','','bits/sec','','on','','on','',2,'','','','','','','','on','',1000,'','','','','','','','','','','','','',0,'','','','','','','','','','30','','','','','','','',''),
	(83,0,0,83,'',1,'','|host_description| - VS Connection Rate','','',120,'',500,'','100','','0','','Connections/sec','','on','','on','',2,'','','','','','on','','on','',1000,'','','','','','','','','','','','','',0,'','','','','','','','','','30','','','','','','','',''),
	(84,0,0,84,'',1,'on','|host_description| - Traffic - |query_ifName|','','',120,'',500,'','100','','0','','bits/sec','','on','','on','',2,'','','','','','','','on','',1000,'','','','','','','','','','','','','',0,'','','','','','','','','','30','','','','','','','',''),
	(85,0,0,85,'',1,'on','|host_description| - WideIP Stats','','',150,'',500,'','10000000','','0','','Queries/sec','','on','','on','',2,'','','','','','','','on','',1000,'','','','','','','','','','','','','',0,'','','','','','','','','','30','','','','','','','',''),
	(86,0,0,86,'',1,'','|host_description| - GTM Pool Stats','','',150,'',500,'','100','','0','','requests/sec','','on','','on','',2,'','','','','','','','on','',1000,'','','','','','','','','','','','','',0,'','','','','','','','','','30','','','','','','','',''),
	(87,0,0,87,'',1,'','|host_description| - Pool Connections','','',120,'',500,'','100','','0','','Connections','','on','','on','',2,'','','','','','','','on','',1000,'','','','','','','','','','','','','',0,'','','','','','','','','','30','','','','','','','',''),
	(88,0,0,88,'',1,'','|host_description| - Pool Connection Rate','','',120,'',500,'','100','','0','','Connections/sec','','on','','on','',2,'','','','','','','','on','',1000,'','','','','','','','','','','','','',0,'','','','','','','','','','30','','','','','','','',''),
	(89,0,0,89,'',1,'','|host_description| - Pool Traffic','','',120,'',500,'','100','','0','','bits/sec','','on','','on','',2,'','','','','','','','on','',1000,'','','','','','','','','','','','','',0,'','','','','','','','','','30','','','','','','','',''),
	(90,0,0,90,'',1,'on','','','',200,'',700,'','100','','0','','errors per second','','on','','on','',2,'','','','','','on','','on','',1000,'','','','','','','','','','','','','',0,'','','','','','','','','','30','','','','','','','',''),
	(91,0,0,91,'',1,'on','','','',200,'',700,'','100','','0','','bits per second','','on','','on','',2,'','','','','','on','','on','',1000,'','','','','','','','','','','','','',0,'','','','','','','','','','30','','','','','','','',''),
	(92,0,0,92,'',1,'on','','','',200,'',700,'','100','','0','','packets per second','','on','','on','',2,'','','','','','on','','on','',1000,'','','','','','','','','','','','','',0,'','','','','','','','','','30','','','','','','','',''),
	(93,0,0,93,'',1,'on','','','',200,'',700,'','100','','0','','packets per second','','on','','on','',2,'','','','','','on','','on','',1000,'','','','','','','','','','','','','',0,'','','','','','','','','','30','','','','','','','',''),
	(94,0,0,94,'',1,'on','','','',250,'',700,'','100','','0','','bits per second','','on','','on','',1,'','','','','','on','','on','',1000,'','','','','','','','','','','','','',0,'','','','','','','','','','30','','','','','','','',''),
	(95,0,0,95,'',1,'on','','','',250,'',700,'','100','','0','','packets per second','','on','','on','',1,'','','','','','on','','on','',1000,'','','','','','','','','','','','','',0,'','','','','','','','','','30','','','','','','','',''),
	(96,0,0,96,'',1,'on','','','',200,'',700,'','100','','0','','current connections','','on','','on','',2,'','','','','','on','','on','',1000,'','','','','','','','','','','','','',0,'','','','','','','','','','30','','','','','','','',''),
	(97,0,0,97,'',1,'on','','','',200,'',700,'','100','','0','','current connections','','on','','on','',2,'','','','','','on','','on','',1000,'','','','','','','','','','','','','',0,'','','','','','','','','','30','','','','','','','',''),
	(98,0,0,98,'',1,'on','','','',200,'',700,'','100','','0','','connections per second','','on','','on','',2,'','','','','','on','','on','',1000,'','','','','','','','','','','','','',0,'','','','','','','','','','30','','','','','','','',''),
	(99,0,0,99,'',1,'on','','','',250,'',700,'','100','','0','','packets per second','','on','','on','',1,'','','','','','on','','on','',1000,'','','','','','','','','','','','','',0,'','','','','','','','','','30','','','','','','','',''),
	(100,0,0,100,'',1,'on','','','',250,'',700,'','100','','0','','bits per second','','on','','on','',1,'','','','','','on','','on','',1000,'','','','','','','','','','','','','',0,'','','','','','','','','','30','','','','','','','',''),
	(101,0,0,101,'',1,'on','','','',200,'',700,'','100','','0','','connections per second','','on','','on','',2,'','','','','','on','','on','',1000,'','','','','','','','','','','','','',0,'','','','','','','','','','30','','','','','','','',''),
	(102,0,0,102,'',1,'on','','','',200,'',700,'','100','','0','','current connections','','on','','on','',2,'','','','','','on','','on','',1000,'','','','','','','','','','','','','',0,'','','','','','','','','','30','','','','','','','',''),
	(103,0,0,103,'',1,'on','','','',250,'',700,'','100','','0','','packets per second','','on','','on','',1,'','','','','','on','','on','',1000,'','','','','','','','','','','','','',0,'','','','','','','','','','30','','','','','','','',''),
	(104,0,0,104,'',1,'on','','','',250,'',700,'','100','','0','','bits per second','','on','','on','',1,'','','','','','on','','on','',1000,'','','','','','','','','','','','','',0,'','','','','','','','','','30','','','','','','','',''),
	(105,0,0,105,'',1,'','|host_description| - SpanningTree - Topology Count','','',120,'',500,'','100','','0','','count','','on','','on','',2,'','','','','','','','on','',1000,'','','','','','','','','','','','','',0,'','','','','','','','','','30','','','','','','','',''),
	(106,0,0,106,'',1,'','|host_description| - SpanningTree - Topology Time','','',120,'',500,'','100','','0','','seconds','','on','','on','',2,'','','','','','','','on','',1000,'','','','','','','','','','','','','',0,'','','','','','','','','','30','','','','','','','',''),
	(107,0,0,107,'',1,'on','|host_description| -  CP Sessions','','',120,'',500,'','100','','0','','Sessions','','on','','on','',2,'','','','','','','','on','',1000,'','','','','','','','','','','','','',0,'','','','','','','','','','30','','','','','','','',''),
	(108,0,0,108,'',1,'on','|host_description| - CP Sessions Per Second','','',120,'',500,'','100','','0','','Sessions Per Second','','on','','on','',2,'','','','','','','','on','',1000,'','','','','','','','','','','','','',0,'','','','','','','','','','30','','','','','','','',''),
	(109,0,0,109,'',1,'','|host_description| - Security Policy Traffic','','',120,'',500,'','100','','0','','bits per second','','on','','on','',2,'','','','','','','','on','',1000,'','','','','','','','','','','','','',0,'','','','','','','','','','30','','','','','','','',''),
	(110,0,0,110,'',1,'','|host_description| - Security Policy Traffic','','',120,'',500,'','100','','0','','packets/sec','','on','','on','',2,'','','','','','','','on','',1000,'','','','','','','','','','','','','',0,'','','','','','','','','','30','','','','','','','',''),
	(111,0,0,111,'',1,'','|host_description| - Security Policy Traffic','','',120,'',500,'','100','','0','','policy lookups/sec','','on','','on','',2,'','','','','','','','on','',1000,'','','','','','','','','','','','','',0,'','','','','','','','','','30','','','','','','','',''),
	(112,0,0,112,'',1,'','|host_description| - Security Policy Traffic','','',120,'',500,'','100','','0','','active sessions','','on','','on','',2,'','','','','','','','on','',1000,'','','','','','','','','','','','','',0,'','','','','','','','','','30','','','','','','','',''),
	(113,0,0,113,'',1,'on','|host_description| - Juniper SRX SPU CPU','','',120,'',500,'','100','','0','','Percent','','on','','on','',2,'','','','','','','','on','',1000,'','','','','','','','','','','','','',0,'','','','','','','','','','30','','','','','','','',''),
	(114,0,0,114,'',1,'on','|host_description| - Juniper SRX SPU Memory','','',120,'',500,'','100','','0','','Percent','','on','','on','',2,'','','','','','','','on','',1000,'','','','','','','','','','','','','',0,'','','','','','','','','','30','','','','','','','',''),
	(115,0,0,115,'',1,'on','|host_description| -  SPU Flow Sessions','','',120,'',500,'','100','','0','','Sessions','','on','','on','',2,'','','','','','','','on','',1000,'','','','','','','','','','','','','',0,'','','','','','','','','','30','','','','','','','',''),
	(116,0,0,116,'',1,'on','|host_description| -  SPU CP Sessions','','',120,'',500,'','100','','0','','Sessions','','on','','on','',2,'','','','','','','','on','',1000,'','','','','','','','','','','','','',0,'','','','','','','','','','30','','','','','','','',''),
	(117,0,0,117,'',1,'','|host_description| - Firewall Filter Traffic','','',120,'',500,'','100','','0','','','','on','','on','',2,'','','','','','','','on','',1000,'','','','','','','','','','','','','',0,'','','','','','','','','','30','','','','','','','',''),
	(118,0,0,118,'',1,'','|host_description| - Firewall Filter Traffic','','',120,'',500,'','100','','0','','','','on','','on','',2,'','','','','','','','on','',1000,'','','','','','','','','','','','','',0,'','','','','','','','','','30','','','','','','','',''),
	(119,0,0,119,'',1,'','|host_description| - BGP Peer State','','',120,'',500,'','100','','0','','State','','on','','on','',2,'','','','','','','','on','',1000,'','','','','','','','','','','','','',0,'','','','','','','','','','30','','','','','','','',''),
	(120,0,0,120,'',1,'','Juniper Hardware Stats - CPU Utilisation','','',120,'',500,'','100','','0','','Percent','','on','','on','',2,'','','','','','','','on','',1000,'','','','','','','','','','','','','',0,'','','','','','','','','','30','','','','','','','',''),
	(121,0,0,121,'',1,'','Juniper Hardware Stats - Temperature','','',120,'',500,'','100','','0','','Celcius','','on','','on','',2,'','','','','','','','on','',1000,'','','','','','','','','','','','','',0,'','','','','','','','','','30','','','','','','','',''),
	(122,0,0,122,'',1,'','Juniper Hardware Stats - Operational State','','',120,'',500,'','100','','0','','State','','on','','on','',2,'','','','','','','','on','',1000,'','','','','','','','','','','','','',0,'','','','','','','','','','30','','','','','','','',''),
	(123,0,0,123,'',1,'','Juniper Hardware Stats - Memory Utilisation','','',120,'',500,'','100','','0','','Percent','','on','','on','',2,'','','','','','','','on','',1000,'','','','','','','','','','','','','',0,'','','','','','','','','','30','','','','','','','',''),
	(124,0,0,124,'',1,'','|host_description| - Screen - TCP','','',120,'',500,'','100','','0','','counter','','on','','on','',2,'','','','','','','','on','',1000,'','','','','','','','','','','','','',0,'','','','','','','','','','30','','','','','','','',''),
	(125,0,0,125,'',1,'','|host_description| - Screen - IP','','',120,'',500,'','100','','0','','counter','','on','','on','',2,'','','','','','','','on','',1000,'','','','','','','','','','','','','',0,'','','','','','','','','','30','','','','','','','',''),
	(126,0,0,126,'',1,'','|host_description| - Screen - IP Route','','',120,'',500,'','100','','0','','counter','','on','','on','',2,'','','','','','','','on','',1000,'','','','','','','','','','','','','',0,'','','','','','','','','','30','','','','','','','',''),
	(127,0,0,127,'',1,'','|host_description| - Screen - ICMP','','',120,'',500,'','100','','0','','counter','','on','','on','',2,'','','','','','','','on','',1000,'','','','','','','','','','','','','',0,'','','','','','','','','','30','','','','','','','',''),
	(128,0,0,128,'',1,'','|host_description| - Screen - Sessions','','',120,'',500,'','100','','0','','','','on','','on','',2,'','','','','','','','on','',1000,'','','','','','','','','','','','','',0,'','','','','','','','','','30','','','','','','','',''),
	(129,0,0,129,'',1,'','|host_description| - Screen - Flood','','',120,'',500,'','100','','0','','counter','','on','','on','',2,'','','','','','','','on','',1000,'','','','','','','','','','','','','',0,'','','','','','','','','','30','','','','','','','','');

/*!40000 ALTER TABLE `graph_templates_graph` ENABLE KEYS */;
UNLOCK TABLES;


# Dump of table graph_templates_item
# ------------------------------------------------------------

DROP TABLE IF EXISTS `graph_templates_item`;

CREATE TABLE `graph_templates_item` (
  `id` int(10) unsigned NOT NULL AUTO_INCREMENT,
  `hash` varchar(32) COLLATE utf8mb4_unicode_ci NOT NULL DEFAULT '',
  `local_graph_template_item_id` int(10) unsigned NOT NULL DEFAULT 0,
  `local_graph_id` int(10) unsigned NOT NULL DEFAULT 0,
  `graph_template_id` mediumint(8) unsigned NOT NULL DEFAULT 0,
  `task_item_id` int(10) unsigned NOT NULL DEFAULT 0,
  `color_id` mediumint(8) unsigned NOT NULL DEFAULT 0,
  `alpha` char(2) COLLATE utf8mb4_unicode_ci DEFAULT 'FF',
  `graph_type_id` tinyint(3) NOT NULL DEFAULT 0,
  `line_width` decimal(4,2) DEFAULT 0.00,
  `dashes` varchar(20) COLLATE utf8mb4_unicode_ci DEFAULT NULL,
  `dash_offset` mediumint(4) DEFAULT NULL,
  `cdef_id` mediumint(8) unsigned NOT NULL DEFAULT 0,
  `vdef_id` mediumint(8) unsigned NOT NULL DEFAULT 0,
  `shift` char(2) COLLATE utf8mb4_unicode_ci DEFAULT NULL,
  `consolidation_function_id` tinyint(2) NOT NULL DEFAULT 0,
  `textalign` varchar(10) COLLATE utf8mb4_unicode_ci DEFAULT NULL,
  `text_format` varchar(255) COLLATE utf8mb4_unicode_ci DEFAULT NULL,
  `value` varchar(255) COLLATE utf8mb4_unicode_ci DEFAULT NULL,
  `hard_return` char(2) COLLATE utf8mb4_unicode_ci DEFAULT NULL,
  `gprint_id` mediumint(8) unsigned NOT NULL DEFAULT 0,
  `sequence` mediumint(8) unsigned NOT NULL DEFAULT 0,
  PRIMARY KEY (`id`),
  KEY `graph_template_id` (`graph_template_id`),
  KEY `local_graph_id_sequence` (`local_graph_id`,`sequence`),
  KEY `task_item_id` (`task_item_id`),
  KEY `lgi_gti` (`local_graph_id`,`graph_template_id`)
) ENGINE=InnoDB DEFAULT CHARSET=utf8mb4 COLLATE=utf8mb4_unicode_ci ROW_FORMAT=DYNAMIC COMMENT='Stores the actual graph item data.';

LOCK TABLES `graph_templates_item` WRITE;
/*!40000 ALTER TABLE `graph_templates_item` DISABLE KEYS */;

INSERT INTO `graph_templates_item` (`id`, `hash`, `local_graph_template_item_id`, `local_graph_id`, `graph_template_id`, `task_item_id`, `color_id`, `alpha`, `graph_type_id`, `line_width`, `dashes`, `dash_offset`, `cdef_id`, `vdef_id`, `shift`, `consolidation_function_id`, `textalign`, `text_format`, `value`, `hard_return`, `gprint_id`, `sequence`)
VALUES
	(1,'fbafaae9c5873bcb0ea5d296e78c50ea',0,0,1,4,9,'7F',7,0.00,'',0,0,0,'',3,'','Devices','','',2,9),
	(2,'34a226b489fd87466bfe001979ac914d',0,0,1,4,0,'FF',9,0.00,'',0,0,0,'',2,'','Minimum:','','',3,10),
	(3,'7d862c50648383dbd4f61a7c855e9125',0,0,1,4,0,'FF',9,0.00,'',0,0,0,'',4,'','Current:','','',3,11),
	(4,'5c95dc09177224405bfc9c8327b500de',0,0,1,4,0,'FF',9,0.00,'',0,0,0,'',1,'','Average:','','',3,12),
	(5,'29893153e2ebf92d76b6be6406364827',0,0,1,4,0,'FF',9,0.00,'',0,0,0,'',3,'','Maximum:','','on',3,13),
	(6,'307b0e1d79f9e6c82422bdec60cb53fc',0,0,1,3,21,'FF',5,1.00,'',0,0,0,'',3,'','Devices per Process','','',2,14),
	(7,'3a589db3c639a4656239ef91bdb7d963',0,0,1,3,0,'FF',9,0.00,'',0,0,0,'',2,'','Minimum:','','',3,15),
	(8,'95801ded6f69369331ffee4172831aac',0,0,1,3,0,'FF',9,0.00,'',0,0,0,'',4,'','Current:','','',3,16),
	(9,'38a2601d6ab38676eacd4fad70fa449c',0,0,1,3,0,'FF',9,0.00,'',0,0,0,'',1,'','Average:','','',3,17),
	(10,'31fd36f9eecfff1022bebbf8284124d3',0,0,1,3,0,'FF',9,0.00,'',0,0,0,'',3,'','Maximum:','','on',3,18),
	(11,'1356201ec5a1edfcdb125799157885e4',0,0,2,2,21,'7F',7,0.00,'',0,0,0,'',1,'','DataSources','','',2,1),
	(12,'638f573f3bea2c92c33c4ef5b36f6676',0,0,2,2,0,'FF',9,0.00,'',0,0,0,'',2,'','Minimum:','','',3,2),
	(13,'cb283c3ea8d75bbfcbfc6af2c318d2ca',0,0,2,2,0,'FF',9,0.00,'',0,0,0,'',4,'','Current:','','',3,3),
	(14,'aed104112c9d02c3dcf5ef6d426e6d94',0,0,2,2,0,'FF',9,0.00,'',0,0,0,'',1,'','Average:','','',3,4),
	(15,'e35f2eb9a56c5bd4854700b07563bb35',0,0,2,2,0,'FF',9,0.00,'',0,0,0,'',3,'','Max:','','on',3,5),
	(16,'56d2404d75b888ebd26642b2c761aed9',0,0,2,2,21,'FF',4,0.00,'',0,0,0,'',3,'','Peak','','on',2,6),
	(17,'e31399b630bdb4fe4edd388d5f39f30d',0,0,2,1,22,'7F',7,0.00,'',0,0,0,'',1,'','RRDs','','',2,7),
	(18,'d97dde4ed16452e3606f97192b77f431',0,0,2,1,0,'FF',9,0.00,'',0,0,0,'',2,'','Minimum:','','',3,8),
	(19,'f4ce5c3b7b41afc8697e67d03ac237c5',0,0,2,1,0,'FF',9,0.00,'',0,0,0,'',4,'','Current:','','',3,9),
	(20,'e658a67093b52dda92170fa4de2891f7',0,0,2,1,0,'FF',9,0.00,'',0,0,0,'',1,'','Average:','','',3,10),
	(21,'35ad8af76239bf66294a5363b9232066',0,0,2,1,0,'FF',9,0.00,'',0,0,0,'',3,'','Max:','','on',3,11),
	(22,'f3ec7d169b458637d2ceaf1af37e2f27',0,0,2,1,22,'FF',4,0.00,'',0,0,0,'',3,'','Peak','','on',2,12),
	(23,'fcbadf401144aca864ee6e351dbefc71',0,0,3,9,21,'7F',7,0.00,'',0,0,0,'',1,'','RRD Updates','','',2,5),
	(24,'af50026d641256fd5680bf0a29cbd71c',0,0,3,9,0,'FF',9,0.00,'',0,0,0,'',2,'','Minimum:','','',2,6),
	(25,'f0b956b88bb80efdd2274e8fc854e3f6',0,0,3,9,0,'FF',9,0.00,'',0,0,0,'',4,'','Current:','','',2,7),
	(26,'ae0c95809d23aa0f352588e8687b18bd',0,0,3,9,0,'FF',9,0.00,'',0,0,0,'',1,'','Average:','','',2,8),
	(27,'dc5c9a4d95596a2f53bc3e750328bbbd',0,0,3,9,0,'FF',9,0.00,'',0,0,0,'',3,'','Maximum:','','on',2,9),
	(28,'110e98061ccd2b0ad3e3484cb543fc2a',0,0,3,9,21,'FF',4,0.00,'',0,0,0,'',3,'','Peak','','on',2,10),
	(29,'32cbb9bde78d9d3611655d4ac4e54675',0,0,4,10,9,'FF',4,0.00,'',0,0,0,'',1,'','SNMP','','',2,1),
	(30,'16f8e7e12c7260fd96be5ee9cfba2c3e',0,0,4,10,0,'FF',9,0.00,'',0,0,0,'',2,'','Minimum:','','',3,2),
	(31,'55bdcf6eadd5c7c4d92bc7bdd0a1cac5',0,0,4,10,0,'FF',9,0.00,'',0,0,0,'',4,'','Current:','','',3,3),
	(32,'1e8b5a13351b987ecbac92383ee69c65',0,0,4,10,0,'FF',9,0.00,'',0,0,0,'',1,'','Average:','','',3,4),
	(33,'869609c7466eb1aa33341fc6a9b6a35d',0,0,4,10,0,'FF',9,0.00,'',0,0,0,'',3,'','Maximum:','','on',3,5),
	(34,'f23734f91729f5e138af13364029c7ce',0,0,4,11,21,'FF',4,0.00,'',0,0,0,'',1,'','Scripts','','',2,6),
	(35,'0c61d6797018820bdef94dfe21756cf5',0,0,4,11,0,'FF',9,0.00,'',0,0,0,'',2,'','Minimum:','','',3,7),
	(36,'1b4d3a3012335db9379f467358c2bb6d',0,0,4,11,0,'FF',9,0.00,'',0,0,0,'',4,'','Current:','','',3,8),
	(37,'1830564fe0d6c049416579e32205e2a7',0,0,4,11,0,'FF',9,0.00,'',0,0,0,'',1,'','Average:','','',3,9),
	(38,'efdc02a9435514c364db2b92fe7fe509',0,0,4,11,0,'FF',9,0.00,'',0,0,0,'',3,'','Maximum:','','on',3,10),
	(39,'27d50f2128ea10ffd3e35957cb709fe0',0,0,4,12,12,'FF',4,0.00,'',0,0,0,'',1,'','Script Server','','',2,11),
	(40,'c9b2c90d4d9878796780cb761d73fa8f',0,0,4,12,0,'FF',9,0.00,'',0,0,0,'',2,'','Minimum:','','',3,12),
	(41,'637a299a9a12c774df8313a031325966',0,0,4,12,0,'FF',9,0.00,'',0,0,0,'',4,'','Current:','','',3,13),
	(42,'74e490ca676857d171128263ab09b706',0,0,4,12,0,'FF',9,0.00,'',0,0,0,'',1,'','Average:','','',3,14),
	(43,'f863289ac9e6a795504a3d050dbd324f',0,0,4,12,0,'FF',9,0.00,'',0,0,0,'',3,'','Maximum:','','on',3,15),
	(44,'04fb5222980d21b5251e1c9ed5d347db',0,0,5,14,9,'FF',4,0.00,'',0,0,0,'',1,'','Time','','',2,1),
	(45,'2ba70e81c22c689ee9c58709222ce49e',0,0,5,14,0,'FF',9,0.00,'',0,0,0,'',2,'','Minimum:','','',2,2),
	(46,'c727c1b340f092245c9bde6d87c6ddc6',0,0,5,14,0,'FF',9,0.00,'',0,0,0,'',4,'','Current:','','',2,3),
	(47,'8639f3c18e23ecf82d33e17ea2fe5f26',0,0,5,14,0,'FF',9,0.00,'',0,0,0,'',1,'','Average:','','',2,4),
	(48,'4dccef4553ab01ada824f8e65778c812',0,0,5,14,0,'FF',9,0.00,'',0,0,0,'',3,'','Maximum:','','on',2,5),
	(49,'40319938001b6d218ce1db73c88a6b3a',0,0,5,13,21,'FF',4,0.00,'',0,0,0,'',1,'','Devices','','',2,6),
	(50,'016456cbbd0e8192edc6ade57092ad5e',0,0,5,13,0,'FF',9,0.00,'',0,0,0,'',2,'','Minimum:','','',2,7),
	(51,'f5ec7bf6219291a82cf21db887e6aa4d',0,0,5,13,0,'FF',9,0.00,'',0,0,0,'',4,'','Current:','','',2,8),
	(52,'623af2e8a0466b4f77aa5aadda2ca456',0,0,5,13,0,'FF',9,0.00,'',0,0,0,'',1,'','Average:','','',2,9),
	(53,'59159dce481d701109e86a9606b32ac0',0,0,5,13,0,'FF',9,0.00,'',0,0,0,'',3,'','Maximum:','','on',2,10),
	(54,'3c764c5315fffd7c67b3fa1dfca25bc1',0,0,6,6,22,'FF',7,0.00,'',0,0,0,'',3,'','Processes','','',2,5),
	(55,'c37e620d7448ef974823943ccc11352d',0,0,6,6,0,'FF',9,0.00,'',0,0,0,'',2,'','Minimum:','','',3,6),
	(56,'e1d514b3cface87552f96ddd3d759769',0,0,6,6,0,'FF',9,0.00,'',0,0,0,'',4,'','Current:','','',3,7),
	(57,'e5840dc4e0b35c9c81ada6a3e2a28c97',0,0,6,6,0,'FF',9,0.00,'',0,0,0,'',1,'','Average:','','',3,8),
	(58,'8783841513dcaa7482ec88095e5a31f3',0,0,6,6,0,'FF',9,0.00,'',0,0,0,'',3,'','Maximum:','','on',3,9),
	(59,'75526bdbdfaf4453a152c2f3b21500e2',0,0,6,5,21,'FF',4,0.00,'',0,0,0,'',3,'','Threads','','',2,10),
	(60,'24f8242b4bd303dcf553472b5136497a',0,0,6,5,0,'FF',9,0.00,'',0,0,0,'',2,'','Minimum:','','',3,11),
	(61,'e9a67f629ecc1629fb887f1f4a736871',0,0,6,5,0,'FF',9,0.00,'',0,0,0,'',4,'','Current:','','',3,12),
	(62,'b3768741be21ff91be6f1b3d1854b3d9',0,0,6,5,0,'FF',9,0.00,'',0,0,0,'',1,'','Average:','','',3,13),
	(63,'03cc00dfac46da693a8ea5117aa71c85',0,0,6,5,0,'FF',9,0.00,'',0,0,0,'',3,'','Maximum:','','on',3,14),
	(64,'73babc37c735c91d6470277c475e2f15',0,0,7,15,33,'99',7,0.00,'',0,0,0,'',1,'','Memory','','',2,1),
	(65,'50fc91a3f4ad4e4cfc0cf8a9bd6ff8b5',0,0,7,15,0,'FF',9,0.00,'',0,0,0,'',2,'','Minimum:','','',2,2),
	(66,'592b60422e32093971aa2c7e11cf008c',0,0,7,15,0,'FF',9,0.00,'',0,0,0,'',4,'','Current:','','',2,3),
	(67,'9763a5c1d8da163c9bc6f71775f260bf',0,0,7,15,0,'FF',9,0.00,'',0,0,0,'',1,'','Average:','','',2,4),
	(68,'cf2232500ece6afbc42356874bd23e36',0,0,7,15,0,'FF',9,0.00,'',0,0,0,'',3,'','Maximum:','','on',2,5),
	(69,'cff727ebf877a5749700cc731a6ff92a',0,0,7,15,9,'FF',4,0.00,'',0,0,0,'',3,'','Peak','','on',2,6),
	(70,'27754544d0fc505b19738949205c6307',0,0,8,22,9,'FF',5,0.00,'',0,16,0,'',3,'','Invalid','','',2,1),
	(71,'0bfdda0f8488820341ecd83a11fd9be5',0,0,8,22,0,'FF',9,0.00,'',0,0,0,'',4,'','Current:','','',3,2),
	(72,'a4bf9518e8f49635c3b4143920081e12',0,0,8,22,0,'FF',9,0.00,'',0,0,0,'',1,'','Average:','','',3,3),
	(73,'365dc64f4e9cfb67eab245384ca7690e',0,0,8,22,0,'FF',9,0.00,'',0,0,0,'',3,'','Maximum:','','on',3,4),
	(74,'221fcbbcaf4645f84c1872814cda7c9c',0,0,8,18,12,'FF',5,0.00,'',0,16,0,'',3,'','Valid','','',2,5),
	(75,'b729d06939a4f87445a8ee4cddab6658',0,0,8,18,0,'FF',9,0.00,'',0,0,0,'',4,'','Current:','','',3,6),
	(76,'8b22c33cd263e4db5de2445bee127628',0,0,8,18,0,'FF',9,0.00,'',0,0,0,'',1,'','Average:','','',3,7),
	(77,'955e9fb6e7f969da1357561132bc8fc8',0,0,8,18,0,'FF',9,0.00,'',0,0,0,'',3,'','Maximum:','','on',3,8),
	(78,'f0a60d7066fd0b24bde61889874a31d0',0,0,9,19,67,'FF',5,0.00,'',0,16,0,'',3,'','Sleeping','','',2,1),
	(79,'2125e19cca095ef5d1b7ce3c4d15b359',0,0,9,19,0,'FF',9,0.00,'',0,0,0,'',4,'','Current:','','',3,2),
	(80,'1f3aca03fb77d7188138c06696079c53',0,0,9,19,0,'FF',9,0.00,'',0,0,0,'',1,'','Average:','','',3,3),
	(81,'fb3188b591f50074e9caf7bf7923a1bd',0,0,9,19,0,'FF',9,0.00,'',0,0,0,'',3,'','Maximum:','','on',3,4),
	(82,'4a7a0e5a40310ebea976a5ef8c1d8af6',0,0,9,16,12,'FF',5,0.00,'',0,16,0,'',3,'','Active','','',2,5),
	(83,'12fde6a31088c5241c4ff6c9fad6aaf3',0,0,9,16,0,'FF',9,0.00,'',0,0,0,'',4,'','Current:','','',3,6),
	(84,'a7ff175000c7ea9895aa5c2640ee3bfc',0,0,9,16,0,'FF',9,0.00,'',0,0,0,'',1,'','Average:','','',3,7),
	(85,'b7fdf087a908bf9b7f419bf2f370b4e6',0,0,9,16,0,'FF',9,0.00,'',0,0,0,'',3,'','Maximum:','','on',3,8),
	(86,'64503d5111bca2182bcde7beec63caf9',0,0,9,17,1,'FF',5,0.00,'',0,16,0,'',3,'','Obsolete','','',2,9),
	(87,'f9863f026563fcaba23870cda09370d9',0,0,9,17,0,'FF',9,0.00,'',0,0,0,'',4,'','Current:','','',3,10),
	(88,'fce8acbd7d5e28a3a28e9d9f34142bc6',0,0,9,17,0,'FF',9,0.00,'',0,0,0,'',1,'','Average:','','',3,11),
	(89,'11c44453bd1055fc824dc52d9c6cc476',0,0,9,17,0,'FF',9,0.00,'',0,0,0,'',3,'','Maximum:','','on',3,12),
	(90,'2a525fa0df95afc0fdc13b83ad1849b5',0,0,9,17,0,'FF',1,1.00,'',0,0,0,'',1,'','','','on',2,13),
	(91,'ecd93a086cd132a87249f16d6a3b95c1',0,0,9,17,0,'FF',1,1.00,'',0,0,0,'',1,'','Active is defined by activity in the last 10 minutes','','on',2,14),
	(92,'8e81853e0aaa20a1f9b56e8ec52b8f2f',0,0,10,20,67,'FF',5,0.00,'',0,16,0,'',3,'','sleeping users','','',2,1),
	(93,'7543361b2bb32daaa4418056141a7a1b',0,0,10,20,0,'FF',9,0.00,'',0,0,0,'',4,'','Current:','','',3,2),
	(94,'a35bf36c2139020f9595cf4a53855f2a',0,0,10,20,0,'FF',9,0.00,'',0,0,0,'',1,'','Average:','','',3,3),
	(95,'9cfa72d4173adb00446cefd58235266d',0,0,10,20,0,'FF',9,0.00,'',0,0,0,'',3,'','Maximum:','','on',3,4),
	(96,'36894aaf231e2b7f8e0001947a45fe31',0,0,10,21,12,'FF',5,0.00,'',0,16,0,'',3,'','active users','','',2,5),
	(97,'343950e3fdb3f1287cf276402399d870',0,0,10,21,0,'FF',9,0.00,'',0,0,0,'',4,'','Current:','','',3,6),
	(98,'d798830b697dba9c537a648e2d41a788',0,0,10,21,0,'FF',9,0.00,'',0,0,0,'',1,'','Average:','','',3,7),
	(99,'f6b89c18ac5696d55f7eda79a68de080',0,0,10,21,0,'FF',9,0.00,'',0,0,0,'',3,'','Maximum:','','on',3,8),
	(100,'a025ef65367c4f939c31b28baad20c6f',0,0,11,8,9,'7F',7,0.00,'',0,0,0,'',1,'','Runtime','','',2,1),
	(101,'8c89dcd9c2c2c5260ca9b788ccbe1078',0,0,11,8,0,'FF',9,0.00,'',0,0,0,'',2,'','Minimum:','','',2,2),
	(102,'16209062ba83af6572cba1467a13f9f5',0,0,11,8,0,'FF',9,0.00,'',0,0,0,'',4,'','Current:','','',2,3),
	(103,'f6b696f22bcc361f10dbe04c15e80d57',0,0,11,8,0,'FF',9,0.00,'',0,0,0,'',1,'','Average:','','',2,4),
	(104,'b1e4bdfffdbc00028d19c9119277ac8a',0,0,11,8,0,'FF',9,0.00,'',0,0,0,'',3,'','Maximum:','','on',2,5),
	(105,'e8f29eaa246674d4a61a8046fb5b7eaa',0,0,11,8,9,'FF',4,0.00,'',0,0,0,'',3,'','Peak','','on',2,6),
	(106,'038d96ab1dae9a6fb035e40b2fd03c06',0,0,12,7,220,'FF',7,0.00,'',0,0,0,'',1,'','Runtime','','',2,1),
	(107,'59fe6ca00d3941073defec6d4c69703d',0,0,12,7,0,'FF',9,0.00,'',0,0,0,'',2,'','Minimum:','','',2,2),
	(108,'b087aeb26e012ec7176a5181f6eca120',0,0,12,7,0,'FF',9,0.00,'',0,0,0,'',4,'','Current:','','',2,3),
	(109,'17cdf49b127716314510f18f7ea86c9a',0,0,12,7,0,'FF',9,0.00,'',0,0,0,'',1,'','Average:','','',2,4),
	(110,'ec5c007dced72c180e68503bf538796e',0,0,12,7,0,'FF',9,0.00,'',0,0,0,'',3,'','Maximum:','','on',2,5),
	(111,'d3fb4700c0b543ac780a4459cf0b75fe',0,0,12,7,220,'FF',4,1.00,'',0,0,0,'',3,'','Peak','','on',2,6),
	(112,'b171b0ce65711d989237df6a2a4ab0e3',0,0,13,23,33,'99',7,0.00,'',0,0,0,'',1,'','Graphs','','',2,1),
	(113,'3286e9c1d4b442f613843ecd31ed0f24',0,0,13,23,0,'FF',9,0.00,'',0,0,0,'',2,'','Minimum:','','',3,2),
	(114,'4523f4b5a43910a6d35cb39521210e17',0,0,13,23,0,'FF',9,0.00,'',0,0,0,'',4,'','Current:','','',3,3),
	(115,'631b712a9ec7c16cdc2cc8ab8ef8a8c8',0,0,13,23,0,'FF',9,0.00,'',0,0,0,'',1,'','Average:','','',3,4),
	(116,'b585ca27d990822e9f1a32dfade81359',0,0,13,23,0,'FF',9,0.00,'',0,0,0,'',3,'','Maximum:','','on',3,5),
	(117,'3e98b8d0b955aeb7818c1cc0c529c97f',0,0,13,23,9,'FF',4,0.00,'',0,0,0,'',3,'','Peak','','on',2,6),
	(118,'f39c237c29b403cf0bd9d4a695845a3e',0,0,14,24,9,'7F',7,0.00,'',0,0,0,'',1,'','Duration','','',2,1),
	(119,'80c57edb527d637c9d20bbf261238e4c',0,0,14,24,0,'FF',9,0.00,'',0,0,0,'',2,'','Minimum:','','',2,2),
	(120,'af1b340c0b30ddf1d1cb4b134733c226',0,0,14,24,0,'FF',9,0.00,'',0,0,0,'',4,'','Current:','','',2,3),
	(121,'ff1dffa572922628933aac2bb09b0106',0,0,14,24,0,'FF',9,0.00,'',0,0,0,'',1,'','Average:','','',2,4),
	(122,'0c49e83a78dd32490afa07dd00454219',0,0,14,24,0,'FF',9,0.00,'',0,0,0,'',3,'','Maximum:','','on',2,5),
	(123,'8cdfbd3ad8a47ed2e2302a186d9aad89',0,0,14,24,9,'FF',4,0.00,'',0,0,0,'',3,'','Peak','','on',2,6),
	(124,'716f1420ab963de213406a516412d2cf',0,0,15,27,349,'FF',4,1.00,'',0,0,0,'',3,'','Alarms','','',2,1),
	(125,'012aa68452c36b37c6544cbc789fe24c',0,0,15,27,0,'FF',9,1.00,'',0,0,0,'',4,'','Cur:','','',3,2),
	(126,'0df78b80285a642c905f1744428cdf95',0,0,15,27,0,'FF',9,1.00,'',0,0,0,'',1,'','Avg:','','',3,3),
	(127,'f121d0e8d04513d5ad418fc6211dfce0',0,0,15,27,0,'FF',9,1.00,'',0,0,0,'',3,'','Max:','','on',3,4),
	(128,'bae36e7e302c123f7f111bf7684bd81d',0,0,15,25,21,'FF',4,1.00,'',0,0,0,'',3,'','Incoming','','',2,5),
	(129,'455dae758441bd63296d97930e69a59c',0,0,15,25,0,'FF',9,1.00,'',0,0,0,'',4,'','Cur:','','',3,6),
	(130,'bfd0d0ce705ba3a09fc3a85fb559443f',0,0,15,25,0,'FF',9,1.00,'',0,0,0,'',1,'','Avg:','','',3,7),
	(131,'20227ad68815d5ba4587711147a51093',0,0,15,25,0,'FF',9,1.00,'',0,0,0,'',3,'','Max:','','on',3,8),
	(132,'b26d3ab2971fc848493a452850b4c9c7',0,0,15,28,348,'FF',4,1.00,'',0,0,0,'',3,'','Removals','','',2,9),
	(133,'8e3de9824672cf6cb9ae67c6a7f262be',0,0,15,28,0,'FF',9,1.00,'',0,0,0,'',4,'','Cur:','','',3,10),
	(134,'ab250b40398d352e59c1e6f3ee73ac87',0,0,15,28,0,'FF',9,1.00,'',0,0,0,'',1,'','Avg:','','',3,11),
	(135,'e69ef032cf24b9097eb5b4ec111ff85b',0,0,15,28,0,'FF',9,1.00,'',0,0,0,'',3,'','Max:','','on',3,12),
	(136,'4a633d659023cf582a3e511adf1648e7',0,0,15,29,73,'FF',4,1.00,'',0,0,0,'',3,'','Xfers','','',2,13),
	(137,'74310dee669e0a53ac0bd8f9b300a19c',0,0,15,29,0,'FF',9,1.00,'',0,0,0,'',4,'','Cur:','','',3,14),
	(138,'cc5d791912ec135b55e7902939f2c757',0,0,15,29,0,'FF',9,1.00,'',0,0,0,'',1,'','Avg:','','',3,15),
	(139,'30ab8cafb303abace4d2c89d43ce9a19',0,0,15,29,0,'FF',9,1.00,'',0,0,0,'',3,'','Max:','','on',3,16),
	(140,'d204773375b4aa791101f1d369671e7e',0,0,15,26,57,'FF',4,1.00,'',0,0,0,'',3,'','Deletes','','',2,17),
	(141,'caed8185f0a18522b6206c844ddbd4b6',0,0,15,26,0,'FF',9,1.00,'',0,0,0,'',4,'','Cur:','','',3,18),
	(142,'a50a149f9d1f6a99f576838e04b26675',0,0,15,26,0,'FF',9,1.00,'',0,0,0,'',1,'','Avg:','','',3,19),
	(143,'d2d64a8f38a1dbe90d069570c6e1c8ab',0,0,15,26,0,'FF',9,1.00,'',0,0,0,'',3,'','Max:','','on',3,20),
	(144,'df377f974b5eab4e2ca1c28ab4d5707c',0,0,16,30,147,'FF',7,1.00,'',0,0,0,'',1,'','Runtime','','',2,1),
	(145,'24729f911d6359d880680105a50c36eb',0,0,16,30,0,'FF',9,1.00,'',0,0,0,'',4,'','Cur:','','',2,3),
	(146,'6a16b23259036c99b48dba8350d8f176',0,0,16,30,0,'FF',9,1.00,'',0,0,0,'',1,'','Avg:','','',2,4),
	(147,'a041fe3d908ecbc0559325803199f6dd',0,0,16,30,0,'FF',9,1.00,'',0,0,0,'',3,'','Max:','','on',2,5),
	(148,'6aeb8ad840ad85a20c278db18b389d22',0,0,16,30,145,'FF',4,1.00,'',0,0,0,'',3,'','Peak','','on',2,6),
	(149,'e645404fa8f50a0728ee0f0b8497f145',0,0,17,31,357,'FF',4,1.00,'',0,0,0,'',1,'','Alerts','','',2,1),
	(150,'820a111195923253263fd088e6a3f26b',0,0,17,31,0,'FF',9,1.00,'',0,0,0,'',4,'','Cur:','','',3,2),
	(151,'ae9df897b9bf829f947805e2ac06c92f',0,0,17,31,0,'FF',9,1.00,'',0,0,0,'',1,'','Avg:','','',3,3),
	(152,'bbab846026945121c0978c86248cd67a',0,0,17,31,0,'FF',9,1.00,'',0,0,0,'',3,'','Max:','','on',3,4),
	(153,'0279878d31321a2a823b2482c3c4e2b3',0,0,17,32,78,'FF',4,1.00,'',0,0,0,'',1,'','Reports','','',2,5),
	(154,'4df64c107b86749dfdf7a4b127ae3a5c',0,0,17,32,0,'FF',9,1.00,'',0,0,0,'',4,'','Cur:','','',3,6),
	(155,'e830b1c6d23710a36411f68c617f3948',0,0,17,32,0,'FF',9,1.00,'',0,0,0,'',1,'','Avg:','','',3,7),
	(156,'12331f7b11cfcc046b0f1e9bc1d7fac4',0,0,17,32,0,'FF',9,1.00,'',0,0,0,'',3,'','Max:','','on',3,8),
	(157,'aea38ece8b8b30d21485c0b193c77eff',0,0,18,33,326,'FF',7,1.00,'',0,0,0,'',1,'','Runtime','','',2,1),
	(158,'5d5e84e81929c7e6ed528c3d387aafe7',0,0,18,33,0,'FF',9,1.00,'',0,0,0,'',4,'','Cur:','','',2,2),
	(159,'01395a1a1d3fce41cdd179a4173073d1',0,0,18,33,0,'FF',9,1.00,'',0,0,0,'',1,'','Avg:','','',2,3),
	(160,'373d780cb5937fcbc8ad34434f9afe0f',0,0,18,33,0,'FF',9,1.00,'',0,0,0,'',3,'','Max:','','on',2,4),
	(161,'43056bf401422ce4438364e8dc2b7c0d',0,0,18,33,357,'FF',4,1.00,'',0,0,0,'',3,'','Peak','','on',2,5),
	(162,'38d4e3f04ddea34a2bf90f74949270ab',0,0,19,34,348,'FF',7,1.00,'',0,0,0,'',1,'','Row Size','','',2,1),
	(163,'dd0ea182d14943eba902e7e067c4acaa',0,0,19,34,0,'FF',9,1.00,'',0,0,0,'',4,'','Cur:','','',2,2),
	(164,'a602db7b166a3582acef0641443ef775',0,0,19,34,0,'FF',9,1.00,'',0,0,0,'',1,'','Avg:','','',2,3),
	(165,'62496efcc8886713cae76027d4848eec',0,0,19,34,0,'FF',9,1.00,'',0,0,0,'',3,'','Max:','','on',2,4),
	(166,'db1f04ea4b4010ee7f9e1f2b6215d05f',0,0,19,34,334,'FF',4,1.00,'',0,0,0,'',3,'','Peak','','on',2,5),
	(167,'4e24397603819f4c6659969e94db0278',0,0,20,35,403,'FF',7,1.00,'',0,0,0,'',1,'','Records','','',2,1),
	(168,'0ceed612e3956938df52ae938deeffe7',0,0,20,35,0,'FF',9,1.00,'',0,0,0,'',4,'','Cur:','','',3,2),
	(169,'b6301d5ff8f778890f30b56ed66576ba',0,0,20,35,0,'FF',9,1.00,'',0,0,0,'',1,'','Avg:','','',3,3),
	(170,'f9a2893f1306147633c4fd6194975a41',0,0,20,35,0,'FF',9,1.00,'',0,0,0,'',3,'','Max:','','on',3,4),
	(171,'53f04b914c7976276fc3092fbd0a9e45',0,0,20,35,359,'FF',4,1.00,'',0,0,0,'',3,'','Peak','','on',2,5),
	(172,'753a4c827aeb53939f4bba22dfb1496a',0,0,21,36,351,'FF',7,1.00,'',0,0,0,'',1,'','Table Size','','',2,1),
	(173,'91e4dfa95ee8f1e20721bab7e65403f6',0,0,21,36,0,'FF',9,1.00,'',0,0,0,'',4,'','Cur:','','',2,2),
	(174,'aa453957c913b7a97a01eef249747984',0,0,21,36,0,'FF',9,1.00,'',0,0,0,'',1,'','Avg:','','',2,3),
	(175,'ac124d79912482fa498839088e206b97',0,0,21,36,0,'FF',9,1.00,'',0,0,0,'',3,'','Max:','','on',2,4),
	(176,'ed7b7c12f54f929d9ee94d6f47efec77',0,0,21,36,52,'FF',4,1.00,'',0,0,0,'',3,'','Peak','','on',2,5),
	(177,'a1113096d9a5cf96f370b863d86bb8da',0,0,22,38,145,'FF',7,1.00,'',0,0,0,'',1,'','Fetch Records','','',2,1),
	(178,'2403d49b2f517764311e11a235d307da',0,0,22,38,0,'FF',9,1.00,'',0,0,0,'',4,'','Cur:','','',2,2),
	(179,'932649e9571571435bc62ce53e59779b',0,0,22,38,0,'FF',9,1.00,'',0,0,0,'',1,'','Avg:','','',2,3),
	(180,'e8824f8fb582b97fc974b39f94303c97',0,0,22,38,0,'FF',9,1.00,'',0,0,0,'',3,'','Max:','','on',2,4),
	(181,'6f98a18a3d115120487255505690391d',0,0,22,40,411,'FF',8,1.00,'',0,0,0,'',1,'','Cycle Time','','',2,5),
	(182,'b254dfa21fda194dbb7c59844475b061',0,0,22,40,0,'FF',9,1.00,'',0,0,0,'',4,'','Cur:','','',2,6),
	(183,'696b3b72ff76cb648bf65a9dd0494ff0',0,0,22,40,0,'FF',9,1.00,'',0,0,0,'',1,'','Avg:','','',2,7),
	(184,'e5682ebf46d1ce91b2a2607752740724',0,0,22,40,0,'FF',9,1.00,'',0,0,0,'',3,'','Max:','','on',2,8),
	(185,'391228d6e2cddd2fffb105f87b02406e',0,0,22,39,62,'FF',8,1.00,'',0,0,0,'',1,'','Last Update','','',2,9),
	(186,'4b66e291b5c468ab395b57acedbbefb6',0,0,22,39,0,'FF',9,1.00,'',0,0,0,'',4,'','Cur:','','',2,10),
	(187,'ef597f67783ffb0b919c0c32bf2bc913',0,0,22,39,0,'FF',9,1.00,'',0,0,0,'',1,'','Avg:','','',2,11),
	(188,'4e23b63817cab703883d7eb311437734',0,0,22,39,0,'FF',9,1.00,'',0,0,0,'',3,'','Max:','','on',2,12),
	(189,'dd503d194079fc6f7f7d4e469a24e195',0,0,22,41,287,'FF',8,1.00,'',0,0,0,'',1,'','Template','','',2,13),
	(190,'e282696b254dd0225d393e752e656f01',0,0,22,41,0,'FF',9,1.00,'',0,0,0,'',4,'','Cur:','','',2,14),
	(191,'5302ffa84c5c94c13b91f08773f7ef81',0,0,22,41,0,'FF',9,1.00,'',0,0,0,'',1,'','Avg:','','',2,15),
	(192,'cf9ced491348a4232519a6c82005a47a',0,0,22,41,0,'FF',9,1.00,'',0,0,0,'',3,'','Max:','','on',2,16),
	(193,'82b6d4d06fdd5f02e83a3d014b210862',0,0,22,42,276,'FF',8,1.00,'',0,0,0,'',1,'','Update','','',2,17),
	(194,'46c2f071028021b4348cb4dedb7decea',0,0,22,42,0,'FF',9,1.00,'',0,0,0,'',4,'','Cur:','','',2,18),
	(195,'1d839b2e152f8e85b16fffa424444f03',0,0,22,42,0,'FF',9,1.00,'',0,0,0,'',1,'','Avg:','','',2,19),
	(196,'89f2fd5edf87146e624b7a5f8f3ff8f5',0,0,22,42,0,'FF',9,1.00,'',0,0,0,'',3,'','Max:','','on',2,20),
	(197,'f578ded21f328c5350d6810ae8b12170',0,0,22,37,357,'FF',8,1.00,'',0,0,0,'',1,'','Delete','','',2,21),
	(198,'44e102eb5740dd787e8b10d32383fe14',0,0,22,37,0,'FF',9,1.00,'',0,0,0,'',4,'','Cur:','','',2,22),
	(199,'204fbdd6a4ce01e2664c5ded5ed5a49b',0,0,22,37,0,'FF',9,1.00,'',0,0,0,'',1,'','Avg:','','',2,23),
	(200,'1f1faff4ad32a349cce4a728f401a200',0,0,22,37,0,'FF',9,1.00,'',0,0,0,'',3,'','Max:','','on',2,24),
	(201,'3ca5fb14afe1dbfe091a3f685bf918b3',0,0,22,0,1,'FF',4,1.00,'',0,12,0,'',1,'','Total','','',2,25),
	(202,'3c075d59646dd06b104baff9084a2f35',0,0,22,0,0,'FF',9,1.00,'',0,12,0,'',4,'','Cur:','','',2,26),
	(203,'d62b68535fa7e6add5585756ac1f2678',0,0,22,0,0,'FF',9,1.00,'',0,12,0,'',1,'','Avg:','','',2,27),
	(204,'1951085bce9526637318f74f5abbd8a2',0,0,22,0,0,'FF',9,1.00,'',0,12,0,'',3,'','Max:','','on',2,28),
	(205,'90aa926db140390b81939dd167f31bf9',0,0,23,43,91,'FF',7,1.00,'',0,0,0,'',1,'','Current','','',2,1),
	(206,'9bd0b69684b9db0be1e90ad59c8f43db',0,0,23,43,0,'FF',9,1.00,'',0,0,0,'',4,'','Cur:','','',2,2),
	(207,'59c30586c3796fbf6d79fcd774b3d533',0,0,23,43,0,'FF',9,1.00,'',0,0,0,'',1,'','Avg:','','',2,3),
	(208,'a3422cf61a1b392f9f77b653d6e73eb6',0,0,23,43,0,'FF',9,1.00,'',0,0,0,'',3,'','Max:','','on',2,4),
	(209,'6491296bc4cdc4dd9f40b7489c2313e1',0,0,23,44,358,'FF',4,1.00,'',0,0,0,'',3,'','Lifetime Peak','','',2,5),
	(210,'f689f98d2e155dc2f053bf02894bf0d5',0,0,23,44,0,'FF',9,1.00,'',0,0,0,'',4,'','Cur:','','',2,6),
	(211,'49867473eaf4e97ff7e10a94bff6cdee',0,0,23,44,0,'FF',9,1.00,'',0,0,0,'',1,'','Avg:','','',2,7),
	(212,'17d8becfd5c9e3a867a2491e49127e3b',0,0,23,44,0,'FF',9,1.00,'',0,0,0,'',3,'','Max:','','on',2,8),
	(213,'71bde29995acee91ce6240e7bf30a714',0,0,23,46,349,'FF',4,1.00,'',0,0,0,'',4,'','Average','','',2,9),
	(214,'850e9d00620c6194ff320380f7e5e019',0,0,23,46,0,'FF',9,1.00,'',0,0,0,'',4,'','Cur:','','',2,10),
	(215,'45c3107ed64f33eb8aa960f58a963170',0,0,23,46,0,'FF',9,1.00,'',0,0,0,'',1,'','Avg:','','',2,11),
	(216,'f560f3c8725c1e874f038a25f462559e',0,0,23,46,0,'FF',9,1.00,'',0,0,0,'',3,'','Max:','','on',2,12),
	(217,'a18377556acb58eb831bd2a7fb84a29d',0,0,23,45,27,'FF',4,1.00,'',0,0,0,'',3,'','Minimum','','',2,13),
	(218,'131a3570a93809d275835bcefb3c05d7',0,0,23,45,0,'FF',9,1.00,'',0,0,0,'',4,'','Cur:','','',2,14),
	(219,'e0baf41a67b0fff8ca61c23dd020d6bf',0,0,23,45,0,'FF',9,1.00,'',0,0,0,'',1,'','Avg:','','',2,15),
	(220,'f1edcf266598abc50b762c75e3ece85c',0,0,23,45,0,'FF',9,1.00,'',0,0,0,'',3,'','Max:','','on',2,16),
	(221,'f8a0a627660cef2011e9e58cfb25ee7c',0,0,23,43,90,'FF',4,1.00,'',0,0,0,'',3,'','Current Peak','','on',2,17),
	(222,'105102b5c5741b9f89c877dbb903cabb',0,0,24,47,426,'FF',7,1.00,'',0,0,0,'',3,'','SNMP','','',2,1),
	(223,'2ab78ee476b088eababf4ccb62fc8403',0,0,24,47,0,'FF',9,1.00,'',0,0,0,'',4,'','Cur:','','',3,2),
	(224,'ed62c47411851ae395a52ce26bc670e7',0,0,24,47,0,'FF',9,1.00,'',0,0,0,'',1,'','Avg:','','',3,3),
	(225,'757dc17ec75e4f9eca6d4117ebd42dd0',0,0,24,47,0,'FF',9,1.00,'',0,0,0,'',3,'','Max:','','on',3,4),
	(226,'ff6cc0639ccb1d3c0848a900a12379e8',0,0,24,49,357,'FF',8,1.00,'',0,0,0,'',1,'','Script Server','','',2,5),
	(227,'043f187de99960e36d87e1ce0a2f0b72',0,0,24,49,0,'FF',9,1.00,'',0,0,0,'',4,'','Cur:','','',3,6),
	(228,'8621e16ec9dc7e5866fc599223582de7',0,0,24,49,0,'FF',9,1.00,'',0,0,0,'',1,'','Avg:','','',3,7),
	(229,'cee71f7ef12c59baa96bdac49349bfa9',0,0,24,49,0,'FF',9,1.00,'',0,0,0,'',3,'','Max:','','on',3,8),
	(230,'942cd58c2eddcf7076c61fc019ba3eac',0,0,24,48,348,'FF',8,1.00,'',0,0,0,'',1,'','Scripts','','',2,9),
	(231,'686dd24b3c493c67ebd6f7d4a11483c0',0,0,24,48,0,'FF',9,1.00,'',0,0,0,'',4,'','Cur:','','',3,10),
	(232,'2338d1f67efe9dc28ceffe8551005df0',0,0,24,48,0,'FF',9,1.00,'',0,0,0,'',1,'','Avg:','','',3,11),
	(233,'5a6b48b066d09506186f6220453e785e',0,0,24,48,0,'FF',9,1.00,'',0,0,0,'',3,'','Max:','','on',3,12),
	(234,'2a2abecfc31410f129f059f08be26dba',0,0,25,51,144,'FF',7,1.00,'',0,0,0,'',1,'','Processes','','',2,1),
	(235,'8526ed34da699b32a34c9de47fce0dd9',0,0,25,51,0,'FF',9,1.00,'',0,0,0,'',4,'','Cur:','','',3,2),
	(236,'b21bb04a40073403e7e931cbc41457ca',0,0,25,51,0,'FF',9,1.00,'',0,0,0,'',1,'','Avg:','','',3,3),
	(237,'d72a4029cfc0bbdfefb616aacdbc864e',0,0,25,51,0,'FF',9,1.00,'',0,0,0,'',3,'','Max:','','on',3,4),
	(238,'c18009102b862009e870c67198647f85',0,0,25,50,357,'FF',4,1.00,'',0,0,0,'',1,'','Threads','','',2,5),
	(239,'2c16622f87cd7c1d213b8cd42e1b759e',0,0,25,50,0,'FF',9,1.00,'',0,0,0,'',4,'','Cur:','','',3,6),
	(240,'1024c6693b523ea3fa63d763201aec75',0,0,25,50,0,'FF',9,1.00,'',0,0,0,'',1,'','Avg:','','',3,7),
	(241,'f4b97f0baf923e8c7a89104012a212cf',0,0,25,50,0,'FF',9,1.00,'',0,0,0,'',3,'','Max:','','on',3,8),
	(242,'7175043999c84d28236e69db0fb2d0e2',0,0,26,53,9,'FF',4,0.00,'',0,0,0,'',1,'','Time','','',2,1),
	(243,'e41b859d762ed23daca15893e9fe8727',0,0,26,53,0,'FF',9,0.00,'',0,0,0,'',2,'','Minimum:','','',2,2),
	(244,'7b775daf6f91738088c320fdedcab975',0,0,26,53,0,'FF',9,0.00,'',0,0,0,'',4,'','Current:','','',2,3),
	(245,'ca41a8dc66c5e3d7cc828848db05c99f',0,0,26,53,0,'FF',9,0.00,'',0,0,0,'',1,'','Average:','','',2,4),
	(246,'3024df07146306f8c27fec3a01db3fe5',0,0,26,53,0,'FF',9,0.00,'',0,0,0,'',3,'','Maximum:','','on',2,5),
	(247,'43b2438bffbdcd5b7abd8102a6af1d70',0,0,26,52,21,'FF',4,0.00,'',0,0,0,'',1,'','Devices','','',2,6),
	(248,'7480eaaf598bebd33f6a23454c5e1625',0,0,26,52,0,'FF',9,0.00,'',0,0,0,'',2,'','Minimum:','','',2,7),
	(249,'147d8cbfcc339d79720a1b6c0572b463',0,0,26,52,0,'FF',9,0.00,'',0,0,0,'',4,'','Current:','','',2,8),
	(250,'9471ed059841dd352b66003c362383ff',0,0,26,52,0,'FF',9,0.00,'',0,0,0,'',1,'','Average:','','',2,9),
	(251,'40b100203ca15f90bf48f64a0e0c0579',0,0,26,52,0,'FF',9,0.00,'',0,0,0,'',3,'','Maximum:','','on',2,10),
	(252,'f71f6c21397cde4455ec7ce05be0c805',0,0,27,55,357,'FF',4,1.00,'',0,0,0,'',1,'','Total:','','',2,1),
	(253,'5a177ed26c79c1f8c0a49327593dd855',0,0,27,55,0,'FF',9,1.00,'',0,0,0,'',4,'','Cur:','','',2,2),
	(254,'c0d4230b4782bab828d1313be2378fa3',0,0,27,55,0,'FF',9,1.00,'',0,0,0,'',1,'','Avg:','','',2,3),
	(255,'d7c04af370bfaf14c841d4148f9213d2',0,0,27,55,0,'FF',9,1.00,'',0,0,0,'',3,'','Max:','','on',2,4),
	(256,'1f06ec5211f93c944d14a3cde570428c',0,0,27,56,343,'FF',4,1.00,'',0,0,0,'',1,'','Connect:','','',2,5),
	(257,'53db1d40a7526c7d7457eae04879e1ab',0,0,27,56,0,'FF',9,1.00,'',0,0,0,'',4,'','Cur:','','',2,6),
	(258,'2a1206a84c0c76cd3b93d1ec1116804a',0,0,27,56,0,'FF',9,1.00,'',0,0,0,'',1,'','Avg:','','',2,7),
	(259,'d198a15c400945de6b75e444ea180d15',0,0,27,56,0,'FF',9,1.00,'',0,0,0,'',3,'','Max:','','on',2,8),
	(260,'f4773a21325149011bc11b6681f0d19d',0,0,27,57,225,'FF',4,1.00,'',0,0,0,'',1,'','Lookup:','','',2,9),
	(261,'aec34f5241f64bd6352d222c0bb02239',0,0,27,57,0,'FF',9,1.00,'',0,0,0,'',4,'','Cur:','','',2,10),
	(262,'e3fca6ab743912305dc0ea5c59508012',0,0,27,57,0,'FF',9,1.00,'',0,0,0,'',1,'','Avg:','','',2,11),
	(263,'7490bc790de900b11faa17df41a08420',0,0,27,57,0,'FF',9,1.00,'',0,0,0,'',3,'','Max:','','on',2,13),
	(264,'2b5d497ecf6d2d0f4ca5edbe1729c031',0,0,27,54,353,'FF',4,1.00,'',0,0,0,'',1,'','Redirect:','','',2,14),
	(265,'5c204cf91b9cd5c9d7311c42ffbe620b',0,0,27,54,0,'FF',9,1.00,'',0,0,0,'',4,'','Cur:','','',2,15),
	(266,'ec0bc049a662c26ac028ae800ba756cb',0,0,27,54,0,'FF',9,1.00,'',0,0,0,'',1,'','Avg:','','',2,16),
	(267,'622fa49e702161cd45b74a4fcba9bfe5',0,0,27,54,0,'FF',9,1.00,'',0,0,0,'',3,'','Max:','','on',2,17),
	(268,'6aef9ddbac86a8d19be50dabdd8724da',0,0,28,58,405,'FF',7,1.00,'',0,0,0,'',1,'','Bytes:','','',2,1),
	(269,'d12e123a12003a100705507198109d83',0,0,28,58,0,'FF',9,1.00,'',0,0,0,'',4,'','Cur:','','',2,2),
	(270,'e9c1f169a5c6c07968766dca84ef11f9',0,0,28,58,0,'FF',9,1.00,'',0,0,0,'',1,'','Avg:','','',2,3),
	(271,'bd70cc4253c94a3f02fcaf2c90c42999',0,0,28,58,0,'FF',9,1.00,'',0,0,0,'',3,'','Max:','','on',2,4),
	(272,'babac9758665f7d6a8ba605266f9754b',0,0,29,59,357,'FF',7,1.00,'',0,0,0,'',1,'','Speed:','','',2,1),
	(273,'709ca443cd11088d1b986c4d2ef6357d',0,0,29,59,0,'FF',9,1.00,'',0,0,0,'',4,'','Cur:','','',2,2),
	(274,'cee4c525b099d936e3fb988921f27b5f',0,0,29,59,0,'FF',9,1.00,'',0,0,0,'',1,'','Avg:','','',2,3),
	(275,'d1f68670716f08b8057560d51fabf422',0,0,29,59,0,'FF',9,1.00,'',0,0,0,'',3,'','Max:','','on',2,4),
	(276,'dcb057c00ed0ea907246aa77a489e25c',0,0,30,60,229,'FF',7,1.00,'',0,0,0,'',1,'','Status:','','',2,1),
	(277,'f21839d327c9fab7dc6ad25b72dd7029',0,0,30,60,0,'FF',9,1.00,'',0,0,0,'',4,'','Cur:','','',3,2),
	(278,'975120273737bbebe78b70294fcb11f2',0,0,30,60,0,'FF',9,1.00,'',0,0,0,'',1,'','Avg:','','',3,3),
	(279,'aae174e66dfb195c115bacc2842a9aa0',0,0,30,60,0,'FF',9,1.00,'',0,0,0,'',3,'','Max:','','on',3,4),
	(280,'aa4e939e1bd355d7f686feea56d6406d',0,0,31,61,222,'FF',7,1.00,'',0,0,0,'',1,'','Graphs','','',2,1),
	(281,'153aa66af867a7986145e91a0e164776',0,0,31,61,0,'FF',9,1.00,'',0,0,0,'',4,'','Cur:','','',3,2),
	(282,'b950a0d6cf65ac9bd9388055fa2fedb1',0,0,31,61,0,'FF',9,1.00,'',0,0,0,'',1,'','Avg:','','',3,3),
	(283,'3080b6bd91d9c228b5be03fb7223ac9e',0,0,31,61,0,'FF',9,1.00,'',0,0,0,'',3,'','Max:','','on',3,4),
	(284,'b1ea5328178fc466a83d638d9259f06a',0,0,31,61,212,'FF',4,1.00,'',0,0,0,'',3,'','Peak','','on',2,5),
	(285,'af1d8f26973de2814c68761d2b1a618e',0,0,32,62,348,'FF',7,1.00,'',0,0,0,'',1,'','Duration','','',2,1),
	(286,'3bccd2a4912b4fda027239309ecbee64',0,0,32,62,0,'FF',9,1.00,'',0,0,0,'',4,'','Cur:','','',2,3),
	(287,'04ec92cd1ae1cb08a5f84b88368307a0',0,0,32,62,0,'FF',9,1.00,'',0,0,0,'',1,'','Avg:','','',2,4),
	(288,'0dc578df23a328a457e395b619d28219',0,0,32,62,0,'FF',9,1.00,'',0,0,0,'',3,'','Max:','','on',2,5),
	(289,'a59cf0171d15adf152b57663ca235918',0,0,32,62,334,'FF',4,1.00,'',0,0,0,'',3,'','Peak','','on',2,6),
	(290,'098b10c13a5701ddb7d4d1d2e2b0fdb7',0,0,33,63,9,'FF',7,0.00,'',0,0,0,'',1,'','CPU Usage','','',2,1),
	(291,'1dbda412a9926b0ee5c025aa08f3b230',0,0,33,63,0,'FF',9,0.00,'',0,0,0,'',4,'','Current:','','',3,2),
	(292,'725c45917146807b6a4257fc351f2bae',0,0,33,63,0,'FF',9,0.00,'',0,0,0,'',1,'','Average:','','',3,3),
	(293,'4e336fdfeb84ce65f81ded0e0159a5e0',0,0,33,63,0,'FF',9,0.00,'',0,0,0,'',3,'','Maximum:','','on',3,4),
	(294,'55f63b2553858e79aa716715955dba88',0,0,34,64,357,'FF',7,1.00,'',0,0,0,'',1,'','Time:','','',2,1),
	(295,'bade2e0fd8ce4c2a2a12714738ac3248',0,0,34,64,0,'FF',9,1.00,'',0,0,0,'',4,'','Cur:','','',2,2),
	(296,'3ea9e524e4f105a35cab3f9875a32921',0,0,34,64,0,'FF',9,1.00,'',0,0,0,'',1,'','Avg:','','',2,3),
	(297,'e3b50899210cefa545a5aedfe912b320',0,0,34,64,0,'FF',9,1.00,'',0,0,0,'',3,'','Max:','','on',2,4),
	(298,'0c16125e5f2c1a5a528a56fc2bfd639c',0,0,35,65,145,'FF',7,1.00,'',0,17,0,'',1,'','Uptime:','','',2,1),
	(299,'4b79bda8d293a60ca458dcf433517d26',0,0,35,65,0,'FF',9,1.00,'',0,17,0,'',4,'','Cur:','','',2,2),
	(300,'9a4303a20c1eef5009e87c58c8b95dd8',0,0,35,65,0,'FF',9,1.00,'',0,17,0,'',1,'','Avg:','','',2,3),
	(301,'e9559cbc8fbe84e648e0f39f35e3e8c5',0,0,35,65,0,'FF',9,1.00,'',0,17,0,'',3,'','Max:','','on',2,4),
	(302,'a0425fd0b683065b1b13f19ea55588bb',0,0,36,70,0,'FF',4,0.00,'',0,0,0,'',1,'','','','',2,1),
	(303,'f6b38e63b1bd291b3c22b3b5e2d1eb89',0,0,36,67,0,'FF',4,0.00,'',0,0,0,'',1,'','','','',2,2),
	(304,'125917dd1e6cda165877e195b7c92408',0,0,36,68,0,'FF',4,0.00,'',0,0,0,'',1,'','','','',2,3),
	(305,'acd1627d238f9dcedb8d85b3ab475076',0,0,36,66,0,'FF',4,0.00,'',0,0,0,'',1,'','','','',2,4),
	(306,'746af0ee1a30bbb3407211c86db409ef',0,0,36,69,0,'FF',4,0.00,'',0,0,0,'',1,'','','','',2,5),
	(307,'100dba97c23948319da2c8b0038825e3',0,0,36,67,0,'FF',1,0.00,'',0,0,0,'',1,'','   Pkt Loss:','','',2,6),
	(308,'596979d6c5325467419d74565dcf5a24',0,0,36,0,80,'FF',7,0.00,'',0,31,0,'',1,'','1-2%','','',2,7),
	(309,'1ed1c0acdefb93fe910b97d0d39d3495',0,0,36,0,81,'FF',7,0.00,'',0,33,0,'',1,'','3-5%','','',2,8),
	(310,'66359feaf55870b3894af7a78fee4939',0,0,36,0,74,'FF',7,0.00,'',0,19,0,'',1,'','6-10%','','',2,9),
	(311,'d3d252781d0eb3b9cc2d2f55fd6f7587',0,0,36,0,67,'FF',7,0.00,'',0,20,0,'',1,'','11-15%','','',2,10),
	(312,'a7e624198fd5e900cc1e487b3a4806b6',0,0,36,0,56,'FF',7,0.00,'',0,21,0,'',1,'','16-50%','','',2,11),
	(313,'780c1cff313c789190189fe9c9fd5995',0,0,36,0,11,'FF',7,0.00,'',0,18,0,'',1,'','51-95%','','',2,12),
	(314,'c65e83b27d099ee55bbfa0523ffb0e59',0,0,36,0,48,'FF',7,0.00,'',0,22,0,'',1,'','96-100%','','on',2,13),
	(315,'3fae9a48fa30028cae44c6c448281332',0,0,36,67,2,'FF',7,0.00,'',0,0,0,'',1,'','','','',2,15),
	(316,'ce42bf71b22d9ce5fcbe6cc150bf654e',0,0,36,0,440,'FF',8,0.00,'',0,23,0,'',1,'','','','',2,16),
	(317,'f8a029b5507c37513780b8019c6c827f',0,0,36,0,441,'FF',8,0.00,'',0,23,0,'',1,'','','','',2,17),
	(318,'c07edb917c624b1a385ba3d7c3f69bcc',0,0,36,0,442,'FF',8,0.00,'',0,24,0,'',1,'','','','',2,18),
	(319,'2151c43b2e94d3bb37e3275522378db1',0,0,36,0,443,'FF',8,0.00,'',0,24,0,'',1,'','','','',2,19),
	(320,'749777bfaba49565e06ab178608daa8e',0,0,36,0,444,'FF',8,0.00,'',0,24,0,'',1,'','','','',2,20),
	(321,'b259f3a0a941b96dfccf79d04fed2d35',0,0,36,70,2,'FF',7,0.00,'',0,0,0,'',1,'','','','',2,21),
	(322,'3696a08e0098c5f942e316b584f17744',0,0,36,0,444,'FF',8,0.00,'',0,34,0,'',1,'','','','',2,22),
	(323,'ce8da148e7eac9b2601a774b2648aaa1',0,0,36,0,443,'FF',8,0.00,'',0,34,0,'',1,'','','','',2,23),
	(324,'2b3b7766edc58dcfc0bd0cf17df6794e',0,0,36,0,442,'FF',8,0.00,'',0,34,0,'',1,'','','','',2,24),
	(325,'6d9cda91fada153c5ae82c875504d615',0,0,36,0,441,'FF',8,0.00,'',0,34,0,'',1,'','','','',2,25),
	(326,'875c87ede5add54209043e6948c3dba5',0,0,36,0,440,'FF',8,0.00,'',0,34,0,'',1,'','','','',2,26),
	(327,'89f4ee5a22105307ee376b01b3a75725',0,0,36,66,0,'FF',9,0.00,'',0,0,0,'',1,'','   Avg Loss:','','',5,27),
	(328,'f7a8e7656c184bfa6d7ba4672039cb51',0,0,36,66,0,'FF',9,0.00,'',0,0,0,'',3,'','Max Loss:','','on',5,28),
	(329,'0df8101edbdbb1853bb59e45a712538c',0,0,36,0,80,'FF',7,0.00,'',0,30,0,'',1,'','','','',2,29),
	(330,'8f9986628ddb833cb880d1e00aca6786',0,0,36,0,81,'FF',7,0.00,'',0,32,0,'',1,'','','','',2,30),
	(331,'74f90d97feb5be4269dc85cb13487fad',0,0,36,0,74,'FF',7,0.00,'',0,26,0,'',1,'','','','',2,31),
	(332,'80df0be7454acf79e2da7bf19f4241f4',0,0,36,0,67,'FF',7,0.00,'',0,25,0,'',1,'','','','',2,32),
	(333,'6629306114ad537b36699b5e35dc16fc',0,0,36,0,56,'FF',7,0.00,'',0,27,0,'',1,'','','','',2,33),
	(334,'977a28bada48600f987ea1f4855f8f8c',0,0,36,0,11,'FF',7,0.00,'',0,28,0,'',1,'','','','',2,34),
	(335,'0462d7705ccc46d75144487102820ef2',0,0,36,0,48,'FF',7,0.00,'',0,29,0,'',1,'','','','',2,35),
	(336,'658f1214eaea64051456aad74e8e876a',0,0,36,0,0,'FF',1,0.00,'',0,0,0,'',1,'','    Latency:','','',2,36),
	(337,'eb2ae267eeb91908ac31fc266e5aea26',0,0,36,70,0,'FF',9,0.00,'',0,0,0,'',1,'','Min:','','',6,37),
	(338,'e4fada2f8f09422c6ab2ee5e91357435',0,0,36,67,0,'FF',9,0.00,'',0,0,0,'',1,'','Avg:','','',6,38),
	(339,'d5c2d8d4587fb30f76899d2aa694e220',0,0,36,68,0,'FF',9,0.00,'',0,0,0,'',3,'','Max:','','',6,39),
	(340,'23da499024a14d34f18804850cfbf405',0,0,36,69,0,'FF',9,0.00,'',0,0,0,'',1,'','Dev:','','on',6,40),
	(341,'d58e20dabf87929e594efae108e94470',0,0,36,0,0,'FF',1,0.00,'',0,0,0,'',1,'','Avg Latency:','','',2,41),
	(342,'cceff2f82f59eae4a615fe82fdb0c3c2',0,0,36,70,0,'FF',9,0.00,'',0,0,0,'',1,'','Min:','','',6,42),
	(343,'41615590d6401d59a36880e1253e20b7',0,0,36,67,0,'FF',9,0.00,'',0,0,0,'',1,'','Avg:','','',6,43),
	(344,'71723c3bb59df15738598982d447b3cb',0,0,36,68,0,'FF',9,0.00,'',0,0,0,'',3,'','Max:','','',6,44),
	(345,'72fa013f5290903f2dca9ee8ec1f5aee',0,0,36,69,0,'FF',9,0.00,'',0,0,0,'',1,'','Dev:','','on',6,45),
	(346,'40a66050a8941839e02827a6ac2e872e',0,0,36,67,93,'FF',4,0.00,'',0,0,0,'',1,'','','','',2,46),
	(347,'67b03eadc8e1d948a23326b7c6e225aa',0,0,37,71,22,'FF',4,0.00,'',0,2,0,'',3,'','','','',2,1),
	(348,'0470b2427dbfadb6b8346e10a71268fa',0,0,37,71,22,'7F',7,0.00,'',0,2,0,'',1,'','Inbound','','',2,2),
	(349,'84a5fe0db518550266309823f994ce9c',0,0,37,71,0,'FF',9,0.00,'',0,2,0,'',4,'','Current:','','',2,3),
	(350,'2f222f28084085cd06a1f46e4449c793',0,0,37,71,0,'FF',9,0.00,'',0,2,0,'',1,'','Average:','','',2,4),
	(351,'55acbcc33f46ee6d754e8e81d1b54808',0,0,37,71,0,'FF',9,0.00,'',0,2,0,'',3,'','Maximum:','','on',2,5),
	(352,'d71b8ba294f057e0f135cc4c644e6b0d',0,0,37,72,20,'FF',4,0.00,'',0,2,0,'',3,'','','','',2,6),
	(353,'fdaf2321fc890e355711c2bffc07d036',0,0,37,72,20,'7F',7,0.00,'',0,2,0,'',1,'','Outbound','','',2,7),
	(354,'768318f42819217ed81196d2179d3e1b',0,0,37,72,0,'FF',9,0.00,'',0,2,0,'',4,'','Current:','','',2,8),
	(355,'cb3aa6256dcb3acd50d4517b77a1a5c3',0,0,37,72,0,'FF',9,0.00,'',0,2,0,'',1,'','Average:','','',2,9),
	(356,'671e989be7cbf12c623b4e79d91c7bed',0,0,37,72,0,'FF',9,0.00,'',0,2,0,'',3,'','Maximum:','','on',2,10),
	(357,'7e04a041721df1f8828381a9ea2f2154',0,0,38,74,31,'FF',4,0.00,'',0,0,0,'',1,'','Discards In','','',2,1),
	(358,'afc8bca6b1b3030a6d71818272336c6c',0,0,38,74,0,'FF',9,0.00,'',0,0,0,'',4,'','Current:','','',2,2),
	(359,'6ac169785f5aeaf1cc5cdfd38dfcfb6c',0,0,38,74,0,'FF',9,0.00,'',0,0,0,'',1,'','Average:','','',2,3),
	(360,'178c0a0ce001d36a663ff6f213c07505',0,0,38,74,0,'FF',9,0.00,'',0,0,0,'',3,'','Maximum:','','on',2,4),
	(361,'8e3268c0abde7550616bff719f10ee2f',0,0,38,73,48,'FF',4,0.00,'',0,0,0,'',1,'','Errors In','','',2,5),
	(362,'18891392b149de63b62c4258a68d75f8',0,0,38,73,0,'FF',9,0.00,'',0,0,0,'',4,'','Current:','','',2,6),
	(363,'dfc9d23de0182c9967ae3dabdfa55a16',0,0,38,73,0,'FF',9,0.00,'',0,0,0,'',1,'','Average:','','',2,7),
	(364,'c47ba64e2e5ea8bf84aceec644513176',0,0,38,73,0,'FF',9,0.00,'',0,0,0,'',3,'','Maximum:','','on',2,8),
	(365,'617d10dff9bbc3edd9d733d9c254da76',0,0,38,75,18,'FF',4,0.00,'',0,0,0,'',1,'','Discards Out','','',2,9),
	(366,'9269a66502c34d00ac3c8b1fcc329ac6',0,0,38,75,0,'FF',9,0.00,'',0,0,0,'',4,'','Current:','','',2,10),
	(367,'d45deed7e1ad8350f3b46b537ae0a933',0,0,38,75,0,'FF',9,0.00,'',0,0,0,'',1,'','Average:','','',2,11),
	(368,'2f64cf47dc156e8c800ae03c3b893e3c',0,0,38,75,0,'FF',9,0.00,'',0,0,0,'',3,'','Maximum:','','on',2,12),
	(369,'57434bef8cb21283c1a73f055b0ada19',0,0,38,76,89,'FF',4,0.00,'',0,0,0,'',1,'','Errors Out','','',2,13),
	(370,'660a1b9365ccbba356fd142faaec9f04',0,0,38,76,0,'FF',9,0.00,'',0,0,0,'',4,'','Current:','','',2,14),
	(371,'28c5297bdaedcca29acf245ef4bbed9e',0,0,38,76,0,'FF',9,0.00,'',0,0,0,'',1,'','Average:','','',2,15),
	(372,'99098604fd0c78fd7dabac8f40f1fb29',0,0,38,76,0,'FF',9,0.00,'',0,0,0,'',3,'','Maximum:','','on',2,16),
	(373,'d4e5f253f01c3ea77182c5a46418fc44',0,0,39,77,25,'7F',7,0.00,'',0,0,0,'',1,'','Unicast Packets In','','',2,1),
	(374,'526a96add143da021c5f00d8764a6c12',0,0,39,77,0,'FF',9,0.00,'',0,0,0,'',4,'','Current:','','',2,2),
	(375,'81eeb46f451212f00fd7caee42a81c0b',0,0,39,77,0,'FF',9,0.00,'',0,0,0,'',1,'','Average:','','',2,3),
	(376,'089e4d1c3faeb00fd5dcc9622b06d656',0,0,39,77,0,'FF',9,0.00,'',0,0,0,'',3,'','Maximum:','','on',2,4),
	(377,'9d052e7d632c479737fbfaced0821f79',0,0,39,78,71,'7F',7,0.00,'',0,0,0,'',1,'','Unicast Packets Out','','',2,5),
	(378,'9b9fa6268571b6a04fa4411d8e08c730',0,0,39,78,0,'FF',9,0.00,'',0,0,0,'',4,'','Current:','','',2,6),
	(379,'8e8f2fbeb624029cbda1d2a6ddd991ba',0,0,39,78,0,'FF',9,0.00,'',0,0,0,'',1,'','Average:','','',2,7),
	(380,'c76495beb1ed01f0799838eb8a893124',0,0,39,78,0,'FF',9,0.00,'',0,0,0,'',3,'','Maximum:','','on',2,8),
	(381,'042d90f1a390c15509ae208bd97aa885',0,0,39,77,25,'FF',4,1.00,'',0,0,0,'',3,'','','','',2,9),
	(382,'3641f6b8e83ea26e73d41ceccf38b131',0,0,39,78,71,'FF',4,1.00,'',0,0,0,'',3,'','','','',2,10),
	(383,'fe66cb973966d22250de073405664200',0,0,40,80,25,'7F',7,0.00,'',0,0,0,'',1,'','Non-Unicast Packets In','','',2,1),
	(384,'1ba3fc3466ad32fdd2669cac6cad6faa',0,0,40,80,0,'FF',9,0.00,'',0,0,0,'',4,'','Current:','','',2,2),
	(385,'f810154d3a934c723c21659e66199cdf',0,0,40,80,0,'FF',9,0.00,'',0,0,0,'',1,'','Average:','','',2,3),
	(386,'98a161df359b01304346657ff1a9d787',0,0,40,80,0,'FF',9,0.00,'',0,0,0,'',3,'','Maximum:','','on',2,4),
	(387,'d5e55eaf617ad1f0516f6343b3f07c5e',0,0,40,79,71,'7F',7,0.00,'',0,0,0,'',1,'','Non-Unicast Packets Out','','',2,5),
	(388,'9fde6b8c84089b9f9044e681162e7567',0,0,40,79,0,'FF',9,0.00,'',0,0,0,'',4,'','Current:','','',2,6),
	(389,'9a3510727c3d9fa7e2e7a015783a99b3',0,0,40,79,0,'FF',9,0.00,'',0,0,0,'',1,'','Average:','','',2,7),
	(390,'451afd23f2cb59ab9b975fd6e2735815',0,0,40,79,0,'FF',9,0.00,'',0,0,0,'',3,'','Maximum:','','on',2,8),
	(391,'c72c76b0c6d9066a4feea17ca032b3cd',0,0,40,80,25,'FF',4,1.00,'',0,0,0,'',3,'','','','',2,9),
	(392,'b276e28b10447b11ee289f78e0c1ed82',0,0,41,71,22,'FF',4,0.00,'',0,0,0,'',3,'','','','',2,1),
	(393,'de3eefd6d6c58afabdabcaf6c0168378',0,0,41,71,22,'7F',7,0.00,'',0,0,0,'',1,'','Inbound','','',2,2),
	(394,'1a80fa108f5c46eecb03090c65bc9a12',0,0,41,71,0,'FF',9,0.00,'',0,0,0,'',4,'','Current:','','',2,3),
	(395,'fe458892e7faa9d232e343d911e845f3',0,0,41,71,0,'FF',9,0.00,'',0,0,0,'',1,'','Average:','','',2,4),
	(396,'175c0a68689bebc38aad2fbc271047b3',0,0,41,71,0,'FF',9,0.00,'',0,0,0,'',3,'','Maximum:','','on',2,5),
	(397,'f9da7d4c2da9636f2f3e37f4781954db',0,0,41,72,20,'FF',4,0.00,'',0,0,0,'',3,'','','','',2,6),
	(398,'1bf2283106510491ddf3b9c1376c0b31',0,0,41,72,20,'7F',4,0.00,'',0,0,0,'',1,'','Outbound','','',2,7),
	(399,'c5202f1690ffe45600c0d31a4a804f67',0,0,41,72,0,'FF',9,0.00,'',0,0,0,'',4,'','Current:','','',2,8),
	(400,'eb9794e3fdafc2b74f0819269569ed40',0,0,41,72,0,'FF',9,0.00,'',0,0,0,'',1,'','Average:','','',2,9),
	(401,'6bcedd61e3ccf7518ca431940c93c439',0,0,41,72,0,'FF',9,0.00,'',0,0,0,'',3,'','Maximum:','','on',2,10),
	(402,'11d87688979b97cf026809f75cef30be',0,0,42,71,22,'FF',4,1.00,'',0,2,0,'',3,'','','','',2,1),
	(403,'918e6e7d41bb4bae0ea2937b461742a4',0,0,42,71,22,'7F',7,0.00,'',0,2,0,'',1,'','Inbound','','',2,2),
	(404,'f19fbd06c989ea85acd6b4f926e4a456',0,0,42,71,0,'FF',9,0.00,'',0,2,0,'',4,'','Current:','','',2,3),
	(405,'fc150a15e20c57e11e8d05feca557ef9',0,0,42,71,0,'FF',9,0.00,'',0,2,0,'',1,'','Average:','','',2,4),
	(406,'ccbd86e03ccf07483b4d29e63612fb18',0,0,42,71,0,'FF',9,0.00,'',0,2,0,'',3,'','Maximum:','','on',2,5),
	(407,'75796e3f885739c2d7229fd25babf30d',0,0,42,72,20,'FF',4,1.00,'',0,2,0,'',3,'','','','',2,6),
	(408,'964c5c30cd05eaf5a49c0377d173de86',0,0,42,72,20,'7F',7,0.00,'',0,2,0,'',1,'','Outbound','','',2,7),
	(409,'b1a6fb775cf62e79e1c4bc4933c7e4ce',0,0,42,72,0,'FF',9,0.00,'',0,2,0,'',4,'','Current:','','',2,8),
	(410,'721038182a872ab266b5cf1bf7f7755c',0,0,42,72,0,'FF',9,0.00,'',0,2,0,'',1,'','Average:','','',2,9),
	(411,'2302f80c2c70b897d12182a1fc11ecd6',0,0,42,72,0,'FF',9,0.00,'',0,2,0,'',3,'','Maximum:','','on',2,10),
	(412,'4ffc7af8533d103748316752b70f8e3c',0,0,42,0,0,'FF',1,0.00,'',0,0,0,'',1,'','','','on',2,11),
	(413,'64527c4b6eeeaf627acc5117ff2180fd',0,0,42,72,9,'FF',2,0.00,'',0,0,0,'',1,'','95th Percentile','|95:bits:0:max:2|','',2,12),
	(414,'d5bbcbdbf83ae858862611ac6de8fc62',0,0,42,72,0,'FF',1,0.00,'',0,0,0,'',1,'','(|95:bits:6:max:2| mbit in+out)','','',2,13),
	(415,'9ee6db2f910144bc95760876d0a16a62',0,0,43,71,22,'FF',4,1.00,'',0,2,0,'',3,'','','','',2,1),
	(416,'1995d8c23e7d8e1efa2b2c55daf3c5a7',0,0,43,71,22,'7F',7,0.00,'',0,2,0,'',1,'','Inbound','','',2,2),
	(417,'55083351cd728b82cc4dde68eb935700',0,0,43,71,0,'FF',9,0.00,'',0,2,0,'',4,'','Current:','','',2,3),
	(418,'54782f71929e7d1734ed5ad4b8dda50d',0,0,43,71,0,'FF',9,0.00,'',0,2,0,'',1,'','Average:','','',2,4),
	(419,'88d3094d5dc2164cbf2f974aeb92f051',0,0,43,71,0,'FF',9,0.00,'',0,2,0,'',3,'','Maximum:','','',2,5),
	(420,'5b43e4102600ad75379c5afd235099c4',0,0,43,71,0,'FF',1,0.00,'',0,0,0,'',1,'','Total In:  |sum:auto:current:2:auto|','','on',2,6),
	(421,'c4886a8552ee60c6559de8ab16c2dcf2',0,0,43,72,20,'FF',4,1.00,'',0,2,0,'',3,'','','','',2,7),
	(422,'4a381a8e87d4db1ac99cf8d9078266d3',0,0,43,72,20,'7F',7,0.00,'',0,2,0,'',1,'','Outbound','','',2,8),
	(423,'5bff63207c7bf076d76ff3036b5dad54',0,0,43,72,0,'FF',9,0.00,'',0,2,0,'',4,'','Current:','','',2,9),
	(424,'979fff9d691ca35e3f4b3383d9cae43f',0,0,43,72,0,'FF',9,0.00,'',0,2,0,'',1,'','Average:','','',2,10),
	(425,'0e715933830112c23c15f7e3463f77b6',0,0,43,72,0,'FF',9,0.00,'',0,2,0,'',3,'','Maximum:','','',2,11),
	(426,'db7c15d253ca666601b3296f2574edc9',0,0,43,72,0,'FF',1,0.00,'',0,0,0,'',1,'','Total Out: |sum:auto:current:2:auto|','','on',2,12),
	(427,'3baa47b136f8c36ccea69196b0285a6c',0,0,44,71,22,'FF',4,1.00,'',0,0,0,'',3,'','','','',2,1),
	(428,'3ff8dba1ca6279692b3fcabed0bc2631',0,0,44,71,22,'7F',7,0.00,'',0,0,0,'',1,'','Inbound','','',2,2),
	(429,'66bfdb701c8eeadffe55e926d6e77e71',0,0,44,71,0,'FF',9,0.00,'',0,0,0,'',4,'','Current:','','',2,3),
	(430,'777aa88fb0a79b60d081e0e3759f1cf7',0,0,44,71,0,'FF',9,0.00,'',0,0,0,'',1,'','Average:','','',2,4),
	(431,'de265acbbfa99eb4b3e9f7e90c7feeda',0,0,44,71,0,'FF',9,0.00,'',0,0,0,'',3,'','Maximum:','','',2,5),
	(432,'76ae747365553a02313a2d8a0dd55c8a',0,0,44,71,0,'FF',1,0.00,'',0,0,0,'',1,'','Total In:  |sum:auto:current:2:auto|','','on',2,6),
	(433,'43a2cef12147952c703fc0fc473dec7a',0,0,44,72,20,'FF',4,1.00,'',0,0,0,'',3,'','','','',2,7),
	(434,'cf8c9f69878f0f595d583eac109a9be1',0,0,44,72,20,'7F',7,0.00,'',0,0,0,'',1,'','Outbound','','',2,8),
	(435,'54e3971b3dd751dd2509f62721c12b41',0,0,44,72,0,'FF',9,0.00,'',0,0,0,'',4,'','Current:','','',2,9),
	(436,'6824d29c3f13fe1e849f1dbb8377d3f1',0,0,44,72,0,'FF',9,0.00,'',0,0,0,'',1,'','Average:','','',2,10),
	(437,'fdaec5b9227522c758ad55882c483a83',0,0,44,72,0,'FF',9,0.00,'',0,0,0,'',3,'','Maximum:','','',2,11),
	(438,'d6041d14f9c8fb9b7ddcf3556f763c03',0,0,44,72,0,'FF',1,0.00,'',0,0,0,'',1,'','Total Out: |sum:auto:current:2:auto|','','on',2,12),
	(439,'34a594c6b419427329b10f73f40e85f7',0,0,45,77,25,'7F',7,0.00,'',0,0,0,'',1,'','Multicast Packets In','','',2,1),
	(440,'1540d561f6ab4b55ac810661fb0c93ee',0,0,45,77,0,'FF',9,0.00,'',0,0,0,'',4,'','Current:','','',2,2),
	(441,'e9e41de3845454688f838662e4c34aa7',0,0,45,77,0,'FF',9,0.00,'',0,0,0,'',1,'','Average:','','',2,3),
	(442,'350ebb1cd31fb46d9997bc21a00d36b1',0,0,45,77,0,'FF',9,0.00,'',0,0,0,'',3,'','Maximum:','','on',2,4),
	(443,'16f958e2b047113d38c7550c76ef04c8',0,0,45,78,71,'7F',7,0.00,'',0,0,0,'',1,'','Multicast Packets Out','','',2,5),
	(444,'a393430c1db0d9da48dca3098022cf50',0,0,45,78,0,'FF',9,0.00,'',0,0,0,'',4,'','Current:','','',2,6),
	(445,'3f73834149d86814a4dbbfa4052fdb14',0,0,45,78,0,'FF',9,0.00,'',0,0,0,'',1,'','Average:','','',2,7),
	(446,'07164e2d5ebe685b622a97250dab9cc2',0,0,45,78,0,'FF',9,0.00,'',0,0,0,'',3,'','Maximum:','','on',2,8),
	(447,'2a19f1c71b1ff8edea69af3f1825cec0',0,0,45,77,25,'FF',4,1.00,'',0,0,0,'',3,'','','','',2,9),
	(448,'e9625f33db3635e39e206334da9f99ef',0,0,45,78,71,'FF',4,1.00,'',0,0,0,'',3,'','','','',2,10),
	(449,'ea54bfaa4bad2b6862165840418f5fd4',0,0,46,80,25,'7F',7,0.00,'',0,0,0,'',1,'','Broadcast Packets In','','',2,1),
	(450,'a2508ab1f57dff7b143433ab81ff7a3e',0,0,46,80,0,'FF',9,0.00,'',0,0,0,'',4,'','Current:','','',2,2),
	(451,'cab434df67b94a93728ab794b1d0f6fb',0,0,46,80,0,'FF',9,0.00,'',0,0,0,'',1,'','Average:','','',2,3),
	(452,'29d51e734ad14bcdb3a9b7a640f2c4a3',0,0,46,80,0,'FF',9,0.00,'',0,0,0,'',3,'','Maximum:','','on',2,4),
	(453,'725d97e3666c2417241ca7bb67a8c902',0,0,46,79,71,'7F',7,0.00,'',0,0,0,'',1,'','Broadcast Packets Out','','',2,5),
	(454,'b01f45a155e10f49d640d13b50aa61a5',0,0,46,79,0,'FF',9,0.00,'',0,0,0,'',4,'','Current:','','',2,6),
	(455,'eb37825efbb281484cdb1e896764b73a',0,0,46,79,0,'FF',9,0.00,'',0,0,0,'',1,'','Average:','','',2,7),
	(456,'b18b67ef2779d5ff43843cac220d9bb9',0,0,46,79,0,'FF',9,0.00,'',0,0,0,'',3,'','Maximum:','','on',2,8),
	(457,'56ea543140aa516299ba202b313fc822',0,0,46,80,25,'FF',4,1.00,'',0,0,0,'',3,'','','','',2,9),
	(458,'ce17bd1ed1efaa2f7eb2b1fef7354d8d',0,0,46,79,71,'FF',4,1.00,'',0,0,0,'',3,'','','','',2,10),
	(459,'4d14e7dfd7aaadcb60283dbf7d836e31',0,0,47,81,9,'FF',4,0.00,'',0,0,0,'',1,'','AVG Load all cores','','',2,1),
	(460,'3d66b0bcdc89f9dae666ff24b3af99d4',0,0,47,81,0,'FF',9,0.00,'',0,0,0,'',4,'','Cur:','','',2,2),
	(461,'8540debaa9bc9e2257119b79c4c695f4',0,0,47,81,0,'FF',9,0.00,'',0,0,0,'',1,'','Avg:','','',2,3),
	(462,'8fc363e77d1aed1e0bda40d2c0d8f668',0,0,47,81,0,'FF',9,0.00,'',0,0,0,'',3,'','Max:','','on',2,4),
	(463,'dbd16c627bf9f80e8225b1d4ff0552b0',0,0,47,81,9,'7F',7,0.00,'',0,0,0,'',1,'','','','',2,5),
	(464,'0248540cfe5e86cfd72a0fe6fc44c192',0,0,48,82,94,'FF',7,0.00,'',0,0,0,'',1,'','Connections','','',2,1),
	(465,'6832d48085ff2418e3a6dbe5ec93b59b',0,0,48,82,0,'FF',9,0.00,'',0,0,0,'',4,'','Current:','','',3,2),
	(466,'144d6a8da551468dcda90524d053667f',0,0,48,82,0,'FF',9,0.00,'',0,0,0,'',1,'','Average:','','',3,3),
	(467,'857fc2c2fef250646e1ff2a09613ac15',0,0,48,82,0,'FF',9,0.00,'',0,0,0,'',3,'','Maximum:','','',3,4),
	(468,'2c5993d88292045935b718dc60b6fa97',0,0,48,0,1,'FF',3,0.00,'',0,0,0,'',1,'','','00:00','',2,5),
	(469,'012d1530888ad974534039f9903371c0',0,0,49,83,81,'FF',7,0.00,'',0,0,0,'',1,'','Packets in','','',2,1),
	(470,'cd7b0199f6f5d9759bee970c6e6c12da',0,0,49,83,0,'FF',9,0.00,'',0,0,0,'',4,'','Current','','',2,2),
	(471,'056c872a5ea0a13db780bd0cb1e603a5',0,0,49,83,0,'FF',9,0.00,'',0,0,0,'',1,'','Average','','',2,3),
	(472,'b596db327f6543f193127a6e900de2b8',0,0,49,83,0,'FF',9,0.00,'',0,0,0,'',3,'','Maximum','','on',2,4),
	(473,'4dda061088aab3c0a02382cbf4014869',0,0,49,84,21,'FF',4,0.00,'',0,0,0,'',1,'','Packets out','','',2,5),
	(474,'bc731cf4505f545f2e5c65a320127b5b',0,0,49,84,0,'FF',9,0.00,'',0,0,0,'',4,'','Current','','',2,6),
	(475,'bb5bc5e870f14a5306cf788e3b29a779',0,0,49,84,0,'FF',9,0.00,'',0,0,0,'',1,'','Average','','',2,7),
	(476,'1984cffd27c57d061b0024e1ba94f58e',0,0,49,84,0,'FF',9,0.00,'',0,0,0,'',3,'','Maximum','','',2,8),
	(477,'70a268d85f00722def66896b4a69882b',0,0,49,0,1,'FF',3,0.00,'',0,0,0,'',1,'','','00:00','',2,9),
	(478,'1c0ebe87c7059de01818b8964eadcc8e',0,0,50,85,21,'FF',7,0.00,'',0,0,0,'',1,'','HTTP requests','','',2,1),
	(479,'6a5f9e9f37d54a4eecfbff5ee7f0b81d',0,0,50,85,0,'FF',9,0.00,'',0,0,0,'',4,'','Current:','','',3,2),
	(480,'01dac037d1275f870467320c62d66f08',0,0,50,85,0,'FF',9,0.00,'',0,0,0,'',1,'','Average:','','',3,3),
	(481,'40c4923f3eb13d03a4d6a94508d78527',0,0,50,85,0,'FF',9,0.00,'',0,0,0,'',3,'','Maximum:','','on',3,4),
	(482,'0c7a25093658b202749d2f0c6baca60a',0,0,50,86,12,'FF',5,0.00,'',0,0,0,'',1,'','Get Requests','','',2,5),
	(483,'f9e1da3cd96eebe6a1307424932521c3',0,0,50,86,0,'FF',9,0.00,'',0,0,0,'',4,'','Current:','','',2,6),
	(484,'53762bfd5db6f39a29432550a18e4ce6',0,0,50,86,0,'FF',9,0.00,'',0,0,0,'',1,'','Average:','','',2,7),
	(485,'232762646659f0074bece0cbf42ab14b',0,0,50,86,0,'FF',9,0.00,'',0,0,0,'',3,'','Maximum:','','on',2,8),
	(486,'6594e7d02710c1597cc084ccda6fead5',0,0,50,87,9,'FF',5,0.00,'',0,0,0,'',1,'','Post Requests','','',2,9),
	(487,'af06ec0637e68d28bf401b40af866137',0,0,50,87,0,'FF',9,0.00,'',0,0,0,'',4,'','Current:','','',2,10),
	(488,'5882f0ac16cef68533eb2eebb42ec4db',0,0,50,87,0,'FF',9,0.00,'',0,0,0,'',1,'','Average:','','',2,11),
	(489,'9b2b1044536ce2f1e7cce943ed1a0b32',0,0,50,87,0,'FF',9,0.00,'',0,0,0,'',3,'','Maximum:','','on',2,12),
	(490,'94578f1bb9695ec5308ed80f02e4cfad',0,0,50,88,25,'FF',7,0.00,'',0,3,0,'',1,'','V.9 Requests','','',2,13),
	(491,'eae0767d884eb2bb8577027631969345',0,0,50,88,0,'FF',9,0.00,'',0,0,0,'',4,'','Current:','','',2,14),
	(492,'c98a60baff211d35df39a1da95d0de88',0,0,50,88,0,'FF',9,0.00,'',0,0,0,'',1,'','Average:','','',2,15),
	(493,'b9902ae7ad1f07844ed2b096ef1e5bac',0,0,50,88,0,'FF',9,0.00,'',0,0,0,'',3,'','Maximum:','','on',2,16),
	(494,'a147447beb7704d00263c6c4ee94919f',0,0,50,89,30,'FF',8,0.00,'',0,3,0,'',1,'','V1.0 Requests','','',2,17),
	(495,'248472e4ca3ebd5838ba18ee8c6ea762',0,0,50,89,0,'FF',9,0.00,'',0,0,0,'',4,'','Current:','','',2,18),
	(496,'d72fe72a0d26fd98cf2324b349f49591',0,0,50,89,0,'FF',9,0.00,'',0,0,0,'',1,'','Average:','','',2,19),
	(497,'ebacae5dad40bc48560d2241c5a92c6c',0,0,50,89,0,'FF',9,0.00,'',0,0,0,'',3,'','Maximum:','','on',2,20),
	(498,'11bd0a85931f76feff224d50515ab0cc',0,0,50,90,33,'FF',8,0.00,'',0,3,0,'',1,'','V1.1 Requests','','',2,21),
	(499,'9ca0361acea63fb99021ed9a4c7784fe',0,0,50,90,0,'FF',9,0.00,'',0,0,0,'',4,'','Current:','','',2,22),
	(500,'bd90e8dcf040c30fafdbfab233ba84a5',0,0,50,90,0,'FF',9,0.00,'',0,0,0,'',1,'','Average:','','',2,23),
	(501,'41fcaea2f6cdb552ebce344c115f3f70',0,0,50,90,0,'FF',9,0.00,'',0,0,0,'',3,'','Maximum:','','on',2,24),
	(502,'e262019b17124d041783c444183cb4f1',0,0,51,91,33,'FF',4,0.00,'',0,0,0,'',1,'','4xx Responses','','',2,9),
	(503,'2eea42cc7842fb6dd4c15a44e41a79da',0,0,51,91,0,'FF',9,0.00,'',0,0,0,'',4,'','Current:','','',3,10),
	(504,'dcff4f73bd96052df7783dbf7845b088',0,0,51,91,0,'FF',9,0.00,'',0,0,0,'',1,'','Average:','','',3,11),
	(505,'592285cf171c39b18ed541b814c16c4b',0,0,51,91,0,'FF',9,0.00,'',0,0,0,'',3,'','Maximum:','','on',3,12),
	(506,'8e0cf43ea0fae24014953dada881f044',0,0,51,92,42,'FF',4,0.00,'',0,0,0,'',1,'','5xx Responses','','',2,13),
	(507,'0a38016f93a421b75e8dfda346eb3f14',0,0,51,92,0,'FF',9,0.00,'',0,0,0,'',4,'','Current:','','',3,14),
	(508,'12cf8a2f2645d35ebe3d4d2167565bc1',0,0,51,92,0,'FF',9,0.00,'',0,0,0,'',1,'','Average:','','',3,15),
	(509,'c7def7e1dcc7a5e9dbdb9bdf1403da1c',0,0,51,92,0,'FF',9,0.00,'',0,0,0,'',3,'','Maximum:','','on',3,16),
	(510,'8640303b303b15d1d37d6c20da9efb56',0,0,51,0,0,'FF',1,0.00,'',0,0,0,'',1,'','4xx = Server-side responses in range of 400 to 417 (client errors)','','on',2,21),
	(511,'ef90fe0d1285760767cd501b5791131f',0,0,51,0,0,'FF',1,0.00,'',0,0,0,'',1,'','5xx = Server-side responses in range of 500 to 505 (server errors)','','on',2,22),
	(512,'2510901b2dda86ba2c7b606bea0ecf99',0,0,51,0,1,'FF',3,0.00,'',0,0,0,'',1,'','','00:00','',2,23),
	(513,'41d9f0752578dc8905ee4cf2169b0b80',0,0,52,93,21,'FF',4,0.00,'',0,0,0,'',1,'','2xx Responses','','',2,1),
	(514,'909f46d13edbee8179c7d3d5cf7d1c4a',0,0,52,93,0,'FF',9,0.00,'',0,0,0,'',4,'','Current','','',3,2),
	(515,'3e26faeed5d6a670375e4b349f45788e',0,0,52,93,0,'FF',9,0.00,'',0,0,0,'',1,'','Average','','',3,3),
	(516,'f420f815e05e93f6eea7295b1a7803b5',0,0,52,93,0,'FF',9,0.00,'',0,0,0,'',3,'','Maximum','','on',3,4),
	(517,'0493abf46b786769e7dad24ca0ee126a',0,0,52,94,79,'FF',4,0.00,'',0,0,0,'',1,'','3xx Responses','','',2,5),
	(518,'d2811b8b1b59bd2d4c082be460ce6aea',0,0,52,94,0,'FF',9,0.00,'',0,0,0,'',4,'','Current','','',3,6),
	(519,'192ef9843bfab1d22e29afb03c169d33',0,0,52,94,0,'FF',9,0.00,'',0,0,0,'',1,'','Average','','',3,7),
	(520,'e60c58e98f0f369ae22a37d7286c725b',0,0,52,94,0,'FF',9,0.00,'',0,0,0,'',3,'','Maximum','','on',3,8),
	(521,'3c340ad971d5f922a1a674a81204ba4a',0,0,52,92,44,'FF',4,0.00,'',0,3,0,'',1,'','4xx Responses','','',3,9),
	(522,'9e52b088b8b4fc3fa5a1e8604346a3d1',0,0,52,92,0,'FF',9,0.00,'',0,0,0,'',4,'','Current','','',3,10),
	(523,'8d19faeb4d8e6117b723fe37c5fd27f5',0,0,52,92,0,'FF',9,0.00,'',0,0,0,'',1,'','Average','','',3,11),
	(524,'518cff9b4d4addfcc1513ac506506e61',0,0,52,92,0,'FF',9,0.00,'',0,0,0,'',3,'','Maximum','','on',3,12),
	(525,'b0018c0a187a83d8537fe743976b9875',0,0,52,91,33,'FF',4,0.00,'',0,3,0,'',1,'','5xx Responses','','',2,13),
	(526,'4972d85d1f0ef252d56f636860cd0951',0,0,52,91,0,'FF',9,0.00,'',0,0,0,'',4,'','Current','','',3,14),
	(527,'5f42e87ac5725b1e6fda86ef4cee1b6b',0,0,52,91,0,'FF',9,0.00,'',0,0,0,'',1,'','Average','','',3,15),
	(528,'fbd5b39107b1e30e46bdf9a6122a4938',0,0,52,91,0,'FF',9,0.00,'',0,0,0,'',3,'','Maximum','','on',3,16),
	(529,'140ea8ba3378d34907e6120dec068657',0,0,52,0,0,'FF',1,0.00,'',0,0,0,'',1,'','2xx = Server-side responses in range of 200 to 206 (successful responses)','','on',2,17),
	(530,'c6b07582875435f62ee69fc0f6c42ca1',0,0,52,0,0,'FF',1,0.00,'',0,0,0,'',1,'','3xx = Server-side responses in range of 300 to 307 (redirection responses)','','on',2,18),
	(531,'c2d24863951dd3fee0bd0b580e6d933f',0,0,52,0,0,'FF',1,0.00,'',0,0,0,'',1,'','4xx = Server-side responses in range of 400 to 417 (client errors)','','on',2,19),
	(532,'b36843a5347c46c61e8f77de82284aa4',0,0,52,0,0,'FF',1,0.00,'',0,0,0,'',1,'','5xx = Server-side responses in range of 500 to 505 (server errors)','','on',2,20),
	(533,'a6255aad0c6580b75575ee262f2587bd',0,0,52,0,1,'FF',3,0.00,'',0,0,0,'',1,'','','00:00','',2,21),
	(534,'d8a3105b62bf5ff7f261c84e44ac0142',0,0,52,0,1,'FF',2,0.00,'',0,0,0,'',1,'','','0','',2,22),
	(535,'0e2facb8652af7bdb5d55612e3e88213',0,0,53,97,21,'FF',7,0.00,'',0,0,0,'',1,'','TMM Mem Total','','',2,1),
	(536,'1a37627427faafee4dd382a0ad7df14d',0,0,53,97,0,'FF',9,0.00,'',0,0,0,'',4,'','Current:','','on',2,5),
	(537,'89d77ffcbcaa2a5624af76d55cd14b6d',0,0,53,98,31,'FF',7,0.00,'',0,0,0,'',1,'','TMM Mem Used','','',2,6),
	(538,'48693a9d2edd8a516e568f6dc3b447d1',0,0,53,98,0,'FF',9,0.00,'',0,0,0,'',4,'','Current:','','',2,7),
	(539,'37d59ce765dd630406551c04ca109ace',0,0,53,98,0,'FF',9,0.00,'',0,0,0,'',1,'','Average:','','',2,8),
	(540,'dd166ba9baeb4fcc147bb67a7e23064b',0,0,53,98,0,'FF',9,0.00,'',0,0,0,'',3,'','Maximum:','','on',2,9),
	(541,'4122c3f70db55b477189818f9e3adc63',0,0,53,96,21,'FF',7,0.00,'',0,3,0,'',1,'','Total Mem','','',2,10),
	(542,'8a80cb82456537c73f1459fd09e76bc2',0,0,53,96,0,'FF',9,0.00,'',0,0,0,'',4,'','Current:','','on',2,11),
	(543,'aaa55e5dbebfca93bf373b7039c3cdb2',0,0,53,95,31,'FF',7,0.00,'',0,3,0,'',1,'','Used Mem','','',2,12),
	(544,'32a95ebff8880e50a1e0608de448ae60',0,0,53,95,0,'FF',9,0.00,'',0,0,0,'',4,'','Current:','','',2,13),
	(545,'d67eb1f2d669ab1fcb85c9ca3b4c83db',0,0,53,95,0,'FF',9,0.00,'',0,0,0,'',1,'','Average:','','',2,14),
	(546,'00b787d7ffddf7e36e7231c646f06879',0,0,53,95,0,'FF',9,0.00,'',0,0,0,'',3,'','Maximum:','','on',2,15),
	(547,'10440a16be3cbfd2aeb8ea058b3cacf6',0,0,54,99,20,'FF',5,0.00,'',0,0,0,'',1,'','Native','','',2,1),
	(548,'d6282c342636e3ead615c00f4cabe8ff',0,0,54,99,0,'FF',9,0.00,'',0,0,0,'',4,'','Current','','',2,2),
	(549,'da779718c5b5566ac642007ebaa5ce8b',0,0,54,99,0,'FF',9,0.00,'',0,0,0,'',1,'','Average','','',2,3),
	(550,'98a0a5c11f307947b62eb9fe37b44290',0,0,54,99,0,'FF',9,0.00,'',0,0,0,'',3,'','Maximum','','on',2,4),
	(551,'1aa3b416785048712a74e12624085672',0,0,54,100,10,'FF',5,0.00,'',0,0,0,'',1,'','Compat','','',2,5),
	(552,'82db5f0db46f1f0d5a6f10c0df6c326f',0,0,54,100,0,'FF',9,0.00,'',0,0,0,'',4,'','Current','','',2,6),
	(553,'2c84da1662cc4ca4175f1be7184241c0',0,0,54,100,0,'FF',9,0.00,'',0,0,0,'',1,'','Average','','',2,7),
	(554,'a86f9214d03a26bf6e732f2277f86158',0,0,54,100,0,'FF',9,0.00,'',0,0,0,'',3,'','Maximum','','on',2,8),
	(555,'6968d55fa35e9cd186efc88e1f851eac',0,0,54,0,5,'FF',7,0.00,'',0,35,0,'',1,'','Difference','','',2,9),
	(556,'f4023908b61c4ed9f2b7419f63dca82b',0,0,54,0,0,'FF',9,0.00,'',0,35,0,'',4,'','Current','','',2,10),
	(557,'be30d7b9d0193c3ea565782f28c608da',0,0,54,0,0,'FF',9,0.00,'',0,35,0,'',1,'','Average','','',2,11),
	(558,'bb7ee7127fe00c49f29c3a9da0adeb93',0,0,54,0,0,'FF',9,0.00,'',0,35,0,'',3,'','Maximum','','',2,12),
	(559,'ba885bfb3d374c5c9220864499c5d2b5',0,0,54,0,1,'FF',3,0.00,'',0,0,0,'',1,'','','00:00','',2,13),
	(560,'fb74c15f114f53c1c49edc7d616319c0',0,0,55,101,1,'FF',4,0.00,'',0,3,0,'',1,'','Pre Compress Bytes','','',2,1),
	(561,'c208565a6c708a888bef4b49640326fe',0,0,55,101,0,'FF',9,0.00,'',0,0,0,'',4,'','Current:','','',3,2),
	(562,'02fdac506ae6f6357646e1ca4cb144da',0,0,55,101,0,'FF',9,0.00,'',0,0,0,'',1,'','Average:','','',3,3),
	(563,'9fba24eb8c6d7d2d099b276dcf2d5d3a',0,0,55,101,0,'FF',9,0.00,'',0,0,0,'',3,'','Max:','','on',3,4),
	(564,'8352379b6126a408ce09968d89eb05d3',0,0,55,102,21,'FF',4,0.00,'',0,0,0,'',1,'','Post Compress Bytes','','',2,5),
	(565,'9f9ffdfcc1eb3ac5d014a6bfce77fd31',0,0,55,102,0,'FF',9,0.00,'',0,0,0,'',4,'','Current:','','',3,6),
	(566,'27af720111d5b0db59bae19c8c480ac4',0,0,55,102,0,'FF',9,0.00,'',0,0,0,'',1,'','Average:','','',3,7),
	(567,'cb2eb2575007bec0b40b063f526c9c47',0,0,55,102,0,'FF',9,0.00,'',0,0,0,'',3,'','Max:','','on',3,8),
	(568,'9b821ec7ca77d70d1fdf46a1a613ed3f',0,0,55,103,25,'7F',7,0.00,'',0,3,0,'',1,'','Pre Compress HTML','','',2,9),
	(569,'c93dc5d23cac2701a31fb7183e2e0be9',0,0,55,105,49,'7F',8,0.00,'',0,3,0,'',1,'','Pre Compress CSS','','',2,10),
	(570,'5613acb08a0b0734f1603ef5f473cf9b',0,0,55,107,97,'7F',8,0.00,'',0,3,0,'',1,'','Pre Compress JScript','','',2,11),
	(571,'c2e47bb55d68462f01eadd40c0c4448e',0,0,55,109,5,'7F',8,0.00,'',0,3,0,'',1,'','Pre Compress XML','','',2,12),
	(572,'94305ec4cd5f76f748600cbaa1076a7c',0,0,55,111,27,'7F',8,0.00,'',0,3,0,'',1,'','Pre Compress SGML','','',2,13),
	(573,'de92b0a9bda68d3cfd507935f3e21f47',0,0,55,113,47,'7F',8,0.00,'',0,3,0,'',1,'','Pre Compress Plain','','',2,14),
	(574,'523aa46f4008754433caa74bb163c3df',0,0,55,115,44,'7F',8,0.00,'',0,3,0,'',1,'','Pre Compress Octet','','',2,15),
	(575,'b82984fd349a3d6066301e4bf1c47d92',0,0,55,117,96,'7F',8,0.00,'',0,3,0,'',1,'','Pre Compress Image','','',2,16),
	(576,'bcb54a5f13f36a47c495cdbf676bfb15',0,0,55,119,16,'7F',8,0.00,'',0,3,0,'',1,'','Pre Compress Video','','',2,17),
	(577,'b5ef5a4aa36248df812accf011130350',0,0,55,121,38,'7F',8,0.00,'',0,3,0,'',1,'','Pre Compress Audio','','',2,18),
	(578,'8cf8e8ac9df8c5e60bc9b1953d1f2634',0,0,55,123,37,'7F',8,0.00,'',0,3,0,'',1,'','Pre Compress Other','','on',2,19),
	(579,'c20849475e2684431d2e1f57711b9d82',0,0,55,104,29,'7F',7,0.00,'',0,0,0,'',1,'','Post Compress HTML','','',2,20),
	(580,'aeaa93d939b3531add78cd1d19e94551',0,0,55,106,39,'7F',8,0.00,'',0,0,0,'',1,'','Post Compress CSS','','',2,21),
	(581,'c9b99dde2bdc1e38ae2f1228b5d9480c',0,0,55,108,94,'7F',8,0.00,'',0,0,0,'',1,'','Post Compress JScript','','',2,22),
	(582,'80dd4ca8067d0de2418ea19675473b25',0,0,55,110,100,'7F',8,0.00,'',0,0,0,'',1,'','Post Compress XML','','',2,23),
	(583,'649f53c01bddb4e7b47bea3397884128',0,0,55,112,96,'7F',8,0.00,'',0,0,0,'',1,'','Post Compress SGML','','',2,24),
	(584,'1c39ecd70f151d58f85ccdc35622c44e',0,0,55,114,59,'7F',8,0.00,'',0,0,0,'',1,'','Post Compress Plain','','',2,25),
	(585,'34ac54f9db0de72c48e9eef52ae38187',0,0,55,116,9,'7F',8,0.00,'',0,0,0,'',1,'','Post Compress Octet','','',2,26),
	(586,'8f8562a8c0171d75b5338bbf1af33f2f',0,0,55,118,38,'7F',8,0.00,'',0,0,0,'',1,'','Post Compress Image','','',2,27),
	(587,'ed5adc56965e9a33c30fa8060035386f',0,0,55,120,81,'7F',8,0.00,'',0,0,0,'',1,'','Post Compress Video','','',2,28),
	(588,'100389c35231c465df72c9d523e1d2e3',0,0,55,122,39,'7F',8,0.00,'',0,0,0,'',1,'','Post Compress Audio','','',2,29),
	(589,'a8cd0805c0392015010c6f767e18c1c9',0,0,55,124,63,'7F',8,0.00,'',0,0,0,'',1,'','Post Compress Other','','',2,30),
	(590,'b2e07d77c670c0ea97159fce7d74f352',0,0,56,101,49,'FF',4,0.00,'',0,0,0,'',1,'','Pre Compress Bytes','','',2,1),
	(591,'816c698ca6bd57fd455a254a0262aea6',0,0,56,101,0,'FF',9,0.00,'',0,0,0,'',4,'','Current:','','',3,2),
	(592,'c0249ce34ce67727591bb0cfc5dd574e',0,0,56,101,0,'FF',9,0.00,'',0,0,0,'',1,'','Average:','','',3,3),
	(593,'080670076c6a466e14587242c4201001',0,0,56,101,0,'FF',9,0.00,'',0,0,0,'',3,'','Max:','','on',3,4),
	(594,'9b4cefcfeb9ff3e06a905d905431dd91',0,0,56,102,22,'FF',7,0.00,'',0,0,0,'',1,'','Post Compression Bytes','','',2,5),
	(595,'cd64fc5a8c982ebc8a682d02e1f0295e',0,0,56,102,0,'FF',9,0.00,'',0,0,0,'',4,'','Current:','','',3,6),
	(596,'0e3db10874f2ffd4fae2acb9c7d5027f',0,0,56,102,0,'FF',9,0.00,'',0,0,0,'',1,'','Average:','','',3,7),
	(597,'9231b69b44e7e4345b7dc085d95929d3',0,0,56,102,0,'FF',9,0.00,'',0,0,0,'',3,'','Max:','','on',3,8),
	(598,'743c4958803f90ecb8179b6f30f640ca',0,0,56,125,5,'FF',8,0.00,'',0,0,0,'',1,'','NULL Compression Bytes','','',2,9),
	(599,'89de4933d4fc72078bf8762eede7aa6b',0,0,56,125,0,'FF',9,0.00,'',0,0,0,'',4,'','Current:','','',3,10),
	(600,'768e4fa4c21e03ed451ac465c798b43c',0,0,56,125,0,'FF',9,0.00,'',0,0,0,'',1,'','Average:','','',3,11),
	(601,'38c982868d3b671bbe0033c0d46304c3',0,0,56,125,0,'FF',9,0.00,'',0,0,0,'',3,'','Max:','','on',3,12),
	(602,'ec4da1fbb01def572be6fef890d0869b',0,0,57,127,21,'FF',5,0.00,'',0,0,0,'',1,'','Resolutions:','','',3,1),
	(603,'fa4bf8d0f6d1ce352962a5c71a5083e2',0,0,57,127,0,'FF',9,0.00,'',0,0,0,'',4,'','Current:','','',3,2),
	(604,'f18edd0414be29e354c98a4d2653d16a',0,0,57,127,0,'FF',9,0.00,'',0,0,0,'',1,'','Average:','','',3,3),
	(605,'4fcfddbbde47f0a2ce18794f28fda9e6',0,0,57,127,0,'FF',9,0.00,'',0,0,0,'',3,'','Max:','','on',3,4),
	(606,'71c36932085d055915b6f034ba595112',0,0,57,128,12,'FF',5,0.00,'',0,0,0,'',1,'','Persists:','','',3,5),
	(607,'1a33381dc339e450fa6f13f5b92c86d5',0,0,57,128,0,'FF',9,0.00,'',0,0,0,'',4,'','Current:','','',3,6),
	(608,'0de96d4c4a8cde78a9382ff1c719568e',0,0,57,128,0,'FF',9,0.00,'',0,0,0,'',1,'','Average:','','',3,7),
	(609,'46c1aa61b7cbfb71d497e1a82e43ec5c',0,0,57,128,0,'FF',9,0.00,'',0,0,0,'',3,'','Max:','','on',3,8),
	(610,'837eca3864b3f53260eb2797e9e19970',0,0,57,130,9,'FF',5,0.00,'',0,0,0,'',1,'','Returns:','','',3,9),
	(611,'fc508e67d611e4ac3f15d180089e5905',0,0,57,130,0,'FF',9,0.00,'',0,0,0,'',4,'','Current:','','',3,10),
	(612,'03085ab3fcb2a01a789b857f6ffec357',0,0,57,130,0,'FF',9,0.00,'',0,0,0,'',1,'','Average:','','',3,11),
	(613,'92b939335df87634f2893df5a40fa5bf',0,0,57,130,0,'FF',9,0.00,'',0,0,0,'',3,'','Max:','','on',3,12),
	(614,'3de27140bd8f4f3775124a83754fd11a',0,0,57,129,33,'FF',5,0.00,'',0,0,0,'',1,'','Drops:','','',3,13),
	(615,'fbad06cfed2ad6a7d2d1c17dc1068e4e',0,0,57,129,0,'FF',9,0.00,'',0,0,0,'',4,'','Current:','','',3,14),
	(616,'21514de98ffb02669ecbc06775b6849f',0,0,57,129,0,'FF',9,0.00,'',0,0,0,'',1,'','Average:','','',3,15),
	(617,'68d410f1d2e8a22be43d4c365b5add40',0,0,57,129,0,'FF',9,0.00,'',0,0,0,'',3,'','Max:','','on',3,16),
	(618,'717a99cbe1ad89a27307ea0e8378d282',0,0,57,126,1,'FF',5,0.00,'',0,0,0,'',1,'','Requests:','','',3,17),
	(619,'354e520510056111bf15a7c220c96524',0,0,57,126,0,'FF',9,0.00,'',0,0,0,'',4,'','Current:','','',3,18),
	(620,'c241e9986065307efd9afd594f111c38',0,0,57,126,0,'FF',9,0.00,'',0,0,0,'',1,'','Average:','','',3,19),
	(621,'7d5447c8f4a94f5e20a9d618b0f5023a',0,0,57,126,0,'FF',9,0.00,'',0,0,0,'',3,'','Max:','','on',3,20),
	(622,'ba40827fc2dc5a3b108d3b79f8927ad9',0,0,58,131,21,'FF',7,0.00,'',0,0,0,'',1,'','imcHitCount','','',2,1),
	(623,'4a31095c6da5387cf7218d8f782c9491',0,0,58,131,0,'FF',9,0.00,'',0,0,0,'',4,'','Current:','','',2,2),
	(624,'a82ccffce370b68fc428f0ec6c0332d1',0,0,58,131,0,'FF',9,0.00,'',0,0,0,'',1,'','Average:','','',2,3),
	(625,'50f3928c5d14d4a137210f024a4ba91b',0,0,58,131,0,'FF',9,0.00,'',0,0,0,'',3,'','Maximum:','','on',2,4),
	(626,'6f7f632eaf40ac68fa6139ca3f1bbe6c',0,0,58,132,12,'FF',8,0.00,'',0,0,0,'',1,'','hdsHitCount','','',2,5),
	(627,'c32031bf0f8ba8d5a897b6cfc7fe1e50',0,0,58,132,0,'FF',9,0.00,'',0,0,0,'',4,'','Current:','','',2,6),
	(628,'36f3129a1bb306d64f1c135baa319316',0,0,58,132,0,'FF',9,0.00,'',0,0,0,'',1,'','Average:','','',2,7),
	(629,'dba0ce4ca3e7095d1d955efb817191e0',0,0,58,132,0,'FF',9,0.00,'',0,0,0,'',3,'','Maximum:','','on',2,8),
	(630,'dea8e9642909b085e8eb4a528d3e15dd',0,0,59,0,1,'FF',4,0.00,'',0,37,0,'',3,'','Max Usage','','',3,1),
	(631,'03f06587dc2b9f743bb7299e1ec49a11',0,0,59,0,0,'FF',9,0.00,'',0,36,0,'',3,'','','','on',7,2),
	(632,'ac240ce59df00d74502cda11f63bb174',0,0,59,134,1,'FF',4,0.00,'',0,37,0,'',3,'','Total Memory','','',2,3),
	(633,'12f7eaee73b62417f4e12dd87e050cb5',0,0,59,134,0,'FF',9,0.00,'',0,37,0,'',3,'','','','on',3,4),
	(634,'5a9b4f5b0aa29e466eface8055a4431e',0,0,59,134,100,'FF',7,0.00,'',0,37,0,'',1,'','Total','','',2,5),
	(635,'9e2024ae57f2e5fd824476e6dedf691b',0,0,59,134,0,'FF',9,0.00,'',0,37,0,'',4,'','Current:','','',2,6),
	(636,'39de3d995d362c75583c90e05fff5767',0,0,59,134,0,'FF',9,0.00,'',0,37,0,'',1,'','Average:','','',2,7),
	(637,'c4a0152384476ae0c108ff40313a20ae',0,0,59,134,0,'FF',9,0.00,'',0,37,0,'',3,'','Maximum:','','on',2,8),
	(638,'5e54bd211d9c1a2e8e13415e087ad043',0,0,59,133,33,'FF',7,0.00,'',0,37,0,'',1,'','Used','','',2,9),
	(639,'66c3d0906d573d1885b50a310886e72b',0,0,59,133,0,'FF',9,0.00,'',0,37,0,'',4,'','Current:','','',2,10),
	(640,'65dba0995013d0c83e2e2ff6c7f69063',0,0,59,133,0,'FF',9,0.00,'',0,37,0,'',1,'','Average:','','',2,11),
	(641,'880c6a555e6f044f0ab79b1e7a0cbf03',0,0,59,133,0,'FF',9,0.00,'',0,37,0,'',3,'','Maximum:','','on',2,12),
	(642,'ff487ac1da06a41744b3e41a9553741b',0,0,59,0,0,'FF',1,0.00,'',0,0,0,'',1,'','TMM Modules: ','','',2,13),
	(643,'fa4faae4c4f3591e80305c8d7af296e9',0,0,59,135,0,'FF',9,0.00,'',0,0,0,'',4,'','','','on',3,14),
	(644,'d41ae4ffc31d5bc06b0da4900546fc94',0,0,60,136,65,'FF',4,0.00,'',0,0,0,'',1,'','Total','','',2,1),
	(645,'5b5a26703ed907a377d0a84b9e6978c1',0,0,60,136,0,'FF',9,0.00,'',0,0,0,'',4,'','Current:','','',2,2),
	(646,'14914bbab3037ec0f5940256677166ce',0,0,60,136,0,'FF',9,0.00,'',0,0,0,'',1,'','Average:','','',2,3),
	(647,'6a32834a28a9be313bbc0c47c3e397d1',0,0,60,136,0,'FF',9,0.00,'',0,0,0,'',3,'','Maximum:','','on',2,4),
	(648,'af2a509b3d5533a66adf5cb4f17d585b',0,0,60,138,103,'FF',7,0.00,'',0,0,0,'',1,'','Sleep','','',2,5),
	(649,'b5026620c487d8a8613c1daf44cd597c',0,0,60,138,0,'FF',9,0.00,'',0,0,0,'',4,'','Current:','','',2,6),
	(650,'b4928225c28f25fb3f8d0aa02f065b31',0,0,60,138,0,'FF',9,0.00,'',0,0,0,'',1,'','Average:','','',2,7),
	(651,'4f0335196b4fc860b86baef0ded70cfb',0,0,60,138,0,'FF',9,0.00,'',0,0,0,'',3,'','Maximum:','','on',2,8),
	(652,'a061654f27f28bb5f79e032003052b3a',0,0,60,137,101,'FF',8,0.00,'',0,0,0,'',1,'','Idle','','',2,9),
	(653,'732c1102fe6c13d93f7fb3628745465f',0,0,60,137,0,'FF',9,0.00,'',0,0,0,'',4,'','Current:','','',2,10),
	(654,'530045f0c1196134995e86bd69ef4a14',0,0,60,137,0,'FF',9,0.00,'',0,0,0,'',1,'','Average:','','',2,11),
	(655,'98d8c9bd2d53d8c5f84dac9cf64ee35b',0,0,60,137,0,'FF',9,0.00,'',0,0,0,'',3,'','Maximum:','','on',2,12),
	(656,'cce6d0928bb9d316a4a68dd454ee8550',0,0,60,0,0,'FF',1,0.00,'',0,0,0,'',1,'','TMM Modules: ','','',2,13),
	(657,'71de62ab0d3230473195aeac7974f3c6',0,0,60,135,0,'FF',9,0.00,'',0,0,0,'',4,'','','','on',3,14),
	(658,'e9eccdf8636e90d23c1521e2a50e6664',0,0,61,139,6,'FF',7,0.00,'',0,2,0,'',1,'','Client In','','',2,1),
	(659,'7654f0187e74b4a5ba1b3239fd509b78',0,0,61,139,0,'FF',9,0.00,'',0,2,0,'',4,'','Current:','','',2,5),
	(660,'a30c99d78fb5f9928f1325d927ab7a02',0,0,61,139,0,'FF',9,0.00,'',0,2,0,'',1,'','Average:','','',2,6),
	(661,'75d4b568e62b7ef8ecdf3f243c398eae',0,0,61,139,0,'FF',9,0.00,'',0,2,0,'',3,'','Maximum:','','on',2,7),
	(662,'03ee9d432da8c4a834fdb72230b412ef',0,0,61,141,89,'FF',4,0.00,'',0,2,0,'',1,'','Server In','','',2,8),
	(663,'c186058dd3c15f4a157c358ba1130d9c',0,0,61,141,0,'FF',9,0.00,'',0,2,0,'',4,'','Current:','','',2,9),
	(664,'96d1fa43feba14c11cfa0b1069289f16',0,0,61,141,0,'FF',9,0.00,'',0,2,0,'',1,'','Average:','','',2,10),
	(665,'855d15e1540b66f79c9f9651da5c8982',0,0,61,141,0,'FF',9,0.00,'',0,2,0,'',3,'','Maximum:','','on',2,11),
	(666,'455e16110cc0c955146afa2be15a9617',0,0,61,140,20,'FF',7,0.00,'',0,38,0,'',1,'','Client Out','','',2,12),
	(667,'7caa3633acc07dbb88246d4f642d3cd0',0,0,61,140,0,'FF',9,0.00,'',0,0,0,'',4,'','Current:','','',2,13),
	(668,'9d6e9cea61bbaf00c48e8f755509f70b',0,0,61,140,0,'FF',9,0.00,'',0,0,0,'',1,'','Average:','','',2,14),
	(669,'a0f58240d19caa7c2536795bda798cf3',0,0,61,140,0,'FF',9,0.00,'',0,0,0,'',3,'','Maximum:','','on',2,15),
	(670,'433ab129aadddb77faceeec73113ca52',0,0,61,142,7,'FF',4,0.00,'',0,38,0,'',1,'','Server Out','','',2,16),
	(671,'741083eb1ce25cd5ab3dcb8170f0c7f0',0,0,61,142,0,'FF',9,0.00,'',0,0,0,'',4,'','Current:','','',2,17),
	(672,'99fde4f30888502fbd5780de7d3dfcb5',0,0,61,142,0,'FF',9,0.00,'',0,0,0,'',1,'','Average:','','',2,18),
	(673,'888586065b597d2ff30ca089bff3be6e',0,0,61,142,0,'FF',9,0.00,'',0,0,0,'',3,'','Maximum:','','on',2,19),
	(674,'1fd6f55318a8772dd6a6fbe252fd75fc',0,0,61,0,9,'FF',2,0.00,'',0,0,0,'',4,'','','0','',2,20),
	(675,'ed1951d633f54afc0730de4a8623d9cd',0,0,62,144,36,'FF',4,0.00,'',0,0,0,'',1,'','Server','','',3,5),
	(676,'df2d069c3e283ec9993c3c4c106dc1ab',0,0,62,144,0,'FF',9,0.00,'',0,0,0,'',4,'','Current:','','',3,6),
	(677,'acce56cb602e727189270fe1d8cabbd1',0,0,62,144,0,'FF',9,0.00,'',0,0,0,'',1,'','Average:','','',3,7),
	(678,'437b3b865ad6fc46b91d803223c6730f',0,0,62,144,0,'FF',9,0.00,'',0,0,0,'',3,'','Maximum:','','on',3,8),
	(679,'0cb4f07563c0a84baab444c42a5001f8',0,0,62,143,15,'FF',7,0.00,'',0,0,0,'',1,'','Client','','',3,9),
	(680,'017137d877e405db8dcb778f52c47a36',0,0,62,143,0,'FF',9,0.00,'',0,0,0,'',4,'','Current:','','',3,10),
	(681,'f31b8f648cd336f373f6cd2bae024b3b',0,0,62,143,0,'FF',9,0.00,'',0,0,0,'',1,'','Average:','','',3,11),
	(682,'4bdaafef791d5610896f5a8f881886e4',0,0,62,143,0,'FF',9,0.00,'',0,0,0,'',3,'','Maximum:','','on',3,12),
	(683,'6272f6870b08a13a84231ef20d67ee72',0,0,63,147,81,'FF',7,0.00,'',0,0,0,'',1,'','POST','','',2,1),
	(684,'f53828100cd98e165d6073650f77b496',0,0,63,147,0,'FF',9,0.00,'',0,0,0,'',4,'','Current:','','',2,2),
	(685,'15f701306388f2f449c3ff66a016ac78',0,0,63,147,0,'FF',9,0.00,'',0,0,0,'',1,'','Average:','','',2,3),
	(686,'3829c07509076f87cfad5524153ca76a',0,0,63,147,0,'FF',9,0.00,'',0,0,0,'',3,'','Maximum:','','on',2,4),
	(687,'130d77f6658fedc6d46c1d0c45ca82fc',0,0,63,146,83,'FF',8,0.00,'',0,0,0,'',1,'','GET','','',2,5),
	(688,'bfd1e848a1e56a29e55d422a9c460a36',0,0,63,146,0,'FF',9,0.00,'',0,0,0,'',4,'','Current:','','',2,6),
	(689,'f1a650532128acf804aec2b0540cc84c',0,0,63,146,0,'FF',9,0.00,'',0,0,0,'',1,'','Average:','','',2,7),
	(690,'546acdc01af254f9e0bae6dd794a5cbf',0,0,63,146,0,'FF',9,0.00,'',0,0,0,'',3,'','Maximum:','','on',2,8),
	(691,'027d844a1e2d36f0196af537cbc3f532',0,0,63,145,84,'FF',5,0.00,'',0,0,0,'',1,'','Total','','',2,9),
	(692,'8f8bdc5c521afe980d4d6364aea4048e',0,0,63,145,0,'FF',9,0.00,'',0,0,0,'',4,'','Current:','','',2,10),
	(693,'0c4462264c097611102720b372ec0529',0,0,63,145,0,'FF',9,0.00,'',0,0,0,'',1,'','Average:','','',2,11),
	(694,'20897b97546510e9bce64920506449ef',0,0,63,145,0,'FF',9,0.00,'',0,0,0,'',3,'','Maximum:','','on',2,12),
	(695,'96b2584303f92058d97dac86468b370c',0,0,64,93,89,'FF',5,0.00,'',0,0,0,'',1,'','','','',2,1),
	(696,'2d0151d69b3298fbad19b2e63c8771be',0,0,64,93,6,'FF',7,0.00,'',0,0,0,'',1,'','2xx','','',2,2),
	(697,'ebdb8bbed06d007af3005338862fc513',0,0,64,93,0,'FF',9,0.00,'',0,0,0,'',4,'','Current:','','',2,3),
	(698,'bbd643fe71b76f3f1843f71f54373ba4',0,0,64,93,0,'FF',9,0.00,'',0,0,0,'',1,'','Average:','','',2,4),
	(699,'dc849865f738c076be2bbc60622ef870',0,0,64,93,0,'FF',9,0.00,'',0,0,0,'',3,'','Maximum:','','on',2,5),
	(700,'3131fc0f465243c1d3dc0fc5b3e462a7',0,0,65,149,56,'FF',7,0.00,'',0,0,0,'',1,'','5xx','','',2,1),
	(701,'c44fcf62f325c2d90ab2ffc262dc66e7',0,0,65,149,0,'FF',9,0.00,'',0,0,0,'',4,'','Current:','','',2,2),
	(702,'4b6dd465171e019cbe5d7e6f84015e6c',0,0,65,149,0,'FF',9,0.00,'',0,0,0,'',1,'','Average:','','',2,3),
	(703,'713fc2a0e6361694f6a20511993362ad',0,0,65,149,0,'FF',9,0.00,'',0,0,0,'',3,'','Maximum:','','on',2,4),
	(704,'9b8a635e1e10667b45c4f400462655e9',0,0,65,148,55,'FF',8,0.00,'',0,0,0,'',1,'','4xx','','',2,5),
	(705,'985ffe02868f0cf9a5c37559aff6cf24',0,0,65,148,0,'FF',9,0.00,'',0,0,0,'',4,'','Current:','','',2,6),
	(706,'6c947e72a82485e62172cd4a6ed99dad',0,0,65,148,0,'FF',9,0.00,'',0,0,0,'',1,'','Average:','','',2,7),
	(707,'6de6d07e1549fd477fc1c8500eaafcb5',0,0,65,148,0,'FF',9,0.00,'',0,0,0,'',3,'','Maximum:','','on',2,8),
	(708,'786ef373667bc51254b796374c6332b6',0,0,65,94,59,'FF',8,0.00,'',0,0,0,'',1,'','3xx','','',2,9),
	(709,'52de39242bd25b0e66309066976ec9ec',0,0,65,94,0,'FF',9,0.00,'',0,0,0,'',4,'','Current:','','',2,10),
	(710,'696f1e520cfd97f72394c799eea1ab98',0,0,65,94,0,'FF',9,0.00,'',0,0,0,'',1,'','Average:','','',2,11),
	(711,'8d0cac4dbe028de985d2eb7534b86d3f',0,0,65,94,0,'FF',9,0.00,'',0,0,0,'',3,'','Maximum:','','on',2,12),
	(712,'46330310d24f102f657c9d3607c4759b',0,0,66,150,34,'FF',7,0.00,'',0,0,0,'',1,'','Client','','',2,1),
	(713,'cdc1cc9972ee866051bfe32eed6a7b00',0,0,66,150,0,'FF',9,0.00,'',0,0,0,'',4,'','Current:','','',2,2),
	(714,'34069fe36dac5c7da78ae4c0a8447f97',0,0,66,150,0,'FF',9,0.00,'',0,0,0,'',1,'','Average:','','',2,3),
	(715,'6e5c51f1d56d9a0990cd93ac556f755a',0,0,66,150,0,'FF',9,0.00,'',0,0,0,'',3,'','Maximum:','','on',2,4),
	(716,'d4678a764ed25778a7dbeadecc4e4bef',0,0,66,152,42,'FF',8,0.00,'',0,0,0,'',1,'','Client PVA','','',2,5),
	(717,'a4334ab6625bd4f6510c6152d5780044',0,0,66,152,0,'FF',9,0.00,'',0,0,0,'',4,'','Current:','','',2,6),
	(718,'769691dd6aedeae82c0027e9aaceae11',0,0,66,152,0,'FF',9,0.00,'',0,0,0,'',1,'','Average:','','',2,7),
	(719,'1bbf3ef2e58386e8808209955ef54212',0,0,66,152,0,'FF',9,0.00,'',0,0,0,'',3,'','Maximum:','','on',2,8),
	(720,'c6c3b911ebe632f6de0aafcef2df4566',0,0,66,151,15,'FF',7,0.00,'',0,3,0,'',1,'','Server','','',2,9),
	(721,'f9bfb95f80f6d2a34769cad37e274def',0,0,66,151,0,'FF',9,0.00,'',0,0,0,'',4,'','Current:','','',2,10),
	(722,'b76bb37aa8e3b864907b515e6ad45d93',0,0,66,151,0,'FF',9,0.00,'',0,0,0,'',1,'','Average:','','',2,11),
	(723,'810d28eee73e6aaa8cf6335219a98c04',0,0,66,151,0,'FF',9,0.00,'',0,0,0,'',3,'','Maximum:','','on',2,12),
	(724,'3704a0d7f0df8113c337eab115144809',0,0,66,153,40,'FF',8,0.00,'',0,3,0,'',1,'','Server PVA','','',2,13),
	(725,'6f22ebfa5ef1f542ea920a29c9d5934b',0,0,66,153,0,'FF',9,0.00,'',0,0,0,'',4,'','Current:','','',2,14),
	(726,'c85d0253e4e40570b51b75696ddd68bf',0,0,66,153,0,'FF',9,0.00,'',0,0,0,'',1,'','Average:','','',2,15),
	(727,'710cb95a080d333c66514ea1d2843f7e',0,0,66,153,0,'FF',9,0.00,'',0,0,0,'',3,'','Maximum:','','on',2,16),
	(728,'5a1e44cabb35bd7e48b5061e96d51ce4',0,0,67,154,34,'FF',7,0.00,'',0,0,0,'',1,'','Client','','',2,1),
	(729,'90d9cf7204b49b76090f07f5db9c2ad9',0,0,67,154,0,'FF',9,0.00,'',0,0,0,'',4,'','Current:','','',3,2),
	(730,'39f5b55a46a65e43ea872273b9798b93',0,0,67,154,0,'FF',9,0.00,'',0,0,0,'',1,'','Average:','','',2,3),
	(731,'4c033ce6d7c887c00079ebec5c1bc8fd',0,0,67,154,0,'FF',9,0.00,'',0,0,0,'',3,'','Maximum:','','on',2,4),
	(732,'c3b31b69f17067d528125b7be416ceac',0,0,67,156,42,'FF',8,0.00,'',0,0,0,'',1,'','Client PVA','','',2,5),
	(733,'611f1a770ea6a82910c71240f2351d59',0,0,67,156,0,'FF',9,0.00,'',0,0,0,'',4,'','Current:','','',3,6),
	(734,'8481725c2861e2109bd1e4fbb6857979',0,0,67,156,0,'FF',9,0.00,'',0,0,0,'',1,'','Average:','','',2,7),
	(735,'ce996c692a3c5a63e399c893e5c0741f',0,0,67,156,0,'FF',9,0.00,'',0,0,0,'',3,'','Maximum:','','on',2,8),
	(736,'76868e0cabb9866349dc0863518ba1f9',0,0,67,155,15,'FF',7,0.00,'',0,3,0,'',1,'','Server','','',2,9),
	(737,'ca4c6163dd4e7769a02fa8fc1fc1aff2',0,0,67,155,0,'FF',9,0.00,'',0,0,0,'',4,'','Current:','','',3,10),
	(738,'e233ad873afc9ae2612447c0c0a527af',0,0,67,155,0,'FF',9,0.00,'',0,0,0,'',1,'','Average:','','',2,11),
	(739,'d5a3eba1ae5016c1b0d26085c3e08d3f',0,0,67,155,0,'FF',9,0.00,'',0,0,0,'',3,'','Maximum:','','on',2,12),
	(740,'a09126ea971b71a8edbda8bf3417727f',0,0,67,157,40,'FF',8,0.00,'',0,3,0,'',1,'','Server PVA','','',2,13),
	(741,'c65905a59a88e726021d8c037e7d3d00',0,0,67,157,0,'FF',9,0.00,'',0,0,0,'',4,'','Current:','','',3,14),
	(742,'5ceb19ec19a68c5b192add399d8b69a5',0,0,67,157,0,'FF',9,0.00,'',0,0,0,'',1,'','Average:','','',2,15),
	(743,'4d52b9d669c3f71459ad119d91736cfa',0,0,67,157,0,'FF',9,0.00,'',0,0,0,'',3,'','Maximum:','','on',2,16),
	(744,'ac53dc1985cf34fdbd1fb8431de72a5d',0,0,68,158,445,'FF',7,0.00,'',0,0,0,'',1,'','RX','','',2,1),
	(745,'bbb55a6347f52f8d8493e7db1d8ca8a5',0,0,68,158,0,'FF',9,0.00,'',0,0,0,'',4,'','Current:','','',2,5),
	(746,'9e8a92c7b20ab80e9619702abc54b76c',0,0,68,158,0,'FF',9,0.00,'',0,0,0,'',1,'','Average:','','',2,6),
	(747,'2cdd0a9461bfeabde94af970f7b78fc3',0,0,68,158,0,'FF',9,0.00,'',0,0,0,'',3,'','Maximum:','','on',2,7),
	(748,'e2fbd441c4c99de2b6f4245d17bffe43',0,0,68,159,43,'FF',4,0.00,'',0,0,0,'',1,'','TX','','',2,8),
	(749,'a475a301fa3b5be2e11c94de34454107',0,0,68,159,0,'FF',9,0.00,'',0,0,0,'',4,'','Current:','','',2,9),
	(750,'362aa496ca034c201645dc9d5c6f3055',0,0,68,159,0,'FF',9,0.00,'',0,0,0,'',1,'','Average:','','',2,10),
	(751,'c2ff7d9095e592313fc2b8bcf22573cb',0,0,68,159,0,'FF',9,0.00,'',0,0,0,'',3,'','Maximum:','','on',2,11),
	(752,'f7b5e99fcd648c553a816fa3db22b5f8',0,0,69,160,67,'FF',7,0.00,'',0,0,0,'',1,'','Established','','',2,9),
	(753,'2b7c40c159474fa3e0159a730e1a0734',0,0,69,160,0,'FF',9,0.00,'',0,0,0,'',4,'','Current:','','',2,10),
	(754,'f996eab716bf1af1425a1e155306c4b7',0,0,69,160,0,'FF',9,0.00,'',0,0,0,'',1,'','Average:','','',2,11),
	(755,'b6d0d4cde2115f74bcf5e46ebe6bd310',0,0,69,160,0,'FF',9,0.00,'',0,0,0,'',3,'','Maximum:','','on',2,12),
	(756,'b0fb25ce74a4f3b7b34dda58d18c1530',0,0,69,161,68,'FF',4,0.00,'',0,0,0,'',1,'','Failed','','',2,13),
	(757,'e45defef1d9cfbaf1682c126cc8ebb51',0,0,69,161,0,'FF',9,0.00,'',0,0,0,'',4,'','Current:','','',2,14),
	(758,'bbca797cc153738a81a032dc70836b07',0,0,69,161,0,'FF',9,0.00,'',0,0,0,'',1,'','Average:','','',2,15),
	(759,'70592239f5dbab48d8dcc06c6232d710',0,0,69,161,0,'FF',9,0.00,'',0,0,0,'',3,'','Maximum:','','on',2,16),
	(760,'e48ecd8c7991283d23e0ad462048e2a6',0,0,70,162,13,'FF',7,0.00,'',0,0,0,'',1,'','RX','','',2,1),
	(761,'6ffe5061c44807485c964f734b7ad8a4',0,0,70,162,0,'FF',9,0.00,'',0,0,0,'',4,'','Current:','','',2,8),
	(762,'b6186704b51c38daf14ede73f3d50776',0,0,70,162,0,'FF',9,0.00,'',0,0,0,'',1,'','Average:','','',2,9),
	(763,'c985901f1b6f662c5680c96dc67e67cf',0,0,70,162,0,'FF',9,0.00,'',0,0,0,'',3,'','Maximum:','','on',2,10),
	(764,'8f0f94c36bccb25c9096853ad918e218',0,0,70,163,62,'FF',4,0.00,'',0,0,0,'',1,'','TX','','',2,11),
	(765,'8fae7f5da131ff18cff2413d9551d4ee',0,0,70,163,0,'FF',9,0.00,'',0,0,0,'',4,'','Current:','','',2,12),
	(766,'02f3096430c5b4d061184474f644a53e',0,0,70,163,0,'FF',9,0.00,'',0,0,0,'',1,'','Average:','','',2,13),
	(767,'31c9d340d655ab6fce62111f70dbada9',0,0,70,163,0,'FF',9,0.00,'',0,0,0,'',3,'','Maximum:','','on',2,14),
	(768,'d3c008213ea7f45a46967718b60536af',0,0,71,165,22,'FF',7,0.00,'',0,2,0,'',1,'','Inbound','','',2,1),
	(769,'9faee8fd16316396c523e70ddc202896',0,0,71,165,0,'FF',9,0.00,'',0,0,0,'',4,'','Current:','','',2,2),
	(770,'08df4f2221700e8c36cb9db50d1961ca',0,0,71,165,0,'FF',9,0.00,'',0,0,0,'',1,'','Average:','','',2,3),
	(771,'c86b41d3dcae022b8f9172a6990ec5e0',0,0,71,165,0,'FF',9,0.00,'',0,0,0,'',3,'','Maximum:','','on',2,4),
	(772,'374c1cb02032eb5267d97e5da0cee417',0,0,71,166,89,'FF',8,0.00,'',0,2,0,'',1,'','PVA In','','',2,5),
	(773,'6cec92c8eeaca8c16c17a741e6e881bf',0,0,71,166,0,'FF',9,0.00,'',0,0,0,'',4,'','Current:','','',2,6),
	(774,'d20344b741930a7afb5049562ace9453',0,0,71,166,0,'FF',9,0.00,'',0,0,0,'',1,'','Average:','','',2,7),
	(775,'f509f4e36533188d68a9bf935740faeb',0,0,71,166,0,'FF',9,0.00,'',0,0,0,'',3,'','Maximum:','','on',2,8),
	(776,'15e461ec441d6c04cdfcc028dea76a3d',0,0,71,164,20,'FF',7,0.00,'',0,38,0,'',1,'','Outbound','','',2,9),
	(777,'b34953c9485613c51c5c257c098e16e7',0,0,71,164,0,'FF',9,0.00,'',0,0,0,'',4,'','Current:','','',2,10),
	(778,'aaf04eb85691a6384bc8f7fb5b85e49b',0,0,71,164,0,'FF',9,0.00,'',0,0,0,'',1,'','Average:','','',2,11),
	(779,'edff07de2e1b5752e7e0be6436030b46',0,0,71,164,0,'FF',9,0.00,'',0,0,0,'',3,'','Maximum:','','on',2,12),
	(780,'79624c92c4bd1ef648fb72e58d922d4b',0,0,71,167,7,'FF',8,0.00,'',0,38,0,'',1,'','PVA Out','','',2,13),
	(781,'2670b82c19414fa9babdd22855f1634c',0,0,71,167,0,'FF',9,0.00,'',0,0,0,'',4,'','Current:','','',2,14),
	(782,'f880e8957a8672dee82c95c65bc55862',0,0,71,167,0,'FF',9,0.00,'',0,0,0,'',1,'','Average:','','',2,15),
	(783,'d82513a20a5a35531e46e148404f82cd',0,0,71,167,0,'FF',9,0.00,'',0,0,0,'',3,'','Maximum:','','on',2,16),
	(784,'f960f39bd700c538d92f849ecd16143a',0,0,71,0,9,'FF',2,0.00,'',0,0,0,'',4,'','','0','',2,17),
	(785,'37e508ff67634233fadaeba5d1a13949',0,0,72,168,22,'FF',7,0.00,'',0,2,0,'',1,'','Inbound','','',2,1),
	(786,'5d3318529e35a2c2ef7f5bd5bb5fbbaa',0,0,72,168,0,'FF',9,0.00,'',0,0,0,'',4,'','Current:','','',2,2),
	(787,'46583663508da5bb42bceed4fdeb1a29',0,0,72,168,0,'FF',9,0.00,'',0,0,0,'',1,'','Average:','','',2,3),
	(788,'f623f34f9865bf51996c9a3d6f52d954',0,0,72,168,0,'FF',9,0.00,'',0,0,0,'',3,'','Maximum:','','on',2,4),
	(789,'eb14744db26b4c36e55d55205dd39328',0,0,72,170,89,'FF',8,0.00,'',0,2,0,'',1,'','PVA In','','',2,5),
	(790,'22298bb6df957537d1dce45399d28dd0',0,0,72,170,0,'FF',9,0.00,'',0,0,0,'',4,'','Current:','','',2,6),
	(791,'5564afe0e64a6f1abdc15e65ef0e6e57',0,0,72,170,0,'FF',9,0.00,'',0,0,0,'',1,'','Average:','','',2,7),
	(792,'7780efaaa0f30381c92f924f60b953ba',0,0,72,170,0,'FF',9,0.00,'',0,0,0,'',3,'','Maximum:','','on',2,8),
	(793,'d81d5aea1e01b9de319cbaf20ae57262',0,0,72,169,20,'FF',7,0.00,'',0,38,0,'',1,'','Outbound','','',2,9),
	(794,'69ac88e2d19a7b4bac1831e0dea2dea2',0,0,72,169,0,'FF',9,0.00,'',0,0,0,'',4,'','Current:','','',2,10),
	(795,'96627c014bade6c7a572549b277645d6',0,0,72,169,0,'FF',9,0.00,'',0,0,0,'',1,'','Average:','','',2,11),
	(796,'fd493496dc03714c9e23dc83fa52da82',0,0,72,169,0,'FF',9,0.00,'',0,0,0,'',3,'','Maximum:','','on',2,12),
	(797,'1b5e4ee90321155b493e7a385b938481',0,0,72,171,7,'FF',8,0.00,'',0,38,0,'',1,'','PVA Out','','',2,13),
	(798,'5677ea2843c436834a6a791701946114',0,0,72,171,0,'FF',9,0.00,'',0,0,0,'',4,'','Current:','','',2,14),
	(799,'b439ff8c419e3af804c4e8a261e82472',0,0,72,171,0,'FF',9,0.00,'',0,0,0,'',1,'','Average:','','',2,15),
	(800,'c42c9e0eae284badfc83d90d76dfe8bb',0,0,72,171,0,'FF',9,0.00,'',0,0,0,'',3,'','Maximum:','','on',2,16),
	(801,'131e7307c6db0b82a8d8ab678160f05a',0,0,72,0,9,'FF',2,0.00,'',0,0,0,'',4,'','','0','',2,17),
	(802,'f28801399f0eb1fc304c2eb20dfba6bd',0,0,73,172,76,'FF',7,0.00,'',0,0,0,'',1,'','Inbound','','',2,2),
	(803,'384856a077eca9bec8350dd947f8c397',0,0,73,172,0,'FF',9,0.00,'',0,0,0,'',4,'','Current:','','',2,3),
	(804,'a3ed7d5bd058f445e3584fc04406c5f8',0,0,73,172,0,'FF',9,0.00,'',0,0,0,'',1,'','Average:','','',2,4),
	(805,'b3bd8475a2e995bfa9a8f87482dc3d80',0,0,73,172,0,'FF',9,0.00,'',0,0,0,'',3,'','Maximum:','','on',2,5),
	(806,'1df9c9fbc5c578f41c4ec578cc17d483',0,0,73,174,212,'FF',8,0.00,'',0,0,0,'',1,'','PVA In','','',2,6),
	(807,'01bcf17a8e60ebfe29e9280db4aed113',0,0,73,174,0,'FF',9,0.00,'',0,0,0,'',4,'','Current:','','',2,7),
	(808,'80eda26a5a2a39b4d853ef15d8c21848',0,0,73,174,0,'FF',9,0.00,'',0,0,0,'',1,'','Average:','','',2,8),
	(809,'ba9d667cdf925e216ffbac19b9037824',0,0,73,174,0,'FF',9,0.00,'',0,0,0,'',3,'','Maximum:','','on',2,9),
	(810,'d3861784f3505b8162e3e426d740f786',0,0,73,173,446,'FF',7,0.00,'',0,3,0,'',1,'','Outbound','','',2,11),
	(811,'64ac75d0f598b0e8e21569847d188030',0,0,73,173,0,'FF',9,0.00,'',0,0,0,'',4,'','Current:','','',2,12),
	(812,'858fe90550cb3fda19c1a0ad7c220cba',0,0,73,173,0,'FF',9,0.00,'',0,0,0,'',1,'','Average:','','',2,13),
	(813,'e92005b30d5ca8275574c1b74d1e66d4',0,0,73,173,0,'FF',9,0.00,'',0,0,0,'',3,'','Maximum:','','on',2,14),
	(814,'403880fc6f68466eb5ae1fcafe8f91f3',0,0,73,175,27,'FF',8,0.00,'',0,3,0,'',1,'','PVA Out','','',2,15),
	(815,'8b91e8ccb0bd89a8e5daccd427ba4be8',0,0,73,175,0,'FF',9,0.00,'',0,0,0,'',4,'','Current:','','',2,16),
	(816,'59d7f7fd5695a9ee0a02efb549bd4a28',0,0,73,175,0,'FF',9,0.00,'',0,0,0,'',1,'','Average:','','',2,17),
	(817,'006105262651e6b3862aa5bc45b1c6a1',0,0,73,175,0,'FF',9,0.00,'',0,0,0,'',3,'','Maximum:','','on',2,18),
	(818,'56e511751b5756fa8037f0063d8c1b23',0,0,73,0,9,'FF',2,0.00,'',0,0,0,'',4,'','','0','',2,19),
	(819,'8da2f31ddf31cffd5dfeb016e286e542',0,0,74,176,76,'FF',7,0.00,'',0,0,0,'',1,'','Inbound','','',2,1),
	(820,'de58d043f6f28d69e62eb70c845f5779',0,0,74,176,0,'FF',9,0.00,'',0,0,0,'',4,'','Current:','','',2,2),
	(821,'5c90d3336bf685ec86d03052b7dc86ec',0,0,74,176,0,'FF',9,0.00,'',0,0,0,'',1,'','Average:','','',2,3),
	(822,'43b5e3daa554cedf2fceb122ec300413',0,0,74,176,0,'FF',9,0.00,'',0,0,0,'',3,'','Maximum:','','on',2,4),
	(823,'c22f7fe8e35c24084ffe6df45e464e29',0,0,74,178,212,'FF',8,0.00,'',0,0,0,'',1,'','PVA In','','',2,5),
	(824,'7b43cc7474359c2c6e5daaca308b9987',0,0,74,178,0,'FF',9,0.00,'',0,0,0,'',4,'','Current:','','',2,6),
	(825,'77bd5d574dfc1302d6d3fee3d111c5a6',0,0,74,178,0,'FF',9,0.00,'',0,0,0,'',1,'','Average:','','',2,7),
	(826,'3b5a00d5a7ed86ceda9a9a4eebfcc195',0,0,74,178,0,'FF',9,0.00,'',0,0,0,'',3,'','Maximum:','','on',2,8),
	(827,'fd38894165b93374b412e4aa1c34836b',0,0,74,177,446,'FF',7,0.00,'',0,3,0,'',1,'','Outbound','','',2,9),
	(828,'2bc7fe869e814117e91785d2778b746f',0,0,74,177,0,'FF',9,0.00,'',0,0,0,'',4,'','Current:','','',2,10),
	(829,'240e68191f1c8187b9b8ff61da570a3b',0,0,74,177,0,'FF',9,0.00,'',0,0,0,'',1,'','Average:','','',2,11),
	(830,'5de8c6dd1dfa42d2c6050a4654ec2532',0,0,74,177,0,'FF',9,0.00,'',0,0,0,'',3,'','Maximum:','','on',2,12),
	(831,'4cb6a14a82ee34b0cb3a3478a4ba958b',0,0,74,179,27,'FF',8,0.00,'',0,3,0,'',1,'','PVA Out','','',2,13),
	(832,'19b8fd17bc7cec78b4bc6a08e6398a8b',0,0,74,179,0,'FF',9,0.00,'',0,0,0,'',4,'','Current:','','',2,14),
	(833,'debc2bb03a277005a658cc9983d055c9',0,0,74,179,0,'FF',9,0.00,'',0,0,0,'',1,'','Average:','','',2,15),
	(834,'485a93e5abdb1dd8786eeb0c55e409e5',0,0,74,179,0,'FF',9,0.00,'',0,0,0,'',3,'','Maximum:','','on',2,16),
	(835,'78abc7dc7bf27e73abada78be06a48bb',0,0,74,0,9,'FF',2,0.00,'',0,0,0,'',4,'','','0','',2,17),
	(836,'74060070e12d6092a0c6ea619ac00275',0,0,75,180,31,'FF',4,0.00,'',0,0,0,'',1,'','Drops','','',2,1),
	(837,'ac98807ef7b0311f585e862c0ca5b89a',0,0,75,180,0,'FF',9,0.00,'',0,0,0,'',4,'','Current:','','',2,2),
	(838,'8b3ffaab42eb1350c82db06f527624bb',0,0,75,180,0,'FF',9,0.00,'',0,0,0,'',1,'','Average:','','',2,3),
	(839,'3cc9bca79ce5b3dcff0190fce0fa5f39',0,0,75,180,0,'FF',9,0.00,'',0,0,0,'',3,'','Maximum:','','on',2,4),
	(840,'a84a2abea6fee73e35db795466333872',0,0,75,181,48,'FF',4,0.00,'',0,0,0,'',1,'','Errors In','','',2,5),
	(841,'bf3fd3a6f573a4fa7caea96ac7f12ebc',0,0,75,181,0,'FF',9,0.00,'',0,0,0,'',4,'','Current:','','',2,6),
	(842,'d8521952c4d18a062bf8d8722f393588',0,0,75,181,0,'FF',9,0.00,'',0,0,0,'',1,'','Average:','','',2,7),
	(843,'9167348d55e5f1006b36739dee7e7554',0,0,75,181,0,'FF',9,0.00,'',0,0,0,'',3,'','Maximum:','','on',2,8),
	(844,'9c7cf36bc1bd800c76262b23d3d3a780',0,0,75,182,81,'FF',4,0.00,'',0,0,0,'',1,'','Errors Out','','',2,9),
	(845,'adf5e7bf850e0708cfe204fd51615b7c',0,0,75,182,0,'FF',9,0.00,'',0,0,0,'',4,'','Current:','','',2,10),
	(846,'015af753381b76e0208f6eaebbfa20d1',0,0,75,182,0,'FF',9,0.00,'',0,0,0,'',1,'','Average:','','',2,11),
	(847,'7ea4d80ebb392e9d38150c34c8327f54',0,0,75,182,0,'FF',9,0.00,'',0,0,0,'',3,'','Maximum:','','on',2,12),
	(848,'25cd20b9826ab3811f2ed4253e2ed246',0,0,76,184,40,'FF',4,0.00,'',0,0,0,'',1,'','Server','','',3,5),
	(849,'619badab5d0124a713a06aab10894619',0,0,76,184,0,'FF',9,0.00,'',0,0,0,'',4,'','Current:','','',3,6),
	(850,'31a6d217268965ab8dccd9d56685df5a',0,0,76,184,0,'FF',9,0.00,'',0,0,0,'',1,'','Average:','','',3,7),
	(851,'f467bfed14cfc3101cda7a24eb39de0e',0,0,76,184,0,'FF',9,0.00,'',0,0,0,'',3,'','Maximum:','','on',3,8),
	(852,'ed64e9dbcec254e50cbbc5b1dab328ae',0,0,76,183,447,'FF',7,0.00,'',0,0,0,'',1,'','Client','','',3,9),
	(853,'c43866f7a0712aa1c147f433f91a21bc',0,0,76,183,0,'FF',9,0.00,'',0,0,0,'',4,'','Current:','','',3,10),
	(854,'e9035a5a42a2814829ec760c39f43e21',0,0,76,183,0,'FF',9,0.00,'',0,0,0,'',1,'','Average:','','',3,11),
	(855,'24527223229ada086c4bfc3b57db98c2',0,0,76,183,0,'FF',9,0.00,'',0,0,0,'',3,'','Maximum:','','on',3,12),
	(856,'c7292159d51018d8b1fb63336b7b2e20',0,0,77,185,6,'FF',7,0.00,'',0,2,0,'',1,'','Client In','','',2,1),
	(857,'c11d7b44da2e035d902d68467f12e60a',0,0,77,185,0,'FF',9,0.00,'',0,2,0,'',4,'','Current:','','',2,5),
	(858,'a093de5722ab09b396a41840d82ba56c',0,0,77,185,0,'FF',9,0.00,'',0,2,0,'',1,'','Average:','','',2,6),
	(859,'c56e42f34e4a97b54845e80492b4f389',0,0,77,185,0,'FF',9,0.00,'',0,2,0,'',3,'','Maximum:','','on',2,7),
	(860,'09e419b01218d2972585ef6cf53fd019',0,0,77,187,89,'FF',4,0.00,'',0,2,0,'',1,'','Server In','','',2,8),
	(861,'a97e3cee600fcd694ad23a0462c2e010',0,0,77,187,0,'FF',9,0.00,'',0,2,0,'',4,'','Current:','','',2,9),
	(862,'6ceee2fcea815711acdac6cc9d09e823',0,0,77,187,0,'FF',9,0.00,'',0,2,0,'',1,'','Average:','','',2,10),
	(863,'5c6cdd09929c8ac0ad853b21934197e3',0,0,77,187,0,'FF',9,0.00,'',0,2,0,'',3,'','Maximum:','','on',2,11),
	(864,'a5914b85fede12bc5200827ba410eede',0,0,77,186,20,'FF',7,0.00,'',0,38,0,'',1,'','Client Out','','',2,12),
	(865,'a9ef3e2f913066c8eb7dff3a1ceb1f3a',0,0,77,186,0,'FF',9,0.00,'',0,0,0,'',4,'','Current:','','',2,13),
	(866,'3ebfa268ae78bce3184e5958227efb67',0,0,77,186,0,'FF',9,0.00,'',0,0,0,'',1,'','Average:','','',2,14),
	(867,'d5219b08c8f98c8353b3d303ca9ea9df',0,0,77,186,0,'FF',9,0.00,'',0,0,0,'',3,'','Maximum:','','on',2,15),
	(868,'2a0dca8310d5e8bb7eaa5eed9adf514d',0,0,77,188,7,'FF',4,0.00,'',0,38,0,'',1,'','Server Out','','',2,16),
	(869,'a5dd4e14092b06688f7e2cf20d5bc8b1',0,0,77,188,0,'FF',9,0.00,'',0,0,0,'',4,'','Current:','','',2,17),
	(870,'6f9ef6dfb0db4f73778e3fa647817275',0,0,77,188,0,'FF',9,0.00,'',0,0,0,'',1,'','Average:','','',2,18),
	(871,'0dbc217a180c6ec91f0d1a351235dafd',0,0,77,188,0,'FF',9,0.00,'',0,0,0,'',3,'','Maximum:','','on',2,19),
	(872,'2a3358fbb6d50b9c49316a1e671c659c',0,0,77,0,9,'FF',2,0.00,'',0,0,0,'',4,'','','0','',2,20),
	(873,'99404d3d1bfd3c2032c35298152759f3',0,0,78,190,17,'FF',7,0.00,'',0,0,0,'',1,'','Result Allowed','','',3,1),
	(874,'4e93843e9c4e2727d7a6078fca0a8b80',0,0,78,190,0,'FF',9,0.00,'',0,0,0,'',4,'','Current:','','',3,2),
	(875,'865efa5474ddbfa473a6936cdcd4a1ce',0,0,78,190,0,'FF',9,0.00,'',0,0,0,'',1,'','Average:','','',3,3),
	(876,'7b9261683926127563deba6c90dc13b0',0,0,78,190,0,'FF',9,0.00,'',0,0,0,'',3,'','Maximum:','','on',3,4),
	(877,'f1d1ff4596b3889fbda1c4ba37037293',0,0,78,189,9,'FF',5,0.00,'',0,0,0,'',1,'','Result Denied','','',3,5),
	(878,'bba4a5fb9b84a2ed2744ad604ee39e00',0,0,78,189,0,'FF',9,0.00,'',0,0,0,'',4,'','Current:','','',3,6),
	(879,'7f05fa078ca18d46ad9b67ba1c1a373c',0,0,78,189,0,'FF',9,0.00,'',0,0,0,'',1,'','Average:','','',3,7),
	(880,'9255fcebcb45f865863ce92ce89f6f50',0,0,78,189,0,'FF',9,0.00,'',0,0,0,'',3,'','Maximum:','','on',3,8),
	(881,'00da83f30757cb49405807efb8d1c0ae',0,0,79,191,70,'FF',7,0.00,'',0,0,0,'',1,'','Active portal sessions','','',3,1),
	(882,'de928b74eb03b20b380a1d872795136f',0,0,79,191,0,'FF',9,0.00,'',0,0,0,'',4,'','Current:','','',3,2),
	(883,'5d6da09329ff7703c58cf0aefe7ae8ff',0,0,79,191,0,'FF',9,0.00,'',0,0,0,'',1,'','Average:','','',3,3),
	(884,'89f53cb55625d7fbac5b97957b5e7579',0,0,79,191,0,'FF',9,0.00,'',0,0,0,'',3,'','Maximum:','','on',3,4),
	(885,'e1a9efd4ac91b88d3ab5f53960c44c23',0,0,79,192,22,'FF',4,0.00,'',0,39,0,'',1,'','Active SSL-VPN connections','','',3,5),
	(886,'e77eeb2b3dd43cd946f0e3f9c71cb709',0,0,79,192,0,'FF',9,0.00,'',0,39,0,'',4,'','Current:','','',3,6),
	(887,'28fac1cdf487226df27c15fe2737e979',0,0,79,192,0,'FF',9,0.00,'',0,39,0,'',1,'','Average:','','',3,7),
	(888,'8997e526e6fab07c89febdbf38b1c109',0,0,79,192,0,'FF',9,0.00,'',0,39,0,'',3,'','Maximum:','','on',3,8),
	(889,'35995f842deb79dc1b2703444e7fdff4',0,0,80,193,17,'FF',7,0.00,'',0,0,0,'',1,'','User logged out','','',3,1),
	(890,'0093e5b4d2118c3ee58e75ba314abe1b',0,0,80,193,0,'FF',9,0.00,'',0,0,0,'',4,'','Current:','','',3,2),
	(891,'47ade9f6fb60748ab3c01c61707ab792',0,0,80,193,0,'FF',9,0.00,'',0,0,0,'',1,'','Average:','','',3,3),
	(892,'c7359d5272ba8b721badff23eaa2edff',0,0,80,193,0,'FF',9,0.00,'',0,0,0,'',3,'','Maximum:','','on',3,4),
	(893,'17568a145d3c8f4c9729254f36f945c4',0,0,80,194,25,'FF',5,0.00,'',0,0,0,'',1,'','Terminated by Admin','','',3,5),
	(894,'921eb3e1f7bebfae9dddbce4ee4b08a3',0,0,80,194,0,'FF',9,0.00,'',0,0,0,'',4,'','Current:','','',3,6),
	(895,'e955f60cad3e020a02c2d471cd06d001',0,0,80,194,0,'FF',9,0.00,'',0,0,0,'',1,'','Average:','','',3,7),
	(896,'b9da8062b587cfbf4953a3c4eef08c6c',0,0,80,194,0,'FF',9,0.00,'',0,0,0,'',3,'','Maximum:','','on',3,8),
	(897,'5e4f4e7a41f1d9483a5c70440e2edabd',0,0,80,195,9,'FF',5,0.00,'',0,0,0,'',1,'','Misc terminated','','',3,9),
	(898,'a8ce5cb40d8cd0f0d1ce347907ba32cb',0,0,80,195,0,'FF',9,0.00,'',0,0,0,'',4,'','Current:','','',3,10),
	(899,'8bbbb770424483dcb2d2c4db545e3c56',0,0,80,195,0,'FF',9,0.00,'',0,0,0,'',1,'','Average:','','',3,11),
	(900,'ddfd799420e8b6d72ae0e118020c7c29',0,0,80,195,0,'FF',9,0.00,'',0,0,0,'',3,'','Maximum:','','on',3,12),
	(901,'caf48cc11707e3b569588cba8fdb32e0',0,0,81,0,0,'FF',1,0.00,'',0,0,0,'',1,'','Virtual Server Name: |query_ltmVSName| ','','on',2,1),
	(902,'7200405651c3e8e572476236f755dfa2',0,0,81,197,94,'FF',7,0.00,'',0,0,0,'',1,'','Connections','','',2,1),
	(903,'d7d73f375671b06b35411ed22a9f94af',0,0,81,198,34,'FF',7,0.00,'',0,0,0,'',1,'','Other','','',2,1),
	(904,'76147a75bf032c18c3c2de7b87fac14a',0,0,81,197,0,'FF',9,0.00,'',0,0,0,'',4,'','Current:','','',3,2),
	(905,'d71dae14179d9231bafba9784547ea16',0,0,81,0,0,'FF',1,0.00,'',0,0,0,'',1,'','','','on',2,2),
	(906,'e73851f5e5e73f945fd14ce8cde0616e',0,0,81,198,0,'FF',9,0.00,'',0,0,0,'',4,'','Current:','','',2,2),
	(907,'f5794b7cd451083c5e14074656b72b0b',0,0,81,197,0,'FF',9,0.00,'',0,0,0,'',1,'','Average:','','',3,3),
	(908,'fefc11b3a8c86ebd9052a5bfacc2d753',0,0,81,198,0,'FF',9,0.00,'',0,0,0,'',1,'','Average:','','',2,3),
	(909,'fe9cc37531e59d05e72d22f749df7336',0,0,81,197,0,'FF',9,0.00,'',0,0,0,'',3,'','Maximum:','','on',3,4),
	(910,'3b280e7c6e9f1723b6f43f16e5e6a41f',0,0,81,198,0,'FF',9,0.00,'',0,0,0,'',3,'','Maximum:','','on',2,4),
	(911,'ab8ed323c47cb83bb6db5d6d2da569bd',0,0,81,0,1,'FF',3,0.00,'',0,0,0,'',1,'','','00:00','',2,5),
	(912,'cef65b05ad439bb31d218e098fd2b8d7',0,0,81,197,15,'FF',8,0.00,'',0,0,0,'',1,'','Ephemeral','','',2,5),
	(913,'fe8602b7f9fdac231d023d7a442f2ee4',0,0,81,197,0,'FF',9,0.00,'',0,0,0,'',4,'','Current:','','',2,6),
	(914,'6e0594ed38304ca711db29b20a8f259c',0,0,81,197,0,'FF',9,0.00,'',0,0,0,'',1,'','Average:','','',2,7),
	(915,'2b27ddc54dde28029100882375ccdd5d',0,0,81,197,0,'FF',9,0.00,'',0,0,0,'',3,'','Maximum:','','on',2,8),
	(916,'df640372c66252268d47bb533600f607',0,0,81,196,42,'FF',8,0.00,'',0,0,0,'',1,'','PVA','','',3,9),
	(917,'7e79af4b987befbe655a79f09cfd8f0c',0,0,81,196,0,'FF',9,0.00,'',0,0,0,'',4,'','Current:','','',2,10),
	(918,'229aec4f7e0e9803c8cfc9bd980129f5',0,0,81,196,0,'FF',9,0.00,'',0,0,0,'',1,'','Average:','','',2,11),
	(919,'890a7c6459a3b57deeb363a7b4df7a93',0,0,81,196,0,'FF',9,0.00,'',0,0,0,'',3,'','Maximum:','','on',2,12),
	(920,'7948fa479f37449c6c131ea6b6c5a131',0,0,82,204,22,'FF',7,0.00,'',0,2,0,'',1,'','Inbound','','',2,1),
	(921,'cb31e6b8effa68b1ef2c6d30fee7e2e6',0,0,82,204,0,'FF',9,0.00,'',0,2,0,'',4,'','Current:','','',2,2),
	(922,'45ee6795cc71842556561635bf492c7b',0,0,82,204,0,'FF',9,0.00,'',0,2,0,'',1,'','Average:','','',2,3),
	(923,'a6dd111f3707c1edfced1e863a0b2863',0,0,82,204,0,'FF',9,0.00,'',0,2,0,'',3,'','Maximum:','','on',2,4),
	(924,'9cdd05e6c17bcf64f01ac62b17adb841',0,0,82,205,20,'FF',4,0.00,'',0,2,0,'',1,'','Outbound','','',2,6),
	(925,'0815d1e2fa3bc3367fffca13a4638558',0,0,82,205,0,'FF',9,0.00,'',0,2,0,'',4,'','Current:','','',2,7),
	(926,'08e7588de9b5b7e24b4b2bdc86996fd2',0,0,82,205,0,'FF',9,0.00,'',0,2,0,'',1,'','Average:','','',2,8),
	(927,'d133777460cf0179ce4781faea513a0c',0,0,82,205,0,'FF',9,0.00,'',0,2,0,'',3,'','Maximum:','','on',2,9),
	(928,'3b9d815212c0502e7ae8d660e7f24c1f',0,0,82,0,1,'FF',3,0.00,'',0,0,0,'',1,'','','00:00','',2,10),
	(929,'588ee6f7e077a5f0b28380786e845198',0,0,83,199,21,'FF',5,0.00,'',0,0,0,'',1,'','Conn Rate','','',2,1),
	(930,'4df19139502504b8af4438e27a2f5be9',0,0,83,199,0,'FF',9,0.00,'',0,0,0,'',4,'','Current:','','',3,2),
	(931,'5fee8d004208bf65d87517f8ede8db76',0,0,83,199,0,'FF',9,0.00,'',0,0,0,'',1,'','Average:','','',2,3),
	(932,'d939f6b948dc10d17037d5192d55768f',0,0,83,199,0,'FF',9,0.00,'',0,0,0,'',3,'','Maximum:','','on',3,4),
	(933,'a113caf0a9d80e2faa5f69538440384a',0,0,83,0,1,'FF',3,0.00,'',0,0,0,'',1,'','','00:00','',2,5),
	(934,'04a5a1e16e79f40fc38b3fcb456d42b6',0,0,84,207,22,'FF',7,0.00,'',0,2,0,'',1,'','Inbound','','',2,1),
	(935,'ac577a466d53e4a1844349a5e3e9cab8',0,0,84,207,0,'FF',9,0.00,'',0,2,0,'',4,'','Current','','',2,2),
	(936,'cb159bc38f8e2bf8f8629e503fe879b1',0,0,84,207,0,'FF',9,0.00,'',0,2,0,'',1,'','Average','','',2,3),
	(937,'1698714821d2b1ea3ba7dc424aaa26ac',0,0,84,207,0,'FF',9,0.00,'',0,2,0,'',3,'','Maximum','','on',2,4),
	(938,'987ae6141fd00dddacdd7c6a31f91caf',0,0,84,206,20,'FF',4,0.00,'',0,2,0,'',1,'','Outbound','','',2,6),
	(939,'561ff7d144902d1281392ffd49f6b0d9',0,0,84,206,0,'FF',9,0.00,'',0,2,0,'',4,'','Current','','',2,7),
	(940,'5d744be933ae839310ffb6c97dd54c6f',0,0,84,206,0,'FF',9,0.00,'',0,2,0,'',1,'','Average','','',2,8),
	(941,'19dd33796fbb3708fd5aa2484684859a',0,0,84,206,0,'FF',9,0.00,'',0,2,0,'',3,'','Maximum','','on',2,9),
	(942,'1d921af73fbee05037a542e619f55f93',0,0,85,215,21,'FF',7,0.00,'',0,0,0,'',1,'','Resolutions:','','',3,1),
	(943,'fe77308b0d6ee42b15fbc5f6d32baea1',0,0,85,215,0,'FF',9,0.00,'',0,0,0,'',4,'','Current:','','',3,2),
	(944,'69cbe99145599f3f2b6198c8ea74ebb8',0,0,85,215,0,'FF',9,0.00,'',0,0,0,'',1,'','Average:','','',3,3),
	(945,'17e87022431ac23d9f11e29f04622df1',0,0,85,215,0,'FF',9,0.00,'',0,0,0,'',3,'','Max:','','on',3,4),
	(946,'e535b66b5bb0cd37a6a8c4a0798d9d1c',0,0,85,216,12,'FF',8,0.00,'',0,0,0,'',1,'','Persists:','','',3,5),
	(947,'9244e9080a1018ff0e60cc7508492ae1',0,0,85,216,0,'FF',9,0.00,'',0,0,0,'',4,'','Current:','','',3,6),
	(948,'6696ba534c408771ef2d3ca89c0c875e',0,0,85,216,0,'FF',9,0.00,'',0,0,0,'',1,'','Average:','','',3,7),
	(949,'10e5fa06f23339b39c84b77675faaaab',0,0,85,216,0,'FF',9,0.00,'',0,0,0,'',3,'','Max:','','on',3,8),
	(950,'f521805d7eaf6736c25e25ec0c31f4a7',0,0,85,208,9,'FF',8,0.00,'',0,0,0,'',1,'','Returns:','','',3,9),
	(951,'8a4545ad58f1c4bc6e7fa0ef8ab26754',0,0,85,208,0,'FF',9,0.00,'',0,0,0,'',4,'','Current:','','',3,10),
	(952,'c9a1654464a002d87f8a6747cde917f0',0,0,85,208,0,'FF',9,0.00,'',0,0,0,'',1,'','Average:','','',3,11),
	(953,'cc51e9df78956f56f4828c72826b9939',0,0,85,208,0,'FF',9,0.00,'',0,0,0,'',3,'','Max:','','on',3,12),
	(954,'fa4a0d8acc5bc8d316b02e7b8534182f',0,0,85,210,33,'FF',8,0.00,'',0,0,0,'',1,'','Drops:','','',3,13),
	(955,'198677df0753fba6e79e6dd51ff77b21',0,0,85,210,0,'FF',9,0.00,'',0,0,0,'',4,'','Current:','','',3,14),
	(956,'939a6d651cde6159e4297afc4fc7e679',0,0,85,210,0,'FF',9,0.00,'',0,0,0,'',1,'','Average:','','',3,15),
	(957,'60e9fb91b80db2a4ca7986767b0b0c6d',0,0,85,210,0,'FF',9,0.00,'',0,0,0,'',3,'','Max:','','on',3,16),
	(958,'7a7d00cceb18aeaab8fea787f1ea0ecf',0,0,85,214,1,'FF',4,0.00,'',0,0,0,'',1,'','Requests:','','',3,17),
	(959,'9f6ed9e3f021a95277167f47545c16db',0,0,85,214,0,'FF',9,0.00,'',0,0,0,'',4,'','Current:','','',3,18),
	(960,'96aa25b0a30b186f848998141827eb3f',0,0,85,214,0,'FF',9,0.00,'',0,0,0,'',1,'','Average:','','',3,19),
	(961,'591ac395d76eb11906953b67f328bc86',0,0,85,214,0,'FF',9,0.00,'',0,0,0,'',3,'','Max:','','on',3,20),
	(962,'6f5e55d614e07bb5f4fd806c54035e42',0,0,86,217,21,'FF',7,0.00,'',0,0,0,'',1,'','Preferred','','',2,1),
	(963,'99dca67c92bf9444f5f46d7a45bcfa18',0,0,86,217,0,'FF',9,0.00,'',0,0,0,'',4,'','Current:','','',2,2),
	(964,'ac1fd45e35c3a00adbd4324c5e7d51a5',0,0,86,217,0,'FF',9,0.00,'',0,0,0,'',1,'','Average:','','',2,3),
	(965,'1efa1b4a6ee117a4e0ce0f3da06c66ad',0,0,86,217,0,'FF',9,0.00,'',0,0,0,'',3,'','Maximum:','','on',2,4),
	(966,'32ddce5c3fa2eedb4a382f51053195de',0,0,86,218,12,'FF',8,0.00,'',0,0,0,'',1,'','Alternates','','',2,5),
	(967,'5d0a8e3518e707669e900c74ae142d23',0,0,86,218,0,'FF',9,0.00,'',0,0,0,'',4,'','Current:','','',2,6),
	(968,'dc173e75703aee4f3398383fc905f223',0,0,86,218,0,'FF',9,0.00,'',0,0,0,'',1,'','Average:','','',2,7),
	(969,'a255ca76d505325c71b1a82cc4d8ede1',0,0,86,218,0,'FF',9,0.00,'',0,0,0,'',3,'','Maximum:','','on',2,8),
	(970,'d6640532301a01f42ddc353181c8222e',0,0,86,220,9,'FF',8,0.00,'',0,0,0,'',1,'','Fallbacks','','',2,9),
	(971,'9985eac41be97e7ffcf956cb047aa9f8',0,0,86,220,0,'FF',9,0.00,'',0,0,0,'',4,'','Current:','','',2,10),
	(972,'64872299e51d8bf0d56bd508e44bc74a',0,0,86,220,0,'FF',9,0.00,'',0,0,0,'',1,'','Average:','','',2,11),
	(973,'597dc8b5c9f651bb5d8e795db9b0afb8',0,0,86,220,0,'FF',9,0.00,'',0,0,0,'',3,'','Maximum:','','on',2,12),
	(974,'96a39b3f88592baf23b1e4fbf8c07b22',0,0,86,219,33,'FF',8,0.00,'',0,0,0,'',1,'','Drops','','',2,13),
	(975,'db42c63f94bc704d3be3f5ccc209e176',0,0,86,219,0,'FF',9,0.00,'',0,0,0,'',4,'','Current:','','',2,14),
	(976,'5c840b71325f1f5ca47fa71c280e5317',0,0,86,219,0,'FF',9,0.00,'',0,0,0,'',1,'','Average:','','',2,15),
	(977,'f5dd6b0bc0cb529c2ad48de4a979bc81',0,0,86,219,0,'FF',9,0.00,'',0,0,0,'',3,'','Maximum:','','on',2,16),
	(978,'cb6b350bf8dc05bfb2aa7b071d7f59dd',0,0,86,221,1,'FF',8,0.00,'',0,0,0,'',1,'','Returns','','',2,17),
	(979,'da188685fe37c42e67dee3acdf287780',0,0,86,221,0,'FF',9,0.00,'',0,0,0,'',4,'','Current:','','',2,18),
	(980,'b72333e032392dff3e528f39b4d86121',0,0,86,221,0,'FF',9,0.00,'',0,0,0,'',1,'','Average:','','',2,19),
	(981,'3ccd2cf03f0a5db8a260d0f3b57fa017',0,0,86,221,0,'FF',9,0.00,'',0,0,0,'',3,'','Maximum:','','on',2,20),
	(982,'704af5866278067e76d1aac0d85ec141',0,0,87,222,94,'FF',7,0.00,'',0,0,0,'',1,'','Connections','','',2,1),
	(983,'b7eff3ed05bf22db6263d3c592682535',0,0,87,222,0,'FF',9,0.00,'',0,0,0,'',4,'','Current:','','',2,2),
	(984,'d3cc8298f7a98e28b5ccf4020a629e29',0,0,87,222,0,'FF',9,0.00,'',0,0,0,'',1,'','Average:','','',2,3),
	(985,'8e48c9e0283f97be2ecd4af7f66e7395',0,0,87,222,0,'FF',9,0.00,'',0,0,0,'',3,'','Maximum:','','on',2,4),
	(986,'58dc83f0a0115f48ca829e37e8d6bccf',0,0,87,222,1,'FF',3,0.00,'',0,0,0,'',1,'','','00:00','',2,5),
	(987,'ce01e9aa80b1695cac65ec8a48bda687',0,0,88,223,21,'FF',5,0.00,'',0,0,0,'',1,'','Conn Rate','','',2,1),
	(988,'7a9f2c43ac0657f15498dd1204e28834',0,0,88,223,0,'FF',9,0.00,'',0,0,0,'',4,'','Current:','','',2,2),
	(989,'f88a65dfedafd8ba64de23a3c387ddae',0,0,88,223,0,'FF',9,0.00,'',0,0,0,'',1,'','Average:','','',2,3),
	(990,'8c6dc7c3f97b86a021c5e3c5cb7302d1',0,0,88,223,0,'FF',9,0.00,'',0,0,0,'',3,'','Maximum:','','on',2,4),
	(991,'fbd282a4a536bf4c8d38d449b6da4141',0,0,88,0,1,'FF',3,0.00,'',0,0,0,'',1,'','','00:00','',2,5),
	(992,'79d0a44ad56b249a3f3b09c145f3629d',0,0,89,224,22,'FF',7,0.00,'',0,2,0,'',1,'','Inbound','','',2,1),
	(993,'022ffd86f2ec854b9d657d0175700c77',0,0,89,224,0,'FF',9,0.00,'',0,2,0,'',4,'','Current:','','',2,2),
	(994,'b7741b1a41915325a0f5d760ba55c951',0,0,89,224,0,'FF',9,0.00,'',0,2,0,'',1,'','Average:','','',2,3),
	(995,'454a0a1df6ece74f12876b67d72dab24',0,0,89,224,0,'FF',9,0.00,'',0,2,0,'',3,'','Maximum:','','on',2,4),
	(996,'9d3573d8d485b0c31f6fb9c8a0718450',0,0,89,225,20,'FF',4,0.00,'',0,2,0,'',1,'','Outbound','','',2,5),
	(997,'cbb3d4ec42510322bbd15d69ff4359a4',0,0,89,225,0,'FF',9,0.00,'',0,2,0,'',4,'','Current:','','',2,6),
	(998,'e4c6940558c1676f79a0eff6286d7437',0,0,89,225,0,'FF',9,0.00,'',0,2,0,'',1,'','Average:','','',2,7),
	(999,'e13dd655cf4f0bb8440c1e30673f4e3e',0,0,89,225,0,'FF',9,0.00,'',0,2,0,'',3,'','Maximum:','','on',2,8),
	(1000,'2e838b0f5ab73eceb445e631d4abda46',0,0,89,0,1,'FF',3,0.00,'',0,0,0,'',1,'','','00:00','',2,9),
	(1001,'bb7f4f4449923bdf7e80ee8b51dfb885',0,0,90,227,31,'FF',4,0.00,'',0,0,0,'',1,'','Drops In','','',2,1),
	(1002,'a34a1cd26f5dc1e3f760f3032bb599a8',0,0,90,227,0,'FF',9,0.00,'',0,0,0,'',4,'','Current:','','',2,2),
	(1003,'35f2aa4b6ec623e146b007bcb6367501',0,0,90,227,0,'FF',9,0.00,'',0,0,0,'',1,'','Average:','','',2,3),
	(1004,'56f7b974f0bed482307f9634276c8c26',0,0,90,227,0,'FF',9,0.00,'',0,0,0,'',3,'','Maximum:','','on',2,4),
	(1005,'06ce2d880f7c8d6d4f32be870a801c85',0,0,90,226,48,'FF',4,0.00,'',0,0,0,'',1,'','Errors In','','',2,5),
	(1006,'c4b7b953c929aca8e409ed4b00bdc779',0,0,90,226,0,'FF',9,0.00,'',0,0,0,'',4,'','Current:','','',2,6),
	(1007,'793982e97058621ad567180aad1aa624',0,0,90,226,0,'FF',9,0.00,'',0,0,0,'',1,'','Average:','','',2,7),
	(1008,'6dc73624f8ac832a8454984ee4a4fdd3',0,0,90,226,0,'FF',9,0.00,'',0,0,0,'',3,'','Maximum:','','on',2,8),
	(1009,'8dfc16d7858c1816cbba395fcb4e7d2c',0,0,90,228,81,'FF',4,0.00,'',0,0,0,'',1,'','Drops Out','','',2,9),
	(1010,'26cbcd8bc4057715a54c7a9eb2a0fe08',0,0,90,228,0,'FF',9,0.00,'',0,0,0,'',4,'','Current:','','',2,10),
	(1011,'9154e7f497a69bad9c731409e64b6bcf',0,0,90,228,0,'FF',9,0.00,'',0,0,0,'',1,'','Average:','','',2,11),
	(1012,'9125722e2c28b4dbc230f3b0a80ebbcc',0,0,90,228,0,'FF',9,0.00,'',0,0,0,'',3,'','Maximum:','','on',2,12),
	(1013,'dbdfa87872f7cf6814853f245815952d',0,0,90,229,21,'FF',4,0.00,'',0,0,0,'',1,'','Errors Out','','',2,13),
	(1014,'988821b15e0a871925ace24d855d7fae',0,0,90,229,0,'FF',9,0.00,'',0,0,0,'',4,'','Current:','','',2,14),
	(1015,'e33e504caa7263b5804a931ee8fbab2d',0,0,90,229,0,'FF',9,0.00,'',0,0,0,'',1,'','Average:','','',2,15),
	(1016,'7951197f1785a5e739e3ff5cb256daad',0,0,90,229,0,'FF',9,0.00,'',0,0,0,'',3,'','Maximum:','','on',2,16),
	(1017,'2f1fe2a424201ba2025b7756e8f9444b',0,0,90,230,93,'FF',4,0.00,'',0,0,0,'',1,'','Collisions','','',2,17),
	(1018,'1a63806c1993c177fbe8d734e835e422',0,0,90,230,0,'FF',9,0.00,'',0,0,0,'',4,'','Current:','','',2,18),
	(1019,'daf4e90e3b0c0d85d8d61a1239ce8487',0,0,90,230,0,'FF',9,0.00,'',0,0,0,'',1,'','Average:','','',2,19),
	(1020,'76873f39757cd05973c1a15137c58aa0',0,0,90,230,0,'FF',9,0.00,'',0,0,0,'',3,'','Maximum:','','',2,20),
	(1021,'68fd709932d038739268a02265b52ef8',0,0,91,207,22,'FF',7,0.00,'',0,2,0,'',1,'','Inbound','','',2,1),
	(1022,'2f320cd98493f8105f08937c1b222ba8',0,0,91,207,0,'FF',9,0.00,'',0,2,0,'',4,'','Current:','','',2,2),
	(1023,'5f6edf61246842d285c0857ff89e8bd8',0,0,91,207,0,'FF',9,0.00,'',0,2,0,'',1,'','Average:','','',2,3),
	(1024,'f5c4b4beef99988493a63962acf6d6da',0,0,91,207,0,'FF',9,0.00,'',0,2,0,'',3,'','Maximum:','','on',2,4),
	(1025,'2273baab4ec3e98d6090bcd659154942',0,0,91,206,20,'FF',4,0.00,'',0,2,0,'',1,'','Outbound','','',2,5),
	(1026,'f922c2670b25f2743ff1b957f1308255',0,0,91,206,0,'FF',9,0.00,'',0,2,0,'',4,'','Current:','','',2,6),
	(1027,'c672bb7cf5f92ae61d41ded7e8cd7f9e',0,0,91,206,0,'FF',9,0.00,'',0,2,0,'',1,'','Average:','','',2,7),
	(1028,'45961d1da4c2c097693eae30d36b371c',0,0,91,206,0,'FF',9,0.00,'',0,2,0,'',3,'','Maximum:','','on',2,8),
	(1029,'a4ccc3ef6debbac7cf6212b1e7026b89',0,0,92,231,446,'FF',7,0.00,'',0,0,0,'',1,'','Inbound','','',2,1),
	(1030,'40a47ccf8d595a7f9967425439395a84',0,0,92,231,0,'FF',9,0.00,'',0,0,0,'',4,'','Current:','','',2,12),
	(1031,'c892e6c0555fdfa5a83b3cab551826fa',0,0,92,231,0,'FF',9,0.00,'',0,0,0,'',1,'','Average:','','',2,13),
	(1032,'167b11a46ff1ae1f0dc707e537a6f633',0,0,92,231,0,'FF',9,0.00,'',0,0,0,'',3,'','Maximum:','','on',2,14),
	(1033,'2b03ba1f0308f7f166849175c6011023',0,0,92,232,76,'FF',4,0.00,'',0,0,0,'',1,'','Outbound','','',2,15),
	(1034,'527d4b3e75d0ac1f8a545f6e43a211f7',0,0,92,232,0,'FF',9,0.00,'',0,0,0,'',4,'','Current:','','',2,16),
	(1035,'73079f9277fa1f043f1022fd03cbb940',0,0,92,232,0,'FF',9,0.00,'',0,0,0,'',1,'','Average:','','',2,17),
	(1036,'f9c2ef3d1fdc1772399a789140f11b56',0,0,92,232,0,'FF',9,0.00,'',0,0,0,'',3,'','Maximum:','','on',2,18),
	(1037,'c96ebb24708270c0af8c0ddf045ea3a3',0,0,93,233,27,'FF',7,0.00,'',0,0,0,'',1,'','Inbound','','',2,1),
	(1038,'e898901df1193605eaca044d33cfefb1',0,0,93,233,0,'FF',9,0.00,'',0,0,0,'',4,'','Current:','','',2,15),
	(1039,'ef2d119e2b1ef51064c74d33cdcd0c44',0,0,93,233,0,'FF',9,0.00,'',0,0,0,'',1,'','Average:','','',2,16),
	(1040,'0feda78e836e56ecfe0de37ce0c60186',0,0,93,233,0,'FF',9,0.00,'',0,0,0,'',3,'','Maximum:','','on',2,17),
	(1041,'8d33ceac95945ce5f12f962416b6a7f9',0,0,93,234,76,'FF',4,0.00,'',0,0,0,'',1,'','Outbound','','',2,18),
	(1042,'728b06ab084a908cfb7e79f3e3ae7fbf',0,0,93,234,0,'FF',9,0.00,'',0,0,0,'',4,'','Current:','','',2,19),
	(1043,'8a99b71374f698eca548211d8f670238',0,0,93,234,0,'FF',9,0.00,'',0,0,0,'',1,'','Average:','','',2,20),
	(1044,'67b4bbccabc9909eec62b518f5903339',0,0,93,234,0,'FF',9,0.00,'',0,0,0,'',3,'','Maximum:','','on',2,21),
	(1045,'3a8929703eabedff8944b5629e53fd27',0,0,94,0,0,'FF',1,0.00,'',0,0,0,'',1,'','Traffic In:','','on',2,1),
	(1046,'0818dfca0c6aa40fd0b6af08a4ac42ae',0,0,94,203,22,'FF',7,0.00,'',0,2,0,'',1,'','Other','','',2,6),
	(1047,'f3c1c6730cd3816aff4f0c47a299f297',0,0,94,203,0,'FF',9,0.00,'',0,2,0,'',4,'','Current:','','',2,7),
	(1048,'5111951721ddbd3bf7b7fe782ec992e6',0,0,94,203,0,'FF',9,0.00,'',0,2,0,'',1,'','Average:','','',2,8),
	(1049,'fddb397f4b7aec01b0da73b6cbc1b906',0,0,94,203,0,'FF',9,0.00,'',0,2,0,'',3,'','Maximum:','','on',2,9),
	(1050,'0bfe86bd1262f47c0ffe36772e142469',0,0,94,0,92,'FF',8,0.00,'',0,2,0,'',1,'','Ephemeral','','',2,10),
	(1051,'d237b0697629ccd28a30b3d29a11316d',0,0,94,0,0,'FF',9,0.00,'',0,2,0,'',4,'','Current:','','',2,11),
	(1052,'cc94ffcdff393b1a166903b17b152f76',0,0,94,0,0,'FF',9,0.00,'',0,2,0,'',1,'','Average:','','',2,12),
	(1053,'fc3dc7b1b64f331543a814dd28b8060f',0,0,94,0,0,'FF',9,0.00,'',0,2,0,'',3,'','Maximum:','','on',2,13),
	(1054,'fc31203116ff66627218f9723dc75f01',0,0,94,201,89,'FF',8,0.00,'',0,2,0,'',1,'','PVA','','',2,14),
	(1055,'184c6f0ec7e451908327dbb54efcf4d1',0,0,94,201,0,'FF',9,0.00,'',0,2,0,'',4,'','Current:','','',2,15),
	(1056,'f7fce7e4173757195e8f6725d6edb239',0,0,94,201,0,'FF',9,0.00,'',0,2,0,'',1,'','Average:','','',2,16),
	(1057,'22ef9b2905b06ffd0e55ad19b00f70d2',0,0,94,201,0,'FF',9,0.00,'',0,2,0,'',3,'','Maximum:','','on',2,17),
	(1058,'b10b3217bfc66e91afac2ba02cd40e17',0,0,94,0,0,'FF',1,0.00,'',0,0,0,'',1,'','Traffic Out:','','on',2,18),
	(1059,'bdfef804bd5afacd48fc50f4a02fc03c',0,0,94,202,20,'FF',7,0.00,'',0,38,0,'',1,'','Other','','',2,19),
	(1060,'edcc357728f673fbb7a636136a3f828a',0,0,94,202,0,'FF',9,0.00,'',0,2,0,'',4,'','Current:','','',2,20),
	(1061,'e5fed13424b95762c57c941adc1564fd',0,0,94,202,0,'FF',9,0.00,'',0,2,0,'',1,'','Average:','','',2,21),
	(1062,'eef51eda1fea2966a0cb935202151a51',0,0,94,202,0,'FF',9,0.00,'',0,2,0,'',3,'','Maximum:','','on',2,22),
	(1063,'76ebc9ceae8ca57fd0c1bf17a7753491',0,0,94,0,67,'FF',8,0.00,'',0,38,0,'',1,'','Ephemeral','','',2,23),
	(1064,'0dffd3e1d6b879e0a19edb900f98da0d',0,0,94,0,0,'FF',9,0.00,'',0,2,0,'',4,'','Current:','','',2,24),
	(1065,'720a10d9fce3f19afee4c76b1153e83d',0,0,94,0,0,'FF',9,0.00,'',0,2,0,'',1,'','Average:','','',2,25),
	(1066,'a3f5b14b1f8a1a0e6a20baee7828d63c',0,0,94,0,0,'FF',9,0.00,'',0,2,0,'',3,'','Maximum:','','on',2,26),
	(1067,'2ba23a899d6754bde23b98e3b6bde6e8',0,0,94,200,7,'FF',8,0.00,'',0,38,0,'',1,'','PVA','','',2,27),
	(1068,'a1958fea4dff0d9ce56dd9b126dc49e9',0,0,94,200,0,'FF',9,0.00,'',0,2,0,'',4,'','Current:','','',2,28),
	(1069,'ecc8d0cf1fef5681c57c88fedbc2b59d',0,0,94,200,0,'FF',9,0.00,'',0,2,0,'',1,'','Average:','','',2,29),
	(1070,'71c0f8e7a8fca7071c5863966e6faa67',0,0,94,200,0,'FF',9,0.00,'',0,2,0,'',3,'','Maximum:','','on',2,30),
	(1071,'27d1d66786130f38ecedbd5b17d59d43',0,0,94,0,9,'FF',2,0.00,'',0,0,0,'',4,'','','0','',3,31),
	(1072,'40aa7389f29a35bc76f33c7bd52f6158',0,0,95,240,0,'FF',1,0.00,'',0,0,0,'',1,'','Packets In:','','on',2,1),
	(1073,'2cce8ef0d8826885a890e584eea1dac2',0,0,95,237,76,'FF',7,0.00,'',0,0,0,'',1,'','Other','','',2,12),
	(1074,'80428f9a20d42b1e7edd87cbb4db7484',0,0,95,237,0,'FF',9,0.00,'',0,0,0,'',4,'','Current:','','',2,13),
	(1075,'3ccc1a3a5838b1371b263fa846cc36a8',0,0,95,237,0,'FF',9,0.00,'',0,0,0,'',1,'','Average:','','',2,14),
	(1076,'7862afa63d781accd49fd400a4d9704f',0,0,95,237,0,'FF',9,0.00,'',0,0,0,'',3,'','Maximum:','','on',2,15),
	(1077,'3bb1fdfe432d39137ab4cc3470df26de',0,0,95,235,212,'FF',8,0.00,'',0,0,0,'',1,'','Ephemeral','','',2,16),
	(1078,'7397324f1d2b35cd7b3170630d55dae4',0,0,95,235,0,'FF',9,0.00,'',0,0,0,'',4,'','Current:','','',2,17),
	(1079,'f5d210967cc7fabbe02a095553232129',0,0,95,235,0,'FF',9,0.00,'',0,0,0,'',1,'','Average:','','',2,18),
	(1080,'d38f2c570e54fa399f6b8b48de75a1a8',0,0,95,235,0,'FF',9,0.00,'',0,0,0,'',3,'','Maximum:','','on',2,19),
	(1081,'78601b4d7d4d0d87635c0595f6a3cc2f',0,0,95,239,81,'FF',8,0.00,'',0,0,0,'',1,'','PVA','','',2,20),
	(1082,'057d1c5e3f7a952cc5d0e548d625c26e',0,0,95,239,0,'FF',9,0.00,'',0,0,0,'',4,'','Current:','','',2,21),
	(1083,'e6fe67c3c48f3de7c2e9503f6c410d9e',0,0,95,239,0,'FF',9,0.00,'',0,0,0,'',1,'','Average:','','',2,22),
	(1084,'da6e6fb9bd2b57b8777c254edb795ebe',0,0,95,239,0,'FF',9,0.00,'',0,0,0,'',3,'','Maximum:','','on',2,23),
	(1085,'71afe8731fddca5875bc7e8cea471c85',0,0,95,240,0,'FF',1,0.00,'',0,0,0,'',1,'','Packets Out:','','on',2,24),
	(1086,'580a5836684ac28e3a3d1f4e2756cfe0',0,0,95,238,446,'FF',7,0.00,'',0,3,0,'',1,'','Other','','',2,25),
	(1087,'a42dfbb21892c027ff504308cc25d295',0,0,95,238,0,'FF',9,0.00,'',0,0,0,'',4,'','Current:','','',2,26),
	(1088,'9d7a14516ddd494a9ce04a3dd71dbe0d',0,0,95,238,0,'FF',9,0.00,'',0,0,0,'',1,'','Average:','','',2,27),
	(1089,'79b90d9cf08dc7df98368f3f3db33d2a',0,0,95,238,0,'FF',9,0.00,'',0,0,0,'',3,'','Maximum:','','on',2,28),
	(1090,'ce5bbd3fdd442a1cc3c3d67e40d86a32',0,0,95,236,27,'FF',8,0.00,'',0,3,0,'',1,'','Ephemeral','','',2,29),
	(1091,'5f82333ca66232a44b573e5164d49f22',0,0,95,236,0,'FF',9,0.00,'',0,0,0,'',4,'','Current:','','',2,30),
	(1092,'de5258d11a191ffff5a884a2cb445b40',0,0,95,236,0,'FF',9,0.00,'',0,0,0,'',1,'','Average:','','',2,31),
	(1093,'bd9e3da729c6a4f20083eca7001143a6',0,0,95,236,0,'FF',9,0.00,'',0,0,0,'',3,'','Maximum:','','on',2,32),
	(1094,'6cb2153c1b32c528fcb53c9f48634534',0,0,95,240,26,'FF',8,0.00,'',0,3,0,'',1,'','PVA','','',2,33),
	(1095,'80dcae9f5b54af1a680917c15ae076ca',0,0,95,240,0,'FF',9,0.00,'',0,0,0,'',4,'','Current:','','',2,34),
	(1096,'3922bcd7fb37818c62e98dac7ae73f77',0,0,95,240,0,'FF',9,0.00,'',0,0,0,'',1,'','Average:','','',2,35),
	(1097,'bc3ea9a7190caf45b4095ad2577f2f80',0,0,95,240,0,'FF',9,0.00,'',0,0,0,'',3,'','Maximum:','','on',2,36),
	(1098,'90a35d8a62903228a3278b8b27dafc4e',0,0,95,240,9,'FF',2,0.00,'',0,0,0,'',4,'','','0','',3,37),
	(1099,'d73fc94f6b6f6a7928376f6dee671637',0,0,96,241,40,'FF',7,0.00,'',0,0,0,'',1,'','Other','','',3,1),
	(1100,'a8702025d5b83d09396a8b2a14d9d821',0,0,96,241,0,'FF',9,0.00,'',0,0,0,'',4,'','Current:','','',3,5),
	(1101,'5daf73f88bf7df7eb2aa5fee249b2549',0,0,96,241,0,'FF',9,0.00,'',0,0,0,'',1,'','Average:','','',2,6),
	(1102,'1572692c46abf4f7aceb310934467f26',0,0,96,241,0,'FF',9,0.00,'',0,0,0,'',3,'','Maximum:','','on',2,7),
	(1103,'3fc17d695aa9e86d93022ff208283114',0,0,96,242,34,'FF',8,0.00,'',0,0,0,'',1,'','Ephemeral','','',3,8),
	(1104,'5387951681f4d80ab7aa81163dbac601',0,0,96,242,0,'FF',9,0.00,'',0,0,0,'',4,'','Current:','','',3,9),
	(1105,'d4615fd48d2da80031e7c81f4e084a89',0,0,96,242,0,'FF',9,0.00,'',0,0,0,'',1,'','Average:','','',2,10),
	(1106,'f3d2f18a12738dff2eb510c9e6f6879a',0,0,96,242,0,'FF',9,0.00,'',0,0,0,'',3,'','Maximum:','','on',2,11),
	(1107,'bd70964bac455a969a8ae1bdd273f356',0,0,96,243,447,'FF',8,0.00,'',0,0,0,'',1,'','PVA','','',3,12),
	(1108,'1bbb23fa83bda6fc982e9b69fb61481e',0,0,96,243,0,'FF',9,0.00,'',0,0,0,'',4,'','Current:','','',3,13),
	(1109,'41a64101221ca92d5d7036c3661b9b53',0,0,96,243,0,'FF',9,0.00,'',0,0,0,'',1,'','Average:','','',2,14),
	(1110,'4688bd10ff85a67112e8092b5f7f4610',0,0,96,243,0,'FF',9,0.00,'',0,0,0,'',3,'','Maximum:','','on',2,15),
	(1111,'e302d6e8707cb270207a83b23f8d83c3',0,0,97,244,40,'FF',7,0.00,'',0,0,0,'',1,'','Other','','',3,1),
	(1112,'ecc49409bb3de3945b10e48495d2e198',0,0,97,244,0,'FF',9,0.00,'',0,0,0,'',4,'','Current:','','',3,5),
	(1113,'b5bbcf0d583889394a619b82158f3b20',0,0,97,244,0,'FF',9,0.00,'',0,0,0,'',1,'','Average:','','',2,6),
	(1114,'a14938c16523509b74c36b30581049ed',0,0,97,244,0,'FF',9,0.00,'',0,0,0,'',3,'','Maximum:','','on',2,7),
	(1115,'678aca972c3040670d93878f09f6068c',0,0,97,245,447,'FF',8,0.00,'',0,0,0,'',1,'','PVA','','',3,12),
	(1116,'c7977af561a263c94ee318eec1950228',0,0,97,245,0,'FF',9,0.00,'',0,0,0,'',4,'','Current:','','',3,13),
	(1117,'ca6ca36f45e6bf8451790051372eb023',0,0,97,245,0,'FF',9,0.00,'',0,0,0,'',1,'','Average:','','',2,14),
	(1118,'ade22406005423620fa3aeee5916f16d',0,0,97,245,0,'FF',9,0.00,'',0,0,0,'',3,'','Maximum:','','on',2,15),
	(1119,'7ad023f708f0946c32cbbdd079de3d6a',0,0,98,247,34,'FF',7,0.00,'',0,0,0,'',1,'','Other','','',2,1),
	(1120,'ab8354738e419828b62257238bf9556a',0,0,98,247,0,'FF',9,0.00,'',0,0,0,'',4,'','Current:','','',2,9),
	(1121,'5fc5eb0aaeec7a7ac8838e14d5d4a402',0,0,98,247,0,'FF',9,0.00,'',0,0,0,'',1,'','Average:','','',2,10),
	(1122,'e6b4c829e7fce76b4c7a019575dd7530',0,0,98,247,0,'FF',9,0.00,'',0,0,0,'',3,'','Maximum:','','on',2,11),
	(1123,'dbcaea600849ef49b861b00a88c91b58',0,0,98,246,15,'FF',8,0.00,'',0,0,0,'',1,'','PVA','','',3,12),
	(1124,'3d56e0211d472635de354a9928493909',0,0,98,246,0,'FF',9,0.00,'',0,0,0,'',4,'','Current:','','',2,13),
	(1125,'19166a02471d9fdecd35a3adcfaa4d74',0,0,98,246,0,'FF',9,0.00,'',0,0,0,'',1,'','Average:','','',2,14),
	(1126,'76fec00b01e1ed57ce897c8bafd11925',0,0,98,246,0,'FF',9,0.00,'',0,0,0,'',3,'','Maximum:','','on',2,15),
	(1127,'53b46649251e6c6d54ac17d95f3ddbb1',0,0,99,0,0,'FF',1,0.00,'',0,0,0,'',1,'','Packets Out:','','on',2,1),
	(1128,'4614099575acc81a2e87ad716b86dab5',0,0,99,251,76,'FF',7,0.00,'',0,0,0,'',1,'','Other','','',2,2),
	(1129,'24cde6b73bb061ffa2a4892de7aa150c',0,0,99,251,0,'FF',9,0.00,'',0,0,0,'',4,'','Current:','','',2,3),
	(1130,'e9327e0a35ff23b97513f5de968be7a3',0,0,99,251,0,'FF',9,0.00,'',0,0,0,'',1,'','Average:','','',2,4),
	(1131,'2cac9aeacb6f2eb0eea4e6b9652b0592',0,0,99,251,0,'FF',9,0.00,'',0,0,0,'',3,'','Maximum:','','on',2,5),
	(1132,'6ac8690701b6c228915104465176e9f6',0,0,99,250,212,'FF',8,0.00,'',0,0,0,'',1,'','PVA','','',2,6),
	(1133,'e36b741d9938ce2f7736a33525a5e9b6',0,0,99,250,0,'FF',9,0.00,'',0,0,0,'',4,'','Current:','','',2,7),
	(1134,'841db5607028f094b5526efea3e00f9f',0,0,99,250,0,'FF',9,0.00,'',0,0,0,'',1,'','Average:','','',2,8),
	(1135,'94a20374c9a94a3cb19b767d3df5a2f3',0,0,99,250,0,'FF',9,0.00,'',0,0,0,'',3,'','Maximum:','','on',2,9),
	(1136,'6859c7762b7916d12553de851c8386b6',0,0,99,0,0,'FF',1,0.00,'',0,0,0,'',1,'','Packets In:','','on',2,10),
	(1137,'aaaffb3260b0a24bc51e95ca346ced1a',0,0,99,249,446,'FF',7,0.00,'',0,3,0,'',1,'','Other','','',2,11),
	(1138,'2a52021ce099d4a59b5511a5bb44a67b',0,0,99,249,0,'FF',9,0.00,'',0,0,0,'',4,'','Current:','','',2,12),
	(1139,'39ae980b66feb1443c4df2566ef7d7aa',0,0,99,249,0,'FF',9,0.00,'',0,0,0,'',1,'','Average:','','',2,13),
	(1140,'1da410e285a7b313adc0b550af2fba08',0,0,99,249,0,'FF',9,0.00,'',0,0,0,'',3,'','Maximum:','','on',2,14),
	(1141,'c396538d9e5ac569a4b3669b82b43236',0,0,99,248,27,'FF',8,0.00,'',0,3,0,'',1,'','PVA','','',2,15),
	(1142,'536a881697199c50440f426c6c456d17',0,0,99,248,0,'FF',9,0.00,'',0,0,0,'',4,'','Current:','','',2,16),
	(1143,'f45bd72a35842b7924a04c75c6faaa6a',0,0,99,248,0,'FF',9,0.00,'',0,0,0,'',1,'','Average:','','',2,17),
	(1144,'02d44dee9b01f3b3e8dc6a969232fcd3',0,0,99,248,0,'FF',9,0.00,'',0,0,0,'',3,'','Maximum:','','on',2,18),
	(1145,'98c4fa501bb994364a1bf8a31cdf0b85',0,0,99,0,9,'FF',2,0.00,'',0,0,0,'',4,'','','0','',3,19),
	(1146,'f6adebbc43d7190ef21e4558f19912f6',0,0,100,0,0,'FF',1,0.00,'',0,0,0,'',1,'','Traffic In:','','on',2,1),
	(1147,'c47ad772aa56a4afd77f3acd2049afb6',0,0,100,255,22,'FF',7,0.00,'',0,2,0,'',1,'','Other','','',2,6),
	(1148,'43b2965d7c28ff7930256e80281609e2',0,0,100,255,0,'FF',9,0.00,'',0,2,0,'',4,'','Current:','','',2,7),
	(1149,'1b5a654d78c034ebd5a27e38c202bc24',0,0,100,255,0,'FF',9,0.00,'',0,2,0,'',1,'','Average:','','',2,8),
	(1150,'9ab01f3816edaaf7a51d66b7f662e67c',0,0,100,255,0,'FF',9,0.00,'',0,2,0,'',3,'','Maximum:','','on',2,9),
	(1151,'f45cd244fc0bec9d50f6563042c4eea2',0,0,100,253,89,'FF',8,0.00,'',0,2,0,'',1,'','PVA','','',2,14),
	(1152,'ffe4fe7ef5b02451840716bc53e8e42c',0,0,100,253,0,'FF',9,0.00,'',0,2,0,'',4,'','Current:','','',2,15),
	(1153,'e1da041d87b8facab520c15acc2d2973',0,0,100,253,0,'FF',9,0.00,'',0,2,0,'',1,'','Average:','','',2,16),
	(1154,'6ec8c0e8e7992f17cd12e859de21f491',0,0,100,253,0,'FF',9,0.00,'',0,2,0,'',3,'','Maximum:','','on',2,17),
	(1155,'47817d833fdc9515d5659b0fdff1abaf',0,0,100,0,0,'FF',1,0.00,'',0,0,0,'',1,'','Traffic Out:','','on',2,18),
	(1156,'90477c7b0a2201b54f13509b1d30eb98',0,0,100,254,20,'FF',7,0.00,'',0,38,0,'',1,'','Other','','',2,19),
	(1157,'387f30af4d45144193884fbd2b315163',0,0,100,254,0,'FF',9,0.00,'',0,2,0,'',4,'','Current:','','',2,20),
	(1158,'7fd6d601c3936ef673f637d839797766',0,0,100,254,0,'FF',9,0.00,'',0,2,0,'',1,'','Average:','','',2,21),
	(1159,'e844e7fd24b160a99fe4057ded0c27bf',0,0,100,254,0,'FF',9,0.00,'',0,2,0,'',3,'','Maximum:','','on',2,22),
	(1160,'401d3ea2fbb13e32f69cb75d9c72265e',0,0,100,252,7,'FF',8,0.00,'',0,38,0,'',1,'','PVA','','',2,27),
	(1161,'1888b2dee45cb4e390c9acdbe96a744e',0,0,100,252,0,'FF',9,0.00,'',0,2,0,'',4,'','Current:','','',2,28),
	(1162,'49fd847b55316a6efc6413c26283eb87',0,0,100,252,0,'FF',9,0.00,'',0,2,0,'',1,'','Average:','','',2,29),
	(1163,'df2525a0af911fe69882ae1ded4a6f41',0,0,100,252,0,'FF',9,0.00,'',0,2,0,'',3,'','Maximum:','','on',2,30),
	(1164,'da68684c18b35405495a2379bb643c68',0,0,100,0,9,'FF',2,0.00,'',0,0,0,'',4,'','','0','',3,31),
	(1165,'acea923a53ae15a0b8c97d5ff798f5eb',0,0,101,256,34,'FF',7,0.00,'',0,0,0,'',1,'','Other','','',2,1),
	(1166,'fcdbe4eb47decf7e6749a596b12ca7bc',0,0,101,256,0,'FF',9,0.00,'',0,0,0,'',4,'','Current:','','',2,9),
	(1167,'b06a569da66692b6867e740a4b496104',0,0,101,256,0,'FF',9,0.00,'',0,0,0,'',1,'','Average:','','',2,10),
	(1168,'5086f5fe80dc230b1e216bcaa9462097',0,0,101,256,0,'FF',9,0.00,'',0,0,0,'',3,'','Maximum:','','on',2,11),
	(1169,'6fabff977df990819e3c5107bd7aa37c',0,0,101,257,15,'FF',8,0.00,'',0,0,0,'',1,'','PVA','','',3,12),
	(1170,'96a9ad7c8b2feb2a9e640680aa871a1f',0,0,101,257,0,'FF',9,0.00,'',0,0,0,'',4,'','Current:','','',2,13),
	(1171,'1ac5113746c4d62ff5649eb7bdf9f1f7',0,0,101,257,0,'FF',9,0.00,'',0,0,0,'',1,'','Average:','','',2,14),
	(1172,'7dc70641cc887af14ec6b6fb8dd2067d',0,0,101,257,0,'FF',9,0.00,'',0,0,0,'',3,'','Maximum:','','on',2,15),
	(1173,'07097e21c59641abb4637a1c82cc5a65',0,0,102,259,40,'FF',7,0.00,'',0,0,0,'',1,'','Other','','',3,1),
	(1174,'e9c827e87c01c15aca2709e087c3a36d',0,0,102,259,0,'FF',9,0.00,'',0,0,0,'',4,'','Current:','','',3,5),
	(1175,'336a5af3743d1fd2b808c928c6697bc2',0,0,102,259,0,'FF',9,0.00,'',0,0,0,'',1,'','Average:','','',2,6),
	(1176,'1a3a74cd7976aec9fc38609fa805257d',0,0,102,259,0,'FF',9,0.00,'',0,0,0,'',3,'','Maximum:','','on',2,7),
	(1177,'6001c947bda2d0877b647f03a1ff3e98',0,0,102,258,447,'FF',8,0.00,'',0,0,0,'',1,'','PVA','','',3,12),
	(1178,'70196983fc9e0cc01a4c12d084a3d479',0,0,102,258,0,'FF',9,0.00,'',0,0,0,'',4,'','Current:','','',3,13),
	(1179,'99f642dae6f231e48a1e04c5be467c05',0,0,102,258,0,'FF',9,0.00,'',0,0,0,'',1,'','Average:','','',2,14),
	(1180,'601ff96a5b08d4dded1b65883f0a04dd',0,0,102,258,0,'FF',9,0.00,'',0,0,0,'',3,'','Maximum:','','on',2,15),
	(1181,'028319f8368414c33ddb62a0b482f6eb',0,0,103,0,0,'FF',1,0.00,'',0,0,0,'',1,'','Packets In:','','on',2,1),
	(1182,'8590112d58b7ddc16811cec5cbdb8b9b',0,0,103,262,446,'FF',7,0.00,'',0,0,0,'',1,'','Other','','',2,12),
	(1183,'46c0be186247ad9cdd9f35f7f29d751d',0,0,103,262,0,'FF',9,0.00,'',0,0,0,'',4,'','Current:','','',2,13),
	(1184,'c1656c1ad17f0eac0301a1ce2d0243d7',0,0,103,262,0,'FF',9,0.00,'',0,0,0,'',1,'','Average:','','',2,14),
	(1185,'9c75d6e53041c00959c5ddfd96af4bca',0,0,103,262,0,'FF',9,0.00,'',0,0,0,'',3,'','Maximum:','','on',2,15),
	(1186,'8b69c3943c51a4f52a25013e27a0b3ab',0,0,103,263,27,'FF',8,0.00,'',0,0,0,'',1,'','PVA','','',2,20),
	(1187,'d2e22b338ea0125a43686934c0467b1e',0,0,103,263,0,'FF',9,0.00,'',0,0,0,'',4,'','Current:','','',2,21),
	(1188,'8322733f1ad456e07dbb99925a4dccde',0,0,103,263,0,'FF',9,0.00,'',0,0,0,'',1,'','Average:','','',2,22),
	(1189,'35bcf266a3b9756060437f37bb424adc',0,0,103,263,0,'FF',9,0.00,'',0,0,0,'',3,'','Maximum:','','on',2,23),
	(1190,'d0e55f2d87aed481d93c234449836ad5',0,0,103,0,0,'FF',1,0.00,'',0,0,0,'',1,'','Packets Out:','','on',2,24),
	(1191,'19f6ea4688351c606b05642a7a20e664',0,0,103,260,76,'FF',7,0.00,'',0,3,0,'',1,'','Other','','',2,25),
	(1192,'128e4aafe4f32356b2f8c1ebc3261dfd',0,0,103,260,0,'FF',9,0.00,'',0,0,0,'',4,'','Current:','','',2,26),
	(1193,'2663169aa243d333bd1f85c0ee53f1fa',0,0,103,260,0,'FF',9,0.00,'',0,0,0,'',1,'','Average:','','',2,27),
	(1194,'6c0998c4342e55aab667a4f361e0968c',0,0,103,260,0,'FF',9,0.00,'',0,0,0,'',3,'','Maximum:','','on',2,28),
	(1195,'08de23c4c2628ef26142f18da4eb185d',0,0,103,261,212,'FF',8,0.00,'',0,3,0,'',1,'','PVA','','',2,33),
	(1196,'3482ddb71ef73539263bb0231cdb586a',0,0,103,261,0,'FF',9,0.00,'',0,0,0,'',4,'','Current:','','',2,34),
	(1197,'55f2f0205993c7e1bb9251684b17a8d6',0,0,103,261,0,'FF',9,0.00,'',0,0,0,'',1,'','Average:','','',2,35),
	(1198,'89b95d9539c02f08c9acc8f24bc1fa23',0,0,103,261,0,'FF',9,0.00,'',0,0,0,'',3,'','Maximum:','','on',2,36),
	(1199,'2277968b9718acc80d3b86736764cba8',0,0,103,0,9,'FF',2,0.00,'',0,0,0,'',4,'','','0','',3,37),
	(1200,'e542cf5a81b45f0487e7c2a3c7de95fb',0,0,104,0,0,'FF',1,0.00,'',0,0,0,'',1,'','Traffic In:','','on',2,1),
	(1201,'40a6dfa12efe1d834f6353124709bac5',0,0,104,264,22,'FF',7,0.00,'',0,2,0,'',1,'','Other','','',2,6),
	(1202,'625955ed790265ef134ac3e4e4e4f135',0,0,104,264,0,'FF',9,0.00,'',0,2,0,'',4,'','Current:','','',2,7),
	(1203,'b1f75dc1bdbd42673a65a097b240bdfc',0,0,104,264,0,'FF',9,0.00,'',0,2,0,'',1,'','Average:','','',2,8),
	(1204,'5deed54fb5481e1a492a4ad1b682a64d',0,0,104,264,0,'FF',9,0.00,'',0,2,0,'',3,'','Maximum:','','on',2,9),
	(1205,'eccdb3696d20d76cbce8dec1bd05dd97',0,0,104,267,89,'FF',8,0.00,'',0,2,0,'',1,'','PVA','','',2,14),
	(1206,'bd86dc8ca33bff894fd1402171dd96c9',0,0,104,267,0,'FF',9,0.00,'',0,2,0,'',4,'','Current:','','',2,15),
	(1207,'7813840793f62e934cb80ccfbb1b7a1c',0,0,104,267,0,'FF',9,0.00,'',0,2,0,'',1,'','Average:','','',2,16),
	(1208,'6d25995ec4c1fb687886a980b47b560f',0,0,104,267,0,'FF',9,0.00,'',0,2,0,'',3,'','Maximum:','','on',2,17),
	(1209,'8be280ed9883d90b6c638174f04243b7',0,0,104,0,0,'FF',1,0.00,'',0,0,0,'',1,'','Traffic Out:','','on',2,18),
	(1210,'a9520df54c124ce34fadcb75925f8a6f',0,0,104,265,20,'FF',7,0.00,'',0,38,0,'',1,'','Other','','',2,19),
	(1211,'efa552571883ec7030d218ae11cd3953',0,0,104,265,0,'FF',9,0.00,'',0,2,0,'',4,'','Current:','','',2,20),
	(1212,'27794f5c57c9a80d9b5257e89972bc25',0,0,104,265,0,'FF',9,0.00,'',0,2,0,'',1,'','Average:','','',2,21),
	(1213,'9656aa1f23e2d61d35059bb89be6f20e',0,0,104,265,0,'FF',9,0.00,'',0,2,0,'',3,'','Maximum:','','on',2,22),
	(1214,'90fa723821a3b266e728d8060b8ee5a4',0,0,104,266,7,'FF',8,0.00,'',0,38,0,'',1,'','PVA','','',2,27),
	(1215,'5a36caf3fa43cfaab6bcfcfc38877332',0,0,104,266,0,'FF',9,0.00,'',0,2,0,'',4,'','Current:','','',2,28),
	(1216,'249a1f159c92c6303262c932b3cbd9dd',0,0,104,266,0,'FF',9,0.00,'',0,2,0,'',1,'','Average:','','',2,29),
	(1217,'50609847c462bdcaa56a8699c8e3ebbb',0,0,104,266,0,'FF',9,0.00,'',0,2,0,'',3,'','Maximum:','','on',2,30),
	(1218,'55d14fa36c3628f03923b67716875291',0,0,104,0,9,'FF',2,0.00,'',0,0,0,'',4,'','','0','',3,31),
	(1219,'a7b0b31be6b0783814c3bb15b9d3ebc0',0,0,105,268,27,'CC',7,0.00,'',0,0,0,'',1,'','','','',2,1),
	(1220,'877f605d5c5b186e889ffd48a2439cf3',0,0,105,268,0,'FF',1,0.00,'',0,0,0,'',1,'','Number of topology changes:','','on',2,2),
	(1221,'b275dcfb6da7b9cfd61c5682f16906e0',0,0,105,268,440,'FF',4,0.00,'',0,0,0,'',1,'','Count','','',2,3),
	(1222,'abd77c9edce52ca5e89b56579bc7cfdf',0,0,105,268,0,'FF',9,0.00,'',0,0,0,'',4,'','Current:','','',3,4),
	(1223,'844b3f1e652ff0545e380d4c8bd9d56b',0,0,105,268,0,'FF',9,0.00,'',0,0,0,'',1,'','Average:','','',3,5),
	(1224,'ca9b774ca57770ad5936bb6802d13ed2',0,0,105,268,0,'FF',9,0.00,'',0,0,0,'',3,'','Maximum:','','on',3,6),
	(1225,'df04d5537fa10ff5b3dba269c29c279e',0,0,106,269,43,'99',7,0.00,'',0,40,0,'',1,'','','','',2,1),
	(1226,'db7e7d8b1635b2513a2ef7c9564a90e1',0,0,106,269,0,'FF',1,0.00,'',0,0,0,'',1,'','Time since last topology change:','','on',2,2),
	(1227,'707994217f99ff8a2c42b07a85e38590',0,0,106,269,440,'FF',4,0.00,'',0,40,0,'',1,'','Seconds','','',2,3),
	(1228,'bdf20425becc423b14f56c34ec0d3623',0,0,106,269,0,'FF',9,0.00,'',0,40,0,'',4,'','Current:','','',3,4),
	(1229,'3ab184ff2ed177ad416a621e2a3b1f96',0,0,106,269,0,'FF',9,0.00,'',0,40,0,'',1,'','Average:','','',3,5),
	(1230,'9eedc67bde6bff62425da13692703141',0,0,106,269,0,'FF',9,0.00,'',0,40,0,'',3,'','Maximum:','','on',3,6),
	(1231,'48fa6c7523ba01442db514492b6a03a2',0,0,107,271,101,'FF',7,0.00,'',0,0,0,'',1,'','Current Sessions','','',3,1),
	(1232,'1f16f5c2ea8c9606df00886e36b14d6a',0,0,107,271,0,'FF',9,0.00,'',0,0,0,'',4,'','Current:','','',3,2),
	(1233,'0c3c3d39c5f89ceb01df5d4f238fc744',0,0,107,271,0,'FF',9,0.00,'',0,0,0,'',1,'','Average:','','',3,3),
	(1234,'75d15ad5e8f8ab9bf37460b1ff7c8a7d',0,0,107,271,0,'FF',9,0.00,'',0,0,0,'',3,'','Maximum:','','on',3,4),
	(1235,'66cd652b041b3e21b08259ee2ac44c7d',0,0,107,271,1,'FF',4,0.00,'',0,0,0,'',1,'','','','',2,5),
	(1236,'f02a2a42b5076d7ebb8e86f75dcfe11d',0,0,107,270,9,'FF',4,0.00,'',0,0,0,'',1,'','Max Sessions','','',3,6),
	(1237,'e7f745e090d53497fff56cad7ae23bac',0,0,107,270,0,'FF',9,0.00,'',0,0,0,'',1,'','Current:','','on',3,7),
	(1238,'9e5aa325aa9dc513b921708f821299ed',0,0,108,272,17,'FF',4,0.00,'',0,0,0,'',1,'','Sessions','','',2,1),
	(1239,'dbe2296401860ffd0ab2bd0cad947070',0,0,108,272,0,'FF',9,0.00,'',0,0,0,'',4,'','Current:','','',3,2),
	(1240,'3ca4db8c6fd2336e10c446631f34295d',0,0,108,272,0,'FF',9,0.00,'',0,0,0,'',1,'','Average:','','',3,3),
	(1241,'7bb217d18d1b92f859d19904222ec52d',0,0,108,272,0,'FF',9,0.00,'',0,0,0,'',3,'','Maximum:','','on',3,4),
	(1242,'e807dad268fcea0759139b55102c261f',0,0,108,272,17,'33',7,0.00,'',0,0,0,'',1,'','','','',2,5),
	(1243,'b02becd1e4e0d57029af585df1724946',0,0,109,0,0,'FF',1,0.00,'',0,0,0,'',1,'','from-zone |query_FromZone| to-zone |query_ToZone| policy |query_PolicyName| ','','on',2,1),
	(1244,'08c8323a49757f57735408ad75a9c177',0,0,109,0,0,'FF',1,0.00,'',0,0,0,'',1,'','','','on',2,2),
	(1245,'b85b4b2af10eb8cb4084ec0814d34dad',0,0,109,273,91,'7F',7,0.00,'',0,2,0,'',1,'','Inbound','','',2,3),
	(1246,'2c8bd8310b703c3f4e75646eadc19770',0,0,109,273,0,'FF',9,0.00,'',0,2,0,'',4,'','Current:','','',2,4),
	(1247,'9a0abfc9acc39b606025d67255b7210d',0,0,109,273,0,'FF',9,0.00,'',0,2,0,'',1,'','Average:','','',2,5),
	(1248,'734598ad69a4bc8739a98a94fed4064c',0,0,109,273,0,'FF',9,0.00,'',0,2,0,'',3,'','Maximum:','','on',2,6),
	(1249,'f1657b41b37cddc74ce6f2f683e3b93c',0,0,109,273,17,'FF',4,0.00,'',0,2,0,'',1,'','','','',2,7),
	(1250,'4ef0c09550ac167ddea111fb8088b87d',0,0,109,274,10,'7F',7,0.00,'',0,41,0,'',1,'','Outbound','','',2,8),
	(1251,'ddf23843040f038aa2d1d04001641530',0,0,109,274,0,'FF',9,0.00,'',0,2,0,'',4,'','Current:','','',2,9),
	(1252,'bb10320949cb658518ab709b90adac76',0,0,109,274,0,'FF',9,0.00,'',0,2,0,'',1,'','Average:','','',2,10),
	(1253,'511d19ab191bc07b5d9588ff5195a090',0,0,109,274,0,'FF',9,0.00,'',0,2,0,'',3,'','Maximum:','','on',2,11),
	(1254,'8e2789711cef515b12da71cd9bc26a54',0,0,109,274,21,'FF',4,0.00,'',0,41,0,'',1,'','','','',2,12),
	(1255,'d929f3b410ea7786b500f1e462d20d5e',0,0,110,0,0,'FF',1,0.00,'',0,0,0,'',1,'','from-zone |query_FromZone| to-zone |query_ToZone| policy |query_PolicyName| ','','on',2,1),
	(1256,'494096ce5bad7dc7d16859ddcfa03f87',0,0,110,0,0,'FF',1,0.00,'',0,0,0,'',1,'','','','on',2,2),
	(1257,'30e72eb26adb7d7deeb5e50ca1d49348',0,0,110,276,8,'7F',7,0.00,'',0,0,0,'',1,'','Packets In','','',2,3),
	(1258,'f266bea72fb3a58cb37e752a13510517',0,0,110,276,0,'FF',9,0.00,'',0,0,0,'',4,'','Current:','','',2,4),
	(1259,'889c5bc6809fbdb5f55d172e7805de17',0,0,110,276,0,'FF',9,0.00,'',0,0,0,'',1,'','Average:','','',2,5),
	(1260,'28b4f205226894b8c6dc0720c360d932',0,0,110,276,0,'FF',9,0.00,'',0,0,0,'',3,'','Maximum:','','on',2,6),
	(1261,'78f0792cf4c6bb84ada20357bb57f263',0,0,110,276,34,'FF',4,0.00,'',0,0,0,'',1,'','','','',2,7),
	(1262,'cb963763cfada4852a689c183fa08430',0,0,110,275,1,'7F',7,0.00,'',0,3,0,'',1,'','Packets Out','','',2,8),
	(1263,'1722d252e2655b60ca021b3969853466',0,0,110,275,0,'FF',9,0.00,'',0,0,0,'',4,'','Current:','','',2,9),
	(1264,'a321432ac007ed186d37a4e0497fa941',0,0,110,275,0,'FF',9,0.00,'',0,0,0,'',1,'','Average:','','',2,10),
	(1265,'0833f582e21605540e2c682624e20882',0,0,110,275,0,'FF',9,0.00,'',0,0,0,'',3,'','Maximum:','','on',2,11),
	(1266,'684c9e90e100bdd68f44101e1b349b29',0,0,110,275,1,'FF',4,0.00,'',0,3,0,'',1,'','','','',2,12),
	(1267,'0e75464b3641d8accbebfe6d2ae9b47f',0,0,111,0,0,'FF',1,0.00,'',0,0,0,'',1,'','from-zone |query_FromZone| to-zone |query_ToZone| policy |query_PolicyName| ','','on',2,1),
	(1268,'c252ad5ad8461b5372694f2cc86aa911',0,0,111,0,0,'FF',1,0.00,'',0,0,0,'',1,'','','','on',2,2),
	(1269,'367b6782726da62a1ebe6fc38c6e9107',0,0,111,277,60,'4C',7,0.00,'',0,0,0,'',1,'','Policy Lookups','','',2,3),
	(1270,'5f7d040e4130b5b2481e5b7b669d4560',0,0,111,277,0,'FF',9,0.00,'',0,0,0,'',4,'','Current:','','',2,4),
	(1271,'d7de934a277b0595b15571dcf67ffbce',0,0,111,277,0,'FF',9,0.00,'',0,0,0,'',1,'','Average:','','',2,5),
	(1272,'4e0a2c424e162f49b7687c0381b6b28d',0,0,111,277,0,'FF',9,0.00,'',0,0,0,'',3,'','Maximum:','','on',2,6),
	(1273,'93d4cc8dc4de8856e10ece5868eab1c4',0,0,111,277,60,'FF',4,0.00,'',0,0,0,'',1,'','','','',2,7),
	(1274,'368697c2111848ee6b5638909a368ee4',0,0,112,0,0,'FF',1,0.00,'',0,0,0,'',1,'','from-zone |query_FromZone| to-zone |query_ToZone| policy |query_PolicyName| ','','on',2,1),
	(1275,'02762586675ff48a099a3b62c2649db1',0,0,112,0,0,'FF',1,0.00,'',0,0,0,'',1,'','','','on',2,2),
	(1276,'1032e4074b86395af5ad66cb44deff02',0,0,112,278,0,'FF',1,0.00,'',0,0,0,'',1,'','','','on',2,3),
	(1277,'9ce5e93c8135f1c44eba633d953a0cfa',0,0,112,279,0,'FF',1,0.00,'',0,0,0,'',1,'','','','on',2,7),
	(1278,'235c00f81347f0b07f1fffa549acc41e',0,0,112,278,29,'FF',7,0.00,'',0,35,0,'',1,'','Active Sessions','','',2,11),
	(1279,'457d2b7fe99a7e8e7189fb4e3a16c8d3',0,0,112,278,0,'FF',9,0.00,'',0,35,0,'',4,'','Current:','','',3,12),
	(1280,'cec05c2adb5411f9d6551eac343cae1a',0,0,112,278,0,'FF',9,0.00,'',0,35,0,'',1,'','Average:','','',3,13),
	(1281,'228f899be5d68aacc66ed5631e316e09',0,0,112,278,0,'FF',9,0.00,'',0,35,0,'',3,'','Maximum:','','on',3,14),
	(1282,'ddc54cdbfb8c7c52c1d0355068822703',0,0,112,278,9,'FF',4,0.00,'',0,35,0,'',1,'','','','',2,15),
	(1283,'a5e268646a3af3522c1e74801f278a41',0,0,113,280,9,'FF',4,0.00,'',0,0,0,'',1,'','CPU Utalization','','',2,1),
	(1284,'6e8735aade45127697e5de8d865c022d',0,0,113,280,0,'FF',9,0.00,'',0,0,0,'',4,'','Current:','','',3,2),
	(1285,'ee3f3b1fb083302db15475e820f4430b',0,0,113,280,0,'FF',9,0.00,'',0,0,0,'',1,'','Average:','','',3,3),
	(1286,'52bd93d156a579e35f0bbed25c717dd4',0,0,113,280,0,'FF',9,0.00,'',0,0,0,'',3,'','Maximum:','','on',3,4),
	(1287,'b8a4f4a6ae3a30243c59b4363f94816b',0,0,113,280,9,'33',7,0.00,'',0,0,0,'',1,'','','','',2,5),
	(1288,'44359538406fc88bb0ee569871970eb7',0,0,114,281,10,'FF',4,0.00,'',0,0,0,'',1,'','Memory Usage','','',2,1),
	(1289,'d2305b1e1ca8c3755fbd96924be42e65',0,0,114,281,0,'FF',9,0.00,'',0,0,0,'',4,'','Current:','','',3,2),
	(1290,'aa76036a1c6d0734063d6a1b290119a7',0,0,114,281,0,'FF',9,0.00,'',0,0,0,'',1,'','Average:','','',3,3),
	(1291,'c48a5edad462bf31c1d4b23ce33ce193',0,0,114,281,0,'FF',9,0.00,'',0,0,0,'',3,'','Maximum:','','on',3,4),
	(1292,'8717a38cfcef4b9c3fa15a780fc067c2',0,0,114,281,10,'33',7,0.00,'',0,0,0,'',1,'','','','',2,5),
	(1293,'be4b75c53ff187a56bfa3f89dcd5f13c',0,0,115,283,28,'FF',7,0.00,'',0,0,0,'',1,'','Current Flow Sessions','','',2,1),
	(1294,'7948512adebff156431dd675bb6efff8',0,0,115,283,0,'FF',9,0.00,'',0,0,0,'',4,'','Current:','','',3,2),
	(1295,'32b129f54902511b1bb2011ccff28f87',0,0,115,283,0,'FF',9,0.00,'',0,0,0,'',1,'','Average:','','',3,3),
	(1296,'0cb50dd1298037eb226c2320ecafe53c',0,0,115,283,0,'FF',9,0.00,'',0,0,0,'',3,'','Maximum:','','on',3,4),
	(1297,'26fc9cce14eb9e854958a6909568ce7c',0,0,115,282,9,'FF',4,0.00,'',0,0,0,'',1,'','Max Flow Sessions','','',2,5),
	(1298,'fdbd9523374caa82aaa598b58e4d3b1a',0,0,115,282,0,'FF',9,0.00,'',0,0,0,'',4,'','Current:','','on',3,6),
	(1299,'651a47ac41b4aeda2d13e3498df36917',0,0,116,284,28,'FF',7,0.00,'',0,0,0,'',1,'','Current CP Sessions','','',2,1),
	(1300,'3d89cad1bbf62146493d330aefd6e53a',0,0,116,284,0,'FF',9,0.00,'',0,0,0,'',4,'','Current:','','',3,2),
	(1301,'34a45197c1cca5fdf31a0a8ee1979153',0,0,116,284,0,'FF',9,0.00,'',0,0,0,'',1,'','Average:','','',3,3),
	(1302,'85deb356faa2669f3d1900070886579b',0,0,116,284,0,'FF',9,0.00,'',0,0,0,'',3,'','Maximum:','','on',3,4),
	(1303,'c09819f14ff16835d83975de78ef0c40',0,0,116,285,9,'FF',4,0.00,'',0,0,0,'',1,'','Max CP Sessions','','',2,5),
	(1304,'ed503c1719489a2eac49474d6b2d658e',0,0,116,285,0,'FF',9,0.00,'',0,0,0,'',4,'','Current:','','on',3,6),
	(1305,'ececef53f2712bb463ccbf84c0f9836a',0,0,117,0,0,'FF',1,0.00,'',0,0,0,'',1,'','Firewall Filter |query_FirewallName| Term |query_FilterName|','','on',2,1),
	(1306,'e32ccb390f77c47f0730520e5bf44a54',0,0,117,287,58,'FF',4,0.00,'',0,2,0,'',1,'','','','',2,2),
	(1307,'5259146667206f8a2a1b40e9a838ec35',0,0,117,0,0,'FF',1,0.00,'',0,0,0,'',1,'','','','on',2,3),
	(1308,'f479880a5fcee7e5ebfa268eaa19ed4b',0,0,117,287,56,'7F',7,0.00,'',0,2,0,'',1,'','Traffic','','',2,4),
	(1309,'4ab0355bc48d0b4d9a932904fa314896',0,0,117,287,0,'FF',9,0.00,'',0,2,0,'',4,'','Current:','','',2,5),
	(1310,'991b17c900fd500a2a742f930e438657',0,0,117,287,0,'FF',9,0.00,'',0,2,0,'',1,'','Average:','','',2,6),
	(1311,'a01283a44e1c92851697b27679671438',0,0,117,287,0,'FF',9,0.00,'',0,2,0,'',3,'','Maximum:','','on',2,7),
	(1312,'53e7bf768b054ae1481a4934e3d91a5f',0,0,117,289,0,'FF',9,0.00,'',0,2,0,'',4,'','Total Traffic:','','',2,8),
	(1313,'d9f7ddf4bbf760bdd47b6ab34327d4d0',0,0,118,0,0,'FF',1,0.00,'',0,0,0,'',1,'','Firewall Filter |query_FirewallName| Term |query_FilterName|','','on',2,1),
	(1314,'dd58accedbb76d4627c11ba3557b37d9',0,0,118,286,68,'FF',4,0.00,'',0,0,0,'',1,'','','','',2,2),
	(1315,'83f7cf5cb953af1957a05671d1c2aff7',0,0,118,0,0,'FF',1,0.00,'',0,0,0,'',1,'','','','on',2,3),
	(1316,'cc15bf2fb592a00abb68cd83a3cd9183',0,0,118,286,67,'FF',7,0.00,'',0,0,0,'',1,'','Packets','','',2,4),
	(1317,'377b480105ff3646700a04dd2b290bdb',0,0,118,286,0,'FF',9,0.00,'',0,0,0,'',4,'','Current:','','',2,5),
	(1318,'4710436872dbe09e4cf54c344c2ec8ae',0,0,118,286,0,'FF',9,0.00,'',0,0,0,'',1,'','Average:','','',2,6),
	(1319,'f89406f8684fb82a5b62d1bb5acfb4b8',0,0,118,286,0,'FF',9,0.00,'',0,0,0,'',3,'','Maximum:','','on',2,7),
	(1320,'8ae70f12e462a94e21e5cf01f282c77a',0,0,118,288,0,'FF',9,0.00,'',0,0,0,'',4,'','Total Traffic:','','',2,8),
	(1321,'bd7fb2a40a7372e7242114c5b7b1d387',0,0,119,290,1,'FF',5,0.00,'',0,0,0,'',1,'','BGP Peer State','','',2,1),
	(1322,'39f75d4039ef36bda9dba00204eae278',0,0,119,290,0,'FF',9,0.00,'',0,0,0,'',4,'','Current:','','on',3,2),
	(1323,'b3d49b7acc46765a3ede78b9a033be8c',0,0,119,0,0,'FF',1,0.00,'',0,0,0,'',1,'','','','on',2,3),
	(1324,'b78e578cd9e14b8651a95a1958dd05ce',0,0,119,0,0,'FF',1,0.00,'',0,0,0,'',1,'','Local IP: |query_LocalIP| AS: |query_jnxBgpM2PeerLocalAs|','','on',2,4),
	(1325,'f8dfa039cb9b7080558f69f18107b788',0,0,119,0,0,'FF',1,0.00,'',0,0,0,'',1,'','Peer IP:  |query_PeerIP| AS: |query_jnxBgpM2PeerRemoteAs|','','on',2,5),
	(1326,'a40b96743eb5cb56d17b46845a7209cb',0,0,119,0,0,'FF',1,0.00,'',0,0,0,'',1,'','','','on',2,6),
	(1327,'203890c560aa8ada4a393d4375494db0',0,0,119,0,0,'FF',1,0.00,'',0,0,0,'',1,'','State Key','','on',2,7),
	(1328,'6601a054f5e5acfd994b5fd278b68183',0,0,119,0,0,'FF',1,0.00,'',0,0,0,'',1,'','1 - idle    ','','',2,8),
	(1329,'19c7e4fd2813cf265dec7454ac96aade',0,0,119,0,0,'FF',1,0.00,'',0,0,0,'',1,'','2 - connect    ','','',2,9),
	(1330,'3b1e052ac5dff317e2450e50e5afeff2',0,0,119,0,0,'FF',1,0.00,'',0,0,0,'',1,'','3 - active','','on',2,10),
	(1331,'3e83785c99016f4418af3b9506bf6def',0,0,119,0,0,'FF',1,0.00,'',0,0,0,'',1,'','4 - opensent','','',2,11),
	(1332,'e1a6839f5561f4e255a15fc6c8c42880',0,0,119,0,0,'FF',1,0.00,'',0,0,0,'',1,'','5 - openconfirm','','',2,12),
	(1333,'f442f99bee3f3a0b8ccfa1c5f6bdc753',0,0,119,0,0,'FF',1,0.00,'',0,0,0,'',1,'','6 - established','','on',2,13),
	(1334,'25b3b253b18619bdbef5d9e62df66c2e',0,0,120,0,0,'FF',1,0.00,'',0,0,0,'',1,'','|query_jnxOperatingDescr|','','on',2,1),
	(1335,'6629ad4ecf5a7df2bd3940d5d9d37319',0,0,120,0,0,'FF',1,0.00,'',0,0,0,'',1,'','','','on',2,2),
	(1336,'620d286f995a9d93fe6124e5d76dee5d',0,0,120,291,9,'FF',4,0.00,'',0,0,0,'',1,'','Utilization (%)','','',2,3),
	(1337,'b420634cdd6da9c137c4049e9e9fe7b2',0,0,120,291,0,'FF',9,0.00,'',0,0,0,'',4,'','Current:','','',3,4),
	(1338,'972a260c70eedd4e437d4224c2a12e45',0,0,120,291,0,'FF',9,0.00,'',0,0,0,'',1,'','Average:','','',3,5),
	(1339,'a24c3a585467e5f104c457e661855147',0,0,120,291,0,'FF',9,0.00,'',0,0,0,'',3,'','Maximum:','','on',3,6),
	(1340,'af41d6f3fce26e843d310f1f011b141f',0,0,120,291,9,'66',7,0.00,'',0,0,0,'',1,'','','','',2,7),
	(1341,'9a4205dfd65342ca8ff8f52975dcff52',0,0,121,292,0,'FF',1,0.00,'',0,0,0,'',1,'','|query_jnxOperatingDescr|','','on',2,1),
	(1342,'150ed968f7a6eee91e9cb1adaeced782',0,0,121,292,0,'FF',1,0.00,'',0,0,0,'',1,'','','','on',2,2),
	(1343,'3b7c2319a56228106ea3ffa1f0386176',0,0,121,292,33,'FF',4,0.00,'',0,0,0,'',1,'','Temperature (C)','','',2,3),
	(1344,'5b6d59cb475bc443cedaaf89a282e0e8',0,0,121,292,0,'FF',9,0.00,'',0,0,0,'',4,'','Current:','','',3,4),
	(1345,'3fc3dea2c313e1b667a936daf768f943',0,0,121,292,0,'FF',9,0.00,'',0,0,0,'',1,'','Average:','','',3,5),
	(1346,'dd4aa93c19d6141baf21127618d63c24',0,0,121,292,0,'FF',9,0.00,'',0,0,0,'',3,'','Maximum:','','on',3,6),
	(1347,'020c214a7bf6815a01c77d0ecf78c270',0,0,121,292,33,'4C',7,0.00,'',0,0,0,'',1,'','','','',2,7),
	(1348,'0dabea64832f140f037d00f1ac5e4e9c',0,0,122,0,0,'FF',1,0.00,'',0,0,0,'',1,'','|query_jnxOperatingDescr|','','on',2,1),
	(1349,'989884224fbdb35f9dcce9a8e785aa98',0,0,122,0,0,'FF',1,0.00,'',0,0,0,'',1,'','','','on',2,2),
	(1350,'794eb38987d8c8ca0b31b11ebe3eb7f2',0,0,122,293,1,'FF',5,0.00,'',0,0,0,'',1,'','Operational State','','',2,5),
	(1351,'be8636d513159a67a33a0410873f2f11',0,0,122,293,0,'FF',9,0.00,'',0,0,0,'',4,'','Current:','','on',3,6),
	(1352,'a17916dbb0a1abf01c768b814a5a8669',0,0,122,0,0,'FF',1,0.00,'',0,0,0,'',1,'','','','on',2,7),
	(1353,'644a636046a91b3e2e33dff2ffd264f1',0,0,122,0,0,'FF',1,0.00,'',0,0,0,'',1,'','State Key','','on',2,8),
	(1354,'cf4025c2e80fd2f8f242b27cc8f03fa8',0,0,122,0,0,'FF',1,0.00,'',0,0,0,'',1,'','1 - Running   2 - Standby 3 - Ready','','on',2,9),
	(1355,'22af0ae3cb9d05a0143d986f0a3dd45a',0,0,122,0,0,'FF',1,0.00,'',0,0,0,'',1,'','4 - FullSpeed 5 - Reset   6 - Down','','on',2,10),
	(1356,'f3e1d16a193851e6e47cfbd4878b5cb8',0,0,122,0,0,'FF',1,0.00,'',0,0,0,'',1,'','7 - Unknown','','on',2,11),
	(1357,'ee040a18c4f652c85617bbffa7ca8142',0,0,123,0,0,'FF',1,0.00,'',0,0,0,'',1,'','|query_jnxOperatingDescr|','','on',2,1),
	(1358,'26e358d746713acd32fd20661f565f62',0,0,123,0,0,'FF',1,0.00,'',0,0,0,'',1,'','','','on',2,2),
	(1359,'49682d19de85f8af7cb8191e0eede1bc',0,0,123,294,21,'FF',4,0.00,'',0,0,0,'',1,'','Utilization (%)','','',2,3),
	(1360,'5d313e157df377165348822bda4b460d',0,0,123,294,0,'FF',9,0.00,'',0,0,0,'',4,'','Current:','','',3,4),
	(1361,'ca807dab46ec0a99b59258681d9545ff',0,0,123,294,0,'FF',9,0.00,'',0,0,0,'',1,'','Average:','','',3,6),
	(1362,'d27b17e57b5b258a005977e011d4ce0d',0,0,123,294,0,'FF',9,0.00,'',0,0,0,'',3,'','Maximum:','','on',3,7),
	(1363,'88e32cbf58b4e76199f2dbecaf2330bf',0,0,123,0,0,'FF',1,0.00,'',0,0,0,'',1,'','','','on',2,8),
	(1364,'f78ff24805bf67ca5215b41f1bee2d7f',0,0,123,295,0,'FF',9,0.00,'',0,0,0,'',1,'','Total RAM:','','',3,9),
	(1365,'0ef25a573cb85f39740793be3dd66cd4',0,0,123,0,0,'FF',1,0.00,'',0,0,0,'',1,'','MB','','on',2,10),
	(1366,'b8a7b20519255909afc042e603364b9f',0,0,123,294,21,'4C',7,0.00,'',0,0,0,'',1,'','','','',2,11),
	(1367,'c5d996fca8c9fa3f635ae3c7db74a2bc',0,0,124,298,25,'FF',4,0.00,'',0,0,0,'',1,'','TCP Port Scan','','',2,1),
	(1368,'4f14aaa4208c6f5065d8685993bc728f',0,0,124,298,0,'FF',9,0.00,'',0,0,0,'',4,'','Current:','','',3,2),
	(1369,'1d2be20d18424e9eb197e4241d8b1655',0,0,124,298,0,'FF',9,0.00,'',0,0,0,'',1,'','Average:','','',3,3),
	(1370,'fc978a2709167b28dfa6cee8eb061218',0,0,124,298,0,'FF',9,0.00,'',0,0,0,'',3,'','Maximum:','','on',3,4),
	(1371,'e1c673ab2343998495b09f65113c7b60',0,0,124,297,39,'FF',4,0.00,'',0,0,0,'',1,'','TCP No Flag','','',2,5),
	(1372,'5134f4f921150c1f81bead43cb3f5544',0,0,124,297,0,'FF',9,0.00,'',0,0,0,'',4,'','Current:','','',3,6),
	(1373,'4672a430108db69d1e6002459ade7aa5',0,0,124,297,0,'FF',9,0.00,'',0,0,0,'',1,'','Average:','','',3,7),
	(1374,'f8ace0070a30f8e780f0c9af4b0e7f23',0,0,124,297,0,'FF',9,0.00,'',0,0,0,'',3,'','Maximum:','','on',3,8),
	(1375,'5bcb3b99cddca56c30a3a75320966cfb',0,0,124,300,448,'FF',4,0.00,'',0,0,0,'',1,'','TCP FIN no ACK','','',2,9),
	(1376,'5fca0ec900fb6ce1c1cb6a78a348a5e5',0,0,124,300,0,'FF',9,0.00,'',0,0,0,'',4,'','Current:','','',3,10),
	(1377,'e326b04bc4cf864f52ffc275c3011ab3',0,0,124,300,0,'FF',9,0.00,'',0,0,0,'',1,'','Average:','','',3,11),
	(1378,'667bfd522474863aad1d1f41c4860308',0,0,124,300,0,'FF',9,0.00,'',0,0,0,'',3,'','Maximum:','','on',3,12),
	(1379,'6eacc0649e50c6fc5270dc88dac0b619',0,0,124,296,440,'FF',4,0.00,'',0,0,0,'',1,'','TCP SYN Fragment','','',2,13),
	(1380,'e1f0e30d3753adc517d68562c2787cfc',0,0,124,296,0,'FF',9,0.00,'',0,0,0,'',4,'','Current:','','',3,14),
	(1381,'8ed1a72b48f8b2d1efd74128504f57d7',0,0,124,296,0,'FF',9,0.00,'',0,0,0,'',1,'','Average:','','',3,15),
	(1382,'1c81b3f6dea40a5e31f2fa89ed19cfba',0,0,124,296,0,'FF',9,0.00,'',0,0,0,'',3,'','Maximum:','','on',3,16),
	(1383,'b005ba6457fa748e6f3209f4916c847f',0,0,124,301,449,'FF',4,0.00,'',0,0,0,'',1,'','TCP SYN FIN','','',2,17),
	(1384,'86ce9b7ff42f74e64e0afd34fc8b69f1',0,0,124,301,0,'FF',9,0.00,'',0,0,0,'',4,'','Current:','','',3,18),
	(1385,'8d7abd81dfe498ca76b327902f77bb82',0,0,124,301,0,'FF',9,0.00,'',0,0,0,'',1,'','Average:','','',3,19),
	(1386,'16e7d0506fb257c91ce967eccdea2328',0,0,124,301,0,'FF',9,0.00,'',0,0,0,'',3,'','Maximum:','','on',3,20),
	(1387,'5697989434be5f9dc40c2365813d1cb1',0,0,124,299,83,'FF',4,0.00,'',0,0,0,'',1,'','TCP SYN-ACK-ACK Proxy','','',2,21),
	(1388,'2a3b8ef0d0b9952c977d0f991f606be4',0,0,124,299,0,'FF',9,0.00,'',0,0,0,'',4,'','Current:','','',3,22),
	(1389,'6483d606fb4dbcc9ab26550c4c0620e2',0,0,124,299,0,'FF',9,0.00,'',0,0,0,'',1,'','Average:','','',3,23),
	(1390,'e3fb545c230ccc23fc366d1404ab6d34',0,0,124,299,0,'FF',9,0.00,'',0,0,0,'',3,'','Maximum:','','on',3,24),
	(1391,'643552b5fbd0691e53d607db2a25c60e',0,0,125,302,35,'FF',4,0.00,'',0,0,0,'',1,'','IP Block Fragment','','',2,1),
	(1392,'bfc081bfc5e077b8885ed43cc9c99b6d',0,0,125,302,0,'FF',9,0.00,'',0,0,0,'',4,'','Current:','','',3,2),
	(1393,'9466a14b2466e9357a35492ad88b97c8',0,0,125,302,0,'FF',9,0.00,'',0,0,0,'',1,'','Average:','','',3,3),
	(1394,'7e6b78a95089e1395b3879219f1bebe3',0,0,125,302,0,'FF',9,0.00,'',0,0,0,'',3,'','Maximum:','','on',3,4),
	(1395,'3a17a8990633dd075a38d6eb316c8385',0,0,125,308,13,'FF',4,0.00,'',0,0,0,'',1,'','IP Tear Drop','','',2,5),
	(1396,'850715e9267031b7867643b721a7d5fd',0,0,125,308,0,'FF',9,0.00,'',0,0,0,'',4,'','Current:','','',3,6),
	(1397,'fd9071db946d193fe9b25d2be276d66b',0,0,125,308,0,'FF',9,0.00,'',0,0,0,'',1,'','Average:','','',3,7),
	(1398,'5168c9e6e451df0d699e6bb507217fe9',0,0,125,308,0,'FF',9,0.00,'',0,0,0,'',3,'','Maximum:','','on',3,8),
	(1399,'7dc128c31207c08fa73e34f4ec565887',0,0,125,305,450,'FF',4,0.00,'',0,0,0,'',1,'','IP Unknown Protocal','','',2,9),
	(1400,'ac62ea42221e952a7b9f012f72b6fe70',0,0,125,305,0,'FF',9,0.00,'',0,0,0,'',4,'','Current:','','',3,10),
	(1401,'8b814a2db7b697957d325547e2ab64c1',0,0,125,305,0,'FF',9,0.00,'',0,0,0,'',1,'','Average:','','',3,11),
	(1402,'ba5a2c1f7c8fc5829276439103d73f78',0,0,125,305,0,'FF',9,0.00,'',0,0,0,'',3,'','Maximum:','','on',3,12),
	(1403,'3fc68fbdc64a3260eec6781a45b58563',0,0,125,303,37,'FF',4,0.00,'',0,0,0,'',1,'','IP Bad Options','','',2,13),
	(1404,'6f7eaf7a9e0c1b1840d5f2dfd0f6ab8d',0,0,125,303,0,'FF',9,0.00,'',0,0,0,'',4,'','Current:','','',3,14),
	(1405,'e9391944a8008e74e137bbf01575ef32',0,0,125,303,0,'FF',9,0.00,'',0,0,0,'',1,'','Average:','','',3,15),
	(1406,'3515f5b9fff586e2b14be657af218b71',0,0,125,303,0,'FF',9,0.00,'',0,0,0,'',3,'','Maximum:','','on',3,16),
	(1407,'9c671946b67e6e92cd8abe5f47bc7a73',0,0,125,304,18,'FF',4,0.00,'',0,0,0,'',1,'','IP Timestamp Option','','',2,17),
	(1408,'b9cd7294747031782f7f0b305fbe5f38',0,0,125,304,0,'FF',9,0.00,'',0,0,0,'',4,'','Current:','','',3,18),
	(1409,'231326ab622a34f18c255de53ee2e213',0,0,125,304,0,'FF',9,0.00,'',0,0,0,'',1,'','Average:','','',3,19),
	(1410,'941727daebba6039952ad961ef784812',0,0,125,304,0,'FF',9,0.00,'',0,0,0,'',3,'','Maximum:','','on',3,20),
	(1411,'8fc89cb16fa43368f93adbb7c2105658',0,0,125,306,55,'FF',4,0.00,'',0,0,0,'',1,'','IP Security Option','','',2,21),
	(1412,'4d4e088d928f5587798d86624b3db9df',0,0,125,306,0,'FF',9,0.00,'',0,0,0,'',4,'','Current:','','',3,22),
	(1413,'19c7b3d6a5f3acbc4adabc8da19aa1de',0,0,125,306,0,'FF',9,0.00,'',0,0,0,'',1,'','Average:','','',3,23),
	(1414,'37af65be4c871e91cf0dc8be3ecf84d6',0,0,125,306,0,'FF',9,0.00,'',0,0,0,'',3,'','Maximum:','','on',3,24),
	(1415,'c2061a1dff3ebd816e44b155d36f6d6b',0,0,125,307,25,'FF',4,0.00,'',0,0,0,'',1,'','IP Stream Option','','',2,25),
	(1416,'d03f568d27e94248df95077848393583',0,0,125,307,0,'FF',9,0.00,'',0,0,0,'',4,'','Current:','','',3,26),
	(1417,'7f5aa2863ec9346ea995fd9d5a80e1ea',0,0,125,307,0,'FF',9,0.00,'',0,0,0,'',1,'','Average:','','',3,27),
	(1418,'eaebf6405f0b427efdf22026c99b59e7',0,0,125,307,0,'FF',9,0.00,'',0,0,0,'',3,'','Maximum:','','on',3,28),
	(1419,'4965a6834106c45521a5885707bdce6f',0,0,126,309,81,'FF',4,0.00,'',0,0,0,'',1,'','Loose Source Route Option','','',2,1),
	(1420,'52e1de5395156361ca13c7492710212c',0,0,126,309,0,'FF',9,0.00,'',0,0,0,'',4,'','Current:','','',3,2),
	(1421,'187bc00143428c9b90ed6112cecefe17',0,0,126,309,0,'FF',9,0.00,'',0,0,0,'',1,'','Average:','','',3,3),
	(1422,'bd14aaa64fb49d7b6ff35b958efb0d6c',0,0,126,309,0,'FF',9,0.00,'',0,0,0,'',3,'','Maximum:','','on',3,4),
	(1423,'8a92a00b1d837ef0ca3d763470f23a8b',0,0,126,310,33,'FF',4,0.00,'',0,0,0,'',1,'','Strict Route Option','','',2,5),
	(1424,'ba1c63bf15c0be169ed1cdfc550200cd',0,0,126,310,0,'FF',9,0.00,'',0,0,0,'',4,'','Current:','','',3,6),
	(1425,'6e58c75a55f7f83f23b21898212980bd',0,0,126,310,0,'FF',9,0.00,'',0,0,0,'',1,'','Average:','','',3,7),
	(1426,'59d01c811a639adabc4a5b43e1febc11',0,0,126,310,0,'FF',9,0.00,'',0,0,0,'',3,'','Maximum:','','on',3,8),
	(1427,'4d179e08a99979baaa011fbebb7bdc61',0,0,126,311,451,'FF',4,0.00,'',0,0,0,'',1,'','Record Route','','',2,9),
	(1428,'ab80f8f8d5c265de2ada10a3865909d9',0,0,126,311,0,'FF',9,0.00,'',0,0,0,'',4,'','Current:','','',3,10),
	(1429,'8639d0c1954fdaff81ae843b70dde774',0,0,126,311,0,'FF',9,0.00,'',0,0,0,'',1,'','Average:','','',3,11),
	(1430,'c39423a2699d2671573f546cb437c895',0,0,126,311,0,'FF',9,0.00,'',0,0,0,'',3,'','Maximum:','','on',3,12),
	(1431,'57833aba2409401897150c442e6b95e1',0,0,126,312,49,'FF',4,0.00,'',0,0,0,'',1,'','Source Route Option','','',2,13),
	(1432,'f39f2acd961b1593226c7e141c27b291',0,0,126,312,0,'FF',9,0.00,'',0,0,0,'',4,'','Current:','','',3,14),
	(1433,'fb0f524f7e19ed4182b5a5bf2fd40aa1',0,0,126,312,0,'FF',9,0.00,'',0,0,0,'',1,'','Average:','','',3,15),
	(1434,'87a4bac9b0b14eab6ca67392ec2dd6fc',0,0,126,312,0,'FF',9,0.00,'',0,0,0,'',3,'','Maximum:','','on',3,16),
	(1435,'3277e4585565864d4e4ca9ec0c06191e',0,0,127,314,24,'FF',4,0.00,'',0,0,0,'',1,'','ICMP Fragment','','',2,1),
	(1436,'d51494350b38b6cc48a22c4ef9631c2e',0,0,127,314,0,'FF',9,0.00,'',0,0,0,'',4,'','Current:','','',3,2),
	(1437,'cc47438341b511ae27a080f8d61322b0',0,0,127,314,0,'FF',9,0.00,'',0,0,0,'',1,'','Average:','','',3,3),
	(1438,'f52273b6c84c3b2af63be85228e11526',0,0,127,314,0,'FF',9,0.00,'',0,0,0,'',3,'','Maximum:','','on',3,4),
	(1439,'09206b610db7ff0415a8c374f6e035c0',0,0,127,313,452,'FF',4,0.00,'',0,0,0,'',1,'','ICMP Large Packet','','',2,5),
	(1440,'2135f639135028a50dc2167c2ed2eb82',0,0,127,313,0,'FF',9,0.00,'',0,0,0,'',4,'','Current:','','',3,6),
	(1441,'4820890dd68bac8bce025e8cb168a173',0,0,127,313,0,'FF',9,0.00,'',0,0,0,'',1,'','Average:','','',3,7),
	(1442,'b8a5e409f1a32ddfc774d263e3a41698',0,0,127,313,0,'FF',9,0.00,'',0,0,0,'',3,'','Maximum:','','on',3,8),
	(1443,'3e0875cfb2e4f793094052b2c6df2306',0,0,128,316,48,'FF',4,0.00,'',0,0,0,'',1,'','Destination Session Limit','','',2,1),
	(1444,'a592f3dd0370e1fd50ac288182777294',0,0,128,316,0,'FF',9,0.00,'',0,0,0,'',4,'','Current:','','',3,2),
	(1445,'a1e0e12c0767264a26e7cc57a94aaa00',0,0,128,316,0,'FF',9,0.00,'',0,0,0,'',1,'','Average:','','',3,3),
	(1446,'48bf12e805aec86002df36f96fae8143',0,0,128,316,0,'FF',9,0.00,'',0,0,0,'',3,'','Maximum:','','on',3,4),
	(1447,'0289cc8e95764ff567aeb58564057019',0,0,128,315,448,'FF',4,0.00,'',0,0,0,'',1,'','Source Session Limit','','',2,5),
	(1448,'ec5f944e0f9991247929dc7288cb98fb',0,0,128,315,0,'FF',9,0.00,'',0,0,0,'',4,'','Current:','','',3,6),
	(1449,'a88221ddf0f42d3179c3f1d8542d38c5',0,0,128,315,0,'FF',9,0.00,'',0,0,0,'',1,'','Average:','','',3,7),
	(1450,'d5f55d0210d64f79997801fc4a67f726',0,0,128,315,0,'FF',9,0.00,'',0,0,0,'',3,'','Maximum:','','on',3,8),
	(1451,'915cf13967e737a7b5660bd01a74ed78',0,0,129,317,453,'FF',4,0.00,'',0,0,0,'',1,'','TCP SYN Flood','','',2,1),
	(1452,'0f5aee7433e1cefa421b5b8c08de38c4',0,0,129,317,0,'FF',9,0.00,'',0,0,0,'',4,'','Current:','','',3,2),
	(1453,'2b58c0fb04fb189ff36b7f748cc8b908',0,0,129,317,0,'FF',9,0.00,'',0,0,0,'',1,'','Average:','','',3,3),
	(1454,'87434363540c4b6cbb4c207989ba9118',0,0,129,317,0,'FF',9,0.00,'',0,0,0,'',3,'','Maximum:','','on',3,4),
	(1455,'dac06601e5b8f561852b06ddb19315a9',0,0,129,318,454,'FF',4,0.00,'',0,0,0,'',1,'','ICMP Flood','','',2,5),
	(1456,'f221f38276c6605b9736150c7f206f1d',0,0,129,318,0,'FF',9,0.00,'',0,0,0,'',4,'','Current:','','',3,6),
	(1457,'15d9b55f3ad51e7b7fec828d865fa0a3',0,0,129,318,0,'FF',9,0.00,'',0,0,0,'',1,'','Average:','','',3,7),
	(1458,'a5db52548152b027860fc8243dd44f50',0,0,129,318,0,'FF',9,0.00,'',0,0,0,'',3,'','Maximum:','','on',3,8),
	(1459,'4009373d2a2648363e6e4e3fd5ae3469',0,0,129,319,54,'FF',4,0.00,'',0,0,0,'',1,'','UDP Flood','','',2,9),
	(1460,'6d2cb041cc1b425545c6b377da302a39',0,0,129,319,0,'FF',9,0.00,'',0,0,0,'',4,'','Current:','','',3,10),
	(1461,'8f082cbc6e692d043398b8444897df4c',0,0,129,319,0,'FF',9,0.00,'',0,0,0,'',1,'','Average:','','',3,11),
	(1462,'781dba8ee0b4ae07ddff81494893fb3e',0,0,129,319,0,'FF',9,0.00,'',0,0,0,'',3,'','Maximum:','','on',3,12);

/*!40000 ALTER TABLE `graph_templates_item` ENABLE KEYS */;
UNLOCK TABLES;


# Dump of table graph_tree
# ------------------------------------------------------------

DROP TABLE IF EXISTS `graph_tree`;

CREATE TABLE `graph_tree` (
  `id` smallint(5) unsigned NOT NULL AUTO_INCREMENT,
  `enabled` char(2) COLLATE utf8mb4_unicode_ci DEFAULT 'on',
  `locked` tinyint(4) DEFAULT 0,
  `locked_date` timestamp NOT NULL DEFAULT '0000-00-00 00:00:00',
  `sort_type` tinyint(3) unsigned NOT NULL DEFAULT 1,
  `name` varchar(255) COLLATE utf8mb4_unicode_ci NOT NULL DEFAULT '',
  `sequence` int(10) unsigned DEFAULT 1,
  `user_id` int(10) unsigned DEFAULT 1,
  `last_modified` timestamp NOT NULL DEFAULT '0000-00-00 00:00:00',
  `modified_by` int(10) unsigned DEFAULT 1,
  PRIMARY KEY (`id`),
  KEY `sequence` (`sequence`),
  KEY `name` (`name`(171))
) ENGINE=InnoDB DEFAULT CHARSET=utf8mb4 COLLATE=utf8mb4_unicode_ci ROW_FORMAT=DYNAMIC;

LOCK TABLES `graph_tree` WRITE;
/*!40000 ALTER TABLE `graph_tree` DISABLE KEYS */;

INSERT INTO `graph_tree` (`id`, `enabled`, `locked`, `locked_date`, `sort_type`, `name`, `sequence`, `user_id`, `last_modified`, `modified_by`)
VALUES
	(1,'on',0,'0000-00-00 00:00:00',1,'Default Tree',1,1,'0000-00-00 00:00:00',1);

/*!40000 ALTER TABLE `graph_tree` ENABLE KEYS */;
UNLOCK TABLES;


# Dump of table graph_tree_items
# ------------------------------------------------------------

DROP TABLE IF EXISTS `graph_tree_items`;

CREATE TABLE `graph_tree_items` (
  `id` bigint(20) unsigned NOT NULL AUTO_INCREMENT,
  `parent` bigint(20) unsigned DEFAULT NULL,
  `position` int(10) unsigned DEFAULT NULL,
  `graph_tree_id` smallint(5) unsigned NOT NULL DEFAULT 0,
  `local_graph_id` int(10) unsigned NOT NULL DEFAULT 0,
  `title` varchar(255) COLLATE utf8mb4_unicode_ci DEFAULT NULL,
  `host_id` mediumint(8) unsigned NOT NULL DEFAULT 0,
  `site_id` int(10) unsigned DEFAULT 0,
  `host_grouping_type` tinyint(3) unsigned NOT NULL DEFAULT 1,
  `sort_children_type` tinyint(3) unsigned NOT NULL DEFAULT 0,
  `graph_regex` varchar(60) COLLATE utf8mb4_unicode_ci DEFAULT '',
  `host_regex` varchar(60) COLLATE utf8mb4_unicode_ci DEFAULT '',
  PRIMARY KEY (`id`),
  KEY `graph_tree_id` (`graph_tree_id`),
  KEY `host_id` (`host_id`),
  KEY `site_id` (`site_id`),
  KEY `local_graph_id` (`local_graph_id`),
  KEY `parent_position` (`parent`,`position`)
) ENGINE=InnoDB DEFAULT CHARSET=utf8mb4 COLLATE=utf8mb4_unicode_ci ROW_FORMAT=DYNAMIC;



# Dump of table host
# ------------------------------------------------------------

DROP TABLE IF EXISTS `host`;

CREATE TABLE `host` (
  `id` mediumint(8) unsigned NOT NULL AUTO_INCREMENT,
  `poller_id` int(10) unsigned NOT NULL DEFAULT 1,
  `site_id` int(10) unsigned NOT NULL DEFAULT 1,
  `host_template_id` mediumint(8) unsigned NOT NULL DEFAULT 0,
  `description` varchar(150) COLLATE utf8mb4_unicode_ci NOT NULL DEFAULT '',
  `hostname` varchar(100) COLLATE utf8mb4_unicode_ci DEFAULT NULL,
  `location` varchar(40) COLLATE utf8mb4_unicode_ci DEFAULT NULL,
  `notes` text COLLATE utf8mb4_unicode_ci DEFAULT NULL,
  `external_id` varchar(40) COLLATE utf8mb4_unicode_ci DEFAULT NULL,
  `snmp_community` varchar(100) COLLATE utf8mb4_unicode_ci DEFAULT NULL,
  `snmp_version` tinyint(1) unsigned NOT NULL DEFAULT 1,
  `snmp_username` varchar(50) COLLATE utf8mb4_unicode_ci DEFAULT NULL,
  `snmp_password` varchar(50) COLLATE utf8mb4_unicode_ci DEFAULT NULL,
  `snmp_auth_protocol` char(6) COLLATE utf8mb4_unicode_ci DEFAULT '',
  `snmp_priv_passphrase` varchar(200) COLLATE utf8mb4_unicode_ci DEFAULT '',
  `snmp_priv_protocol` char(6) COLLATE utf8mb4_unicode_ci DEFAULT '',
  `snmp_context` varchar(64) COLLATE utf8mb4_unicode_ci DEFAULT '',
  `snmp_engine_id` varchar(64) COLLATE utf8mb4_unicode_ci DEFAULT '',
  `snmp_port` mediumint(5) unsigned NOT NULL DEFAULT 161,
  `snmp_timeout` mediumint(8) unsigned NOT NULL DEFAULT 500,
  `snmp_sysDescr` varchar(300) COLLATE utf8mb4_unicode_ci NOT NULL DEFAULT '',
  `snmp_sysObjectID` varchar(128) COLLATE utf8mb4_unicode_ci NOT NULL DEFAULT '',
  `snmp_sysUpTimeInstance` int(10) unsigned NOT NULL DEFAULT 0,
  `snmp_sysContact` varchar(300) COLLATE utf8mb4_unicode_ci NOT NULL DEFAULT '',
  `snmp_sysName` varchar(300) COLLATE utf8mb4_unicode_ci NOT NULL DEFAULT '',
  `snmp_sysLocation` varchar(300) COLLATE utf8mb4_unicode_ci NOT NULL DEFAULT '',
  `availability_method` smallint(5) unsigned NOT NULL DEFAULT 1,
  `ping_method` smallint(5) unsigned DEFAULT 0,
  `ping_port` int(12) unsigned DEFAULT 0,
  `ping_timeout` int(12) unsigned DEFAULT 500,
  `ping_retries` int(12) unsigned DEFAULT 2,
  `max_oids` int(12) unsigned DEFAULT 10,
  `bulk_walk_size` int(11) DEFAULT -1,
  `device_threads` tinyint(2) unsigned NOT NULL DEFAULT 1,
  `deleted` char(2) COLLATE utf8mb4_unicode_ci DEFAULT '',
  `disabled` char(2) COLLATE utf8mb4_unicode_ci DEFAULT NULL,
  `status` tinyint(2) NOT NULL DEFAULT 0,
  `status_event_count` mediumint(8) unsigned NOT NULL DEFAULT 0,
  `status_fail_date` timestamp NOT NULL DEFAULT '0000-00-00 00:00:00',
  `status_rec_date` timestamp NOT NULL DEFAULT '0000-00-00 00:00:00',
  `status_last_error` varchar(255) COLLATE utf8mb4_unicode_ci DEFAULT '',
  `min_time` decimal(10,5) DEFAULT 9.99999,
  `max_time` decimal(10,5) DEFAULT 0.00000,
  `cur_time` decimal(10,5) DEFAULT 0.00000,
  `avg_time` decimal(10,5) DEFAULT 0.00000,
  `polling_time` double DEFAULT 0,
  `total_polls` int(12) unsigned DEFAULT 0,
  `failed_polls` int(12) unsigned DEFAULT 0,
  `availability` decimal(8,5) NOT NULL DEFAULT 100.00000,
  `last_updated` timestamp NOT NULL DEFAULT current_timestamp() ON UPDATE current_timestamp(),
  PRIMARY KEY (`id`),
  KEY `poller_id_disabled` (`poller_id`,`disabled`),
  KEY `site_id` (`site_id`),
  KEY `external_id` (`external_id`),
  KEY `disabled` (`disabled`),
  KEY `status` (`status`),
  KEY `site_id_location` (`site_id`,`location`),
  KEY `hostname` (`hostname`),
  KEY `poller_id_last_updated` (`poller_id`,`last_updated`)
) ENGINE=InnoDB DEFAULT CHARSET=utf8mb4 COLLATE=utf8mb4_unicode_ci ROW_FORMAT=DYNAMIC;

LOCK TABLES `host` WRITE;
/*!40000 ALTER TABLE `host` DISABLE KEYS */;

INSERT INTO `host` (`id`, `poller_id`, `site_id`, `host_template_id`, `description`, `hostname`, `location`, `notes`, `external_id`, `snmp_community`, `snmp_version`, `snmp_username`, `snmp_password`, `snmp_auth_protocol`, `snmp_priv_passphrase`, `snmp_priv_protocol`, `snmp_context`, `snmp_engine_id`, `snmp_port`, `snmp_timeout`, `snmp_sysDescr`, `snmp_sysObjectID`, `snmp_sysUpTimeInstance`, `snmp_sysContact`, `snmp_sysName`, `snmp_sysLocation`, `availability_method`, `ping_method`, `ping_port`, `ping_timeout`, `ping_retries`, `max_oids`, `bulk_walk_size`, `device_threads`, `deleted`, `disabled`, `status`, `status_event_count`, `status_fail_date`, `status_rec_date`, `status_last_error`, `min_time`, `max_time`, `cur_time`, `avg_time`, `polling_time`, `total_polls`, `failed_polls`, `availability`, `last_updated`)
VALUES
	(1,1,0,3,'Local Linux Machine','localhost','','Initial Cacti Device','','public',0,'','','','','','','',161,500,'','',0,'','','',0,2,23,400,1,10,-1,1,'','',3,0,'0000-00-00 00:00:00','0000-00-00 00:00:00','',0.00000,0.00000,0.00000,0.00000,0.014,244,0,100.00000,'2022-09-08 09:03:02');

/*!40000 ALTER TABLE `host` ENABLE KEYS */;
UNLOCK TABLES;


# Dump of table host_graph
# ------------------------------------------------------------

DROP TABLE IF EXISTS `host_graph`;

CREATE TABLE `host_graph` (
  `host_id` mediumint(8) unsigned NOT NULL DEFAULT 0,
  `graph_template_id` mediumint(8) unsigned NOT NULL DEFAULT 0,
  PRIMARY KEY (`host_id`,`graph_template_id`)
) ENGINE=InnoDB DEFAULT CHARSET=utf8mb4 COLLATE=utf8mb4_unicode_ci ROW_FORMAT=DYNAMIC;



# Dump of table host_snmp_cache
# ------------------------------------------------------------

DROP TABLE IF EXISTS `host_snmp_cache`;

CREATE TABLE `host_snmp_cache` (
  `host_id` mediumint(8) unsigned NOT NULL DEFAULT 0,
  `snmp_query_id` mediumint(8) unsigned NOT NULL DEFAULT 0,
  `field_name` varchar(50) COLLATE utf8mb4_unicode_ci NOT NULL DEFAULT '',
  `field_value` varchar(512) COLLATE utf8mb4_unicode_ci DEFAULT NULL,
  `snmp_index` varchar(255) COLLATE utf8mb4_unicode_ci NOT NULL DEFAULT '',
  `oid` text COLLATE utf8mb4_unicode_ci NOT NULL,
  `present` tinyint(4) NOT NULL DEFAULT 1,
  `last_updated` timestamp NOT NULL DEFAULT current_timestamp() ON UPDATE current_timestamp(),
  PRIMARY KEY (`host_id`,`snmp_query_id`,`field_name`,`snmp_index`),
  KEY `host_id` (`host_id`,`field_name`),
  KEY `snmp_index` (`snmp_index`),
  KEY `field_name` (`field_name`),
  KEY `field_value` (`field_value`),
  KEY `snmp_query_id` (`snmp_query_id`),
  KEY `last_updated` (`last_updated`),
  KEY `present` (`present`)
) ENGINE=InnoDB DEFAULT CHARSET=utf8mb4 COLLATE=utf8mb4_unicode_ci ROW_FORMAT=DYNAMIC;



# Dump of table host_snmp_query
# ------------------------------------------------------------

DROP TABLE IF EXISTS `host_snmp_query`;

CREATE TABLE `host_snmp_query` (
  `host_id` mediumint(8) unsigned NOT NULL DEFAULT 0,
  `snmp_query_id` mediumint(8) unsigned NOT NULL DEFAULT 0,
  `sort_field` varchar(50) COLLATE utf8mb4_unicode_ci NOT NULL DEFAULT '',
  `title_format` varchar(50) COLLATE utf8mb4_unicode_ci NOT NULL DEFAULT '',
  `reindex_method` tinyint(3) unsigned NOT NULL DEFAULT 0,
  PRIMARY KEY (`host_id`,`snmp_query_id`),
  KEY `host_id` (`host_id`)
) ENGINE=InnoDB DEFAULT CHARSET=utf8mb4 COLLATE=utf8mb4_unicode_ci ROW_FORMAT=DYNAMIC;



# Dump of table host_template
# ------------------------------------------------------------

DROP TABLE IF EXISTS `host_template`;

CREATE TABLE `host_template` (
  `id` mediumint(8) unsigned NOT NULL AUTO_INCREMENT,
  `hash` varchar(32) COLLATE utf8mb4_unicode_ci NOT NULL DEFAULT '',
  `name` varchar(100) COLLATE utf8mb4_unicode_ci NOT NULL DEFAULT '',
  PRIMARY KEY (`id`),
  KEY `name` (`name`)
) ENGINE=InnoDB DEFAULT CHARSET=utf8mb4 COLLATE=utf8mb4_unicode_ci ROW_FORMAT=DYNAMIC;

LOCK TABLES `host_template` WRITE;
/*!40000 ALTER TABLE `host_template` DISABLE KEYS */;

INSERT INTO `host_template` (`id`, `hash`, `name`)
VALUES
	(1,'bd1c482a581a40e96348657977e33b75','Cacti Stats'),
	(2,'cae6a879f86edacb2471055783bec6d0','Cisco Router'),
	(3,'1ae2585df5512115d9ce7bcf50f55994','F5 BigIP v11'),
	(4,'cc27473c862e5c6447826d2d61f2cffa','Juniper Networks');

/*!40000 ALTER TABLE `host_template` ENABLE KEYS */;
UNLOCK TABLES;


# Dump of table host_template_graph
# ------------------------------------------------------------

DROP TABLE IF EXISTS `host_template_graph`;

CREATE TABLE `host_template_graph` (
  `host_template_id` mediumint(8) unsigned NOT NULL DEFAULT 0,
  `graph_template_id` mediumint(8) unsigned NOT NULL DEFAULT 0,
  PRIMARY KEY (`host_template_id`,`graph_template_id`),
  KEY `host_template_id` (`host_template_id`)
) ENGINE=InnoDB DEFAULT CHARSET=utf8mb4 COLLATE=utf8mb4_unicode_ci ROW_FORMAT=DYNAMIC;

LOCK TABLES `host_template_graph` WRITE;
/*!40000 ALTER TABLE `host_template_graph` DISABLE KEYS */;

INSERT INTO `host_template_graph` (`host_template_id`, `graph_template_id`)
VALUES
	(1,1),
	(1,2),
	(1,3),
	(1,4),
	(1,5),
	(1,6),
	(1,7),
	(1,8),
	(1,9),
	(1,10),
	(1,11),
	(1,12),
	(1,13),
	(1,14),
	(1,15),
	(1,16),
	(1,17),
	(1,18),
	(1,19),
	(1,20),
	(1,21),
	(1,22),
	(2,33),
	(2,34),
	(2,35),
	(2,36),
	(3,34),
	(3,35),
	(3,36),
	(3,47),
	(3,48),
	(3,49),
	(3,50),
	(3,51),
	(3,52),
	(3,53),
	(3,54),
	(3,55),
	(3,56),
	(3,57),
	(3,58),
	(3,59),
	(3,60),
	(3,61),
	(3,62),
	(3,63),
	(3,64),
	(3,65),
	(3,66),
	(3,67),
	(3,68),
	(3,69),
	(3,70),
	(3,71),
	(3,72),
	(3,73),
	(3,74),
	(3,75),
	(3,76),
	(3,77),
	(3,78),
	(3,79),
	(3,80),
	(4,34),
	(4,35),
	(4,36),
	(4,105),
	(4,106);

/*!40000 ALTER TABLE `host_template_graph` ENABLE KEYS */;
UNLOCK TABLES;


# Dump of table host_template_snmp_query
# ------------------------------------------------------------

DROP TABLE IF EXISTS `host_template_snmp_query`;

CREATE TABLE `host_template_snmp_query` (
  `host_template_id` mediumint(8) unsigned NOT NULL DEFAULT 0,
  `snmp_query_id` mediumint(8) unsigned NOT NULL DEFAULT 0,
  PRIMARY KEY (`host_template_id`,`snmp_query_id`),
  KEY `host_template_id` (`host_template_id`)
) ENGINE=InnoDB DEFAULT CHARSET=utf8mb4 COLLATE=utf8mb4_unicode_ci ROW_FORMAT=DYNAMIC;

LOCK TABLES `host_template_snmp_query` WRITE;
/*!40000 ALTER TABLE `host_template_snmp_query` DISABLE KEYS */;

INSERT INTO `host_template_snmp_query` (`host_template_id`, `snmp_query_id`)
VALUES
	(1,1),
	(1,2),
	(1,3),
	(2,4),
	(3,5),
	(3,6),
	(3,7),
	(3,8),
	(3,9),
	(3,10),
	(3,11),
	(3,12),
	(3,13),
	(4,4),
	(4,14),
	(4,15),
	(4,16),
	(4,17),
	(4,18),
	(4,19),
	(4,20),
	(4,21),
	(4,22);

/*!40000 ALTER TABLE `host_template_snmp_query` ENABLE KEYS */;
UNLOCK TABLES;


# Dump of table plugin_config
# ------------------------------------------------------------

DROP TABLE IF EXISTS `plugin_config`;

CREATE TABLE `plugin_config` (
  `id` mediumint(8) unsigned NOT NULL AUTO_INCREMENT,
  `directory` varchar(32) COLLATE utf8mb4_unicode_ci NOT NULL DEFAULT '',
  `name` varchar(64) COLLATE utf8mb4_unicode_ci NOT NULL DEFAULT '',
  `status` tinyint(2) NOT NULL DEFAULT 0,
  `author` varchar(64) COLLATE utf8mb4_unicode_ci NOT NULL DEFAULT '',
  `webpage` varchar(255) COLLATE utf8mb4_unicode_ci NOT NULL DEFAULT '',
  `version` varchar(10) COLLATE utf8mb4_unicode_ci NOT NULL DEFAULT '',
  PRIMARY KEY (`id`),
  KEY `status` (`status`),
  KEY `directory` (`directory`)
) ENGINE=InnoDB DEFAULT CHARSET=utf8mb4 COLLATE=utf8mb4_unicode_ci ROW_FORMAT=DYNAMIC;



# Dump of table plugin_db_changes
# ------------------------------------------------------------

DROP TABLE IF EXISTS `plugin_db_changes`;

CREATE TABLE `plugin_db_changes` (
  `id` mediumint(8) unsigned NOT NULL AUTO_INCREMENT,
  `plugin` varchar(16) COLLATE utf8mb4_unicode_ci NOT NULL DEFAULT '',
  `table` varchar(64) COLLATE utf8mb4_unicode_ci NOT NULL DEFAULT '',
  `column` varchar(64) COLLATE utf8mb4_unicode_ci NOT NULL,
  `method` varchar(16) COLLATE utf8mb4_unicode_ci NOT NULL DEFAULT '',
  PRIMARY KEY (`id`),
  KEY `plugin` (`plugin`),
  KEY `method` (`method`)
) ENGINE=InnoDB DEFAULT CHARSET=utf8mb4 COLLATE=utf8mb4_unicode_ci ROW_FORMAT=DYNAMIC;



# Dump of table plugin_hooks
# ------------------------------------------------------------

DROP TABLE IF EXISTS `plugin_hooks`;

CREATE TABLE `plugin_hooks` (
  `id` mediumint(8) unsigned NOT NULL AUTO_INCREMENT,
  `name` varchar(32) COLLATE utf8mb4_unicode_ci NOT NULL DEFAULT '',
  `hook` varchar(64) COLLATE utf8mb4_unicode_ci NOT NULL DEFAULT '',
  `file` varchar(255) COLLATE utf8mb4_unicode_ci NOT NULL DEFAULT '',
  `function` varchar(128) COLLATE utf8mb4_unicode_ci NOT NULL DEFAULT '',
  `status` int(8) NOT NULL DEFAULT 0,
  PRIMARY KEY (`id`),
  KEY `hook` (`hook`),
  KEY `status` (`status`)
) ENGINE=InnoDB DEFAULT CHARSET=utf8mb4 COLLATE=utf8mb4_unicode_ci ROW_FORMAT=DYNAMIC;

LOCK TABLES `plugin_hooks` WRITE;
/*!40000 ALTER TABLE `plugin_hooks` DISABLE KEYS */;

INSERT INTO `plugin_hooks` (`id`, `name`, `hook`, `file`, `function`, `status`)
VALUES
	(1,'internal','config_arrays','','plugin_config_arrays',1),
	(2,'internal','draw_navigation_text','','plugin_draw_navigation_text',1);

/*!40000 ALTER TABLE `plugin_hooks` ENABLE KEYS */;
UNLOCK TABLES;


# Dump of table plugin_realms
# ------------------------------------------------------------

DROP TABLE IF EXISTS `plugin_realms`;

CREATE TABLE `plugin_realms` (
  `id` mediumint(8) unsigned NOT NULL AUTO_INCREMENT,
  `plugin` varchar(32) COLLATE utf8mb4_unicode_ci NOT NULL DEFAULT '',
  `file` text COLLATE utf8mb4_unicode_ci NOT NULL,
  `display` varchar(64) COLLATE utf8mb4_unicode_ci NOT NULL DEFAULT '',
  PRIMARY KEY (`id`),
  KEY `plugin` (`plugin`)
) ENGINE=InnoDB DEFAULT CHARSET=utf8mb4 COLLATE=utf8mb4_unicode_ci ROW_FORMAT=DYNAMIC;

LOCK TABLES `plugin_realms` WRITE;
/*!40000 ALTER TABLE `plugin_realms` DISABLE KEYS */;

INSERT INTO `plugin_realms` (`id`, `plugin`, `file`, `display`)
VALUES
	(1,'internal','plugins.php','Plugin Management');

/*!40000 ALTER TABLE `plugin_realms` ENABLE KEYS */;
UNLOCK TABLES;


# Dump of table poller
# ------------------------------------------------------------

DROP TABLE IF EXISTS `poller`;

CREATE TABLE `poller` (
  `id` smallint(5) unsigned NOT NULL AUTO_INCREMENT,
  `disabled` char(2) COLLATE utf8mb4_unicode_ci DEFAULT '',
  `name` varchar(30) COLLATE utf8mb4_unicode_ci DEFAULT NULL,
  `notes` varchar(1024) COLLATE utf8mb4_unicode_ci DEFAULT '',
  `status` int(10) unsigned NOT NULL DEFAULT 0,
  `timezone` varchar(40) COLLATE utf8mb4_unicode_ci DEFAULT '',
  `hostname` varchar(100) COLLATE utf8mb4_unicode_ci NOT NULL DEFAULT '',
  `dbdefault` varchar(20) COLLATE utf8mb4_unicode_ci NOT NULL DEFAULT '',
  `dbhost` varchar(64) COLLATE utf8mb4_unicode_ci NOT NULL DEFAULT '',
  `dbuser` varchar(20) COLLATE utf8mb4_unicode_ci NOT NULL DEFAULT '',
  `dbpass` varchar(64) COLLATE utf8mb4_unicode_ci NOT NULL DEFAULT '',
  `dbport` int(10) unsigned DEFAULT 3306,
  `dbssl` char(3) COLLATE utf8mb4_unicode_ci DEFAULT '',
  `dbsslkey` varchar(255) COLLATE utf8mb4_unicode_ci DEFAULT NULL,
  `dbsslcert` varchar(255) COLLATE utf8mb4_unicode_ci DEFAULT NULL,
  `dbsslca` varchar(255) COLLATE utf8mb4_unicode_ci DEFAULT NULL,
  `total_time` double DEFAULT 0,
  `max_time` double DEFAULT NULL,
  `min_time` double DEFAULT NULL,
  `avg_time` double DEFAULT NULL,
  `total_polls` int(10) unsigned DEFAULT 0,
  `processes` int(10) unsigned DEFAULT 1,
  `threads` int(10) unsigned DEFAULT 1,
  `sync_interval` int(10) unsigned DEFAULT 7200,
  `snmp` mediumint(8) unsigned DEFAULT 0,
  `script` mediumint(8) unsigned DEFAULT 0,
  `server` mediumint(8) unsigned DEFAULT 0,
  `last_update` timestamp NOT NULL DEFAULT '0000-00-00 00:00:00',
  `last_status` timestamp NOT NULL DEFAULT '0000-00-00 00:00:00',
  `last_sync` timestamp NOT NULL DEFAULT '0000-00-00 00:00:00',
  `requires_sync` char(2) COLLATE utf8mb4_unicode_ci DEFAULT '',
  PRIMARY KEY (`id`),
  KEY `name` (`name`),
  KEY `disabled` (`disabled`)
) ENGINE=InnoDB DEFAULT CHARSET=utf8mb4 COLLATE=utf8mb4_unicode_ci ROW_FORMAT=DYNAMIC COMMENT='Pollers for Cacti';

LOCK TABLES `poller` WRITE;
/*!40000 ALTER TABLE `poller` DISABLE KEYS */;

INSERT INTO `poller` (`id`, `disabled`, `name`, `notes`, `status`, `timezone`, `hostname`, `dbdefault`, `dbhost`, `dbuser`, `dbpass`, `dbport`, `dbssl`, `dbsslkey`, `dbsslcert`, `dbsslca`, `total_time`, `max_time`, `min_time`, `avg_time`, `total_polls`, `processes`, `threads`, `sync_interval`, `snmp`, `script`, `server`, `last_update`, `last_status`, `last_sync`, `requires_sync`)
VALUES
	(1,'','Main Poller','',2,'','cacti','','db','','',3306,'',NULL,NULL,NULL,1.3304,1.3303990364075,1.1593978404999,1.2094732172349,34,1,1,7200,0,0,0,'2022-09-08 09:03:03','2022-09-08 09:03:03','0000-00-00 00:00:00','');

/*!40000 ALTER TABLE `poller` ENABLE KEYS */;
UNLOCK TABLES;


# Dump of table poller_command
# ------------------------------------------------------------

DROP TABLE IF EXISTS `poller_command`;

CREATE TABLE `poller_command` (
  `poller_id` smallint(5) unsigned NOT NULL DEFAULT 1,
  `time` timestamp NOT NULL DEFAULT '0000-00-00 00:00:00',
  `action` tinyint(3) unsigned NOT NULL DEFAULT 0,
  `command` varchar(191) COLLATE utf8mb4_unicode_ci NOT NULL DEFAULT '',
  `last_updated` timestamp NOT NULL DEFAULT current_timestamp() ON UPDATE current_timestamp(),
  PRIMARY KEY (`poller_id`,`action`,`command`),
  KEY `poller_id_last_updated` (`poller_id`,`last_updated`)
) ENGINE=InnoDB DEFAULT CHARSET=utf8mb4 COLLATE=utf8mb4_unicode_ci ROW_FORMAT=DYNAMIC;



# Dump of table poller_data_template_field_mappings
# ------------------------------------------------------------

DROP TABLE IF EXISTS `poller_data_template_field_mappings`;

CREATE TABLE `poller_data_template_field_mappings` (
  `data_template_id` int(10) unsigned NOT NULL DEFAULT 0,
  `data_name` varchar(40) COLLATE utf8mb4_unicode_ci NOT NULL DEFAULT '',
  `data_source_names` varchar(125) COLLATE utf8mb4_unicode_ci NOT NULL DEFAULT '',
  `last_updated` timestamp NOT NULL DEFAULT current_timestamp() ON UPDATE current_timestamp(),
  PRIMARY KEY (`data_template_id`,`data_name`,`data_source_names`)
) ENGINE=InnoDB DEFAULT CHARSET=utf8mb4 COLLATE=utf8mb4_unicode_ci ROW_FORMAT=DYNAMIC COMMENT='Tracks mapping of Data Templates to their Data Source Names';

LOCK TABLES `poller_data_template_field_mappings` WRITE;
/*!40000 ALTER TABLE `poller_data_template_field_mappings` DISABLE KEYS */;

INSERT INTO `poller_data_template_field_mappings` (`data_template_id`, `data_name`, `data_source_names`, `last_updated`)
VALUES
	(1,'DataSources','DataSources','2022-09-08 08:26:22'),
	(1,'Hosts','Hosts','2022-09-08 08:26:22'),
	(1,'HostsPerProcess','HostsPerProcess','2022-09-08 08:26:22'),
	(1,'Processes','Processes','2022-09-08 08:26:22'),
	(1,'RRDsProcessed','RRDsProcessed','2022-09-08 08:26:22'),
	(1,'Threads','Threads','2022-09-08 08:26:22'),
	(1,'Time','Time','2022-09-08 08:26:22'),
	(2,'RRDUpdates','rrdupdates','2022-09-08 08:26:22'),
	(2,'Time','time','2022-09-08 08:26:22'),
	(3,'script','script','2022-09-08 08:26:22'),
	(3,'script_server','script_server','2022-09-08 08:26:22'),
	(3,'snmp','snmp','2022-09-08 08:26:22'),
	(4,'DevicesRecached','hosts','2022-09-08 08:26:22'),
	(4,'RecacheTime','time','2022-09-08 08:26:22'),
	(5,'boost_peak_memory','boost_peak_memory','2022-09-08 08:26:22'),
	(6,'active','active','2022-09-08 08:26:22'),
	(6,'garbage','garbage','2022-09-08 08:26:22'),
	(6,'invalid','invalid','2022-09-08 08:26:22'),
	(6,'sleeping','sleeping','2022-09-08 08:26:22'),
	(6,'uactive','uactive','2022-09-08 08:26:22'),
	(6,'usleeping','usleeping','2022-09-08 08:26:22'),
	(6,'valid','valid','2022-09-08 08:26:22'),
	(7,'TotalGraphsExported','ExportGraphs','2022-09-08 08:26:22'),
	(8,'ExportDuration','ExportDuration','2022-09-08 08:26:22'),
	(9,'alarms','alarms','2022-09-08 08:26:22'),
	(9,'deletes','deletes','2022-09-08 08:26:22'),
	(9,'incoming','incoming','2022-09-08 08:26:22'),
	(9,'removes','removes','2022-09-08 08:26:22'),
	(9,'xfers','xfers','2022-09-08 08:26:22'),
	(10,'syslogRuntime','syslogRuntime','2022-09-08 08:26:22'),
	(11,'alerts','alerts','2022-09-08 08:26:22'),
	(11,'reports','reports','2022-09-08 08:26:22'),
	(12,'tholdRuntime','tholdRuntime','2022-09-08 08:26:22'),
	(13,'boost_avg_size','boost_avg_size','2022-09-08 08:26:22'),
	(14,'boost_records','boost_records','2022-09-08 08:26:22'),
	(15,'boost_table','boost_table','2022-09-08 08:26:22'),
	(16,'rrd_delete','rrd_delete','2022-09-08 08:26:22'),
	(16,'rrd_get_records','rrd_get_records','2022-09-08 08:26:22'),
	(16,'rrd_lastupdate','rrd_lastupdate','2022-09-08 08:26:22'),
	(16,'rrd_results_cycle','rrd_results_cycle','2022-09-08 08:26:22'),
	(16,'rrd_template','rrd_template','2022-09-08 08:26:22'),
	(16,'rrd_update','rrd_update','2022-09-08 08:26:22'),
	(21,'script','totalTime','2022-09-08 08:26:22'),
	(28,'polling_time','polling_time','2022-09-08 08:26:37'),
	(29,'uptime','uptime','2022-09-08 08:26:37'),
	(30,'avg','avg','2022-09-08 08:26:37'),
	(30,'dev','dev','2022-09-08 08:26:37'),
	(30,'loss','loss','2022-09-08 08:26:37'),
	(30,'max','max','2022-09-08 08:26:37'),
	(30,'min','min','2022-09-08 08:26:37'),
	(35,'load','load','2022-09-08 08:26:27');

/*!40000 ALTER TABLE `poller_data_template_field_mappings` ENABLE KEYS */;
UNLOCK TABLES;


# Dump of table poller_item
# ------------------------------------------------------------

DROP TABLE IF EXISTS `poller_item`;

CREATE TABLE `poller_item` (
  `local_data_id` int(10) unsigned NOT NULL DEFAULT 0,
  `poller_id` int(10) unsigned NOT NULL DEFAULT 1,
  `host_id` mediumint(8) unsigned NOT NULL DEFAULT 0,
  `action` tinyint(2) unsigned NOT NULL DEFAULT 1,
  `present` tinyint(4) NOT NULL DEFAULT 1,
  `last_updated` timestamp NOT NULL DEFAULT current_timestamp() ON UPDATE current_timestamp(),
  `hostname` varchar(100) COLLATE utf8mb4_unicode_ci NOT NULL DEFAULT '',
  `snmp_community` varchar(100) COLLATE utf8mb4_unicode_ci NOT NULL DEFAULT '',
  `snmp_version` tinyint(1) unsigned NOT NULL DEFAULT 0,
  `snmp_username` varchar(50) COLLATE utf8mb4_unicode_ci NOT NULL DEFAULT '',
  `snmp_password` varchar(50) COLLATE utf8mb4_unicode_ci NOT NULL DEFAULT '',
  `snmp_auth_protocol` char(6) COLLATE utf8mb4_unicode_ci NOT NULL DEFAULT '',
  `snmp_priv_passphrase` varchar(200) COLLATE utf8mb4_unicode_ci NOT NULL DEFAULT '',
  `snmp_priv_protocol` char(6) COLLATE utf8mb4_unicode_ci NOT NULL DEFAULT '',
  `snmp_context` varchar(64) COLLATE utf8mb4_unicode_ci DEFAULT '',
  `snmp_engine_id` varchar(64) COLLATE utf8mb4_unicode_ci DEFAULT '',
  `snmp_port` mediumint(5) unsigned NOT NULL DEFAULT 161,
  `snmp_timeout` mediumint(8) unsigned NOT NULL DEFAULT 0,
  `rrd_name` varchar(19) COLLATE utf8mb4_unicode_ci NOT NULL DEFAULT '',
  `rrd_path` varchar(255) COLLATE utf8mb4_unicode_ci NOT NULL DEFAULT '',
  `rrd_num` tinyint(2) unsigned NOT NULL DEFAULT 0,
  `rrd_step` mediumint(8) NOT NULL DEFAULT 300,
  `rrd_next_step` mediumint(8) NOT NULL DEFAULT 0,
  `arg1` text COLLATE utf8mb4_unicode_ci DEFAULT NULL,
  `arg2` varchar(255) COLLATE utf8mb4_unicode_ci DEFAULT NULL,
  `arg3` varchar(255) COLLATE utf8mb4_unicode_ci DEFAULT NULL,
  PRIMARY KEY (`local_data_id`,`rrd_name`),
  KEY `host_id` (`host_id`),
  KEY `action` (`action`),
  KEY `present` (`present`),
  KEY `poller_id_host_id` (`poller_id`,`host_id`),
  KEY `poller_id_rrd_next_step` (`poller_id`,`rrd_next_step`),
  KEY `poller_id_action` (`poller_id`,`action`),
  KEY `poller_id_last_updated` (`poller_id`,`last_updated`)
) ENGINE=InnoDB DEFAULT CHARSET=utf8mb4 COLLATE=utf8mb4_unicode_ci ROW_FORMAT=DYNAMIC;



# Dump of table poller_output
# ------------------------------------------------------------

DROP TABLE IF EXISTS `poller_output`;

CREATE TABLE `poller_output` (
  `local_data_id` int(10) unsigned NOT NULL DEFAULT 0,
  `rrd_name` varchar(19) COLLATE utf8mb4_unicode_ci NOT NULL DEFAULT '',
  `time` timestamp NOT NULL DEFAULT '0000-00-00 00:00:00',
  `output` varchar(512) COLLATE utf8mb4_unicode_ci NOT NULL DEFAULT '',
  PRIMARY KEY (`local_data_id`,`rrd_name`,`time`) USING BTREE
) ENGINE=MEMORY DEFAULT CHARSET=utf8mb4 COLLATE=utf8mb4_unicode_ci;



# Dump of table poller_output_boost
# ------------------------------------------------------------

DROP TABLE IF EXISTS `poller_output_boost`;

CREATE TABLE `poller_output_boost` (
  `local_data_id` int(10) unsigned NOT NULL DEFAULT 0,
  `rrd_name` varchar(19) COLLATE utf8mb4_unicode_ci NOT NULL DEFAULT '',
  `time` timestamp NOT NULL DEFAULT '0000-00-00 00:00:00',
  `output` varchar(512) COLLATE utf8mb4_unicode_ci NOT NULL,
  PRIMARY KEY (`local_data_id`,`time`,`rrd_name`) USING BTREE
) ENGINE=InnoDB DEFAULT CHARSET=utf8mb4 COLLATE=utf8mb4_unicode_ci ROW_FORMAT=DYNAMIC;



# Dump of table poller_output_boost_processes
# ------------------------------------------------------------

DROP TABLE IF EXISTS `poller_output_boost_processes`;

CREATE TABLE `poller_output_boost_processes` (
  `sock_int_value` bigint(20) unsigned NOT NULL AUTO_INCREMENT,
  `status` varchar(255) COLLATE utf8mb4_unicode_ci DEFAULT NULL,
  PRIMARY KEY (`sock_int_value`)
) ENGINE=MEMORY DEFAULT CHARSET=utf8mb4 COLLATE=utf8mb4_unicode_ci;



# Dump of table poller_output_realtime
# ------------------------------------------------------------

DROP TABLE IF EXISTS `poller_output_realtime`;

CREATE TABLE `poller_output_realtime` (
  `local_data_id` int(10) unsigned NOT NULL DEFAULT 0,
  `rrd_name` varchar(19) COLLATE utf8mb4_unicode_ci NOT NULL DEFAULT '',
  `time` timestamp NOT NULL DEFAULT '0000-00-00 00:00:00',
  `output` text COLLATE utf8mb4_unicode_ci NOT NULL,
  `poller_id` varchar(256) COLLATE utf8mb4_unicode_ci NOT NULL DEFAULT '1',
  PRIMARY KEY (`local_data_id`,`rrd_name`,`time`,`poller_id`),
  KEY `poller_id` (`poller_id`(191)),
  KEY `time` (`time`)
) ENGINE=InnoDB DEFAULT CHARSET=utf8mb4 COLLATE=utf8mb4_unicode_ci ROW_FORMAT=DYNAMIC;



# Dump of table poller_reindex
# ------------------------------------------------------------

DROP TABLE IF EXISTS `poller_reindex`;

CREATE TABLE `poller_reindex` (
  `host_id` mediumint(8) unsigned NOT NULL DEFAULT 0,
  `data_query_id` mediumint(8) unsigned NOT NULL DEFAULT 0,
  `action` tinyint(3) unsigned NOT NULL DEFAULT 0,
  `present` tinyint(4) NOT NULL DEFAULT 1,
  `op` char(1) COLLATE utf8mb4_unicode_ci NOT NULL DEFAULT '',
  `assert_value` varchar(100) COLLATE utf8mb4_unicode_ci NOT NULL DEFAULT '',
  `arg1` varchar(255) COLLATE utf8mb4_unicode_ci NOT NULL DEFAULT '',
  PRIMARY KEY (`host_id`,`data_query_id`,`arg1`(187)),
  KEY `present` (`present`)
) ENGINE=InnoDB DEFAULT CHARSET=utf8mb4 COLLATE=utf8mb4_unicode_ci ROW_FORMAT=DYNAMIC;



# Dump of table poller_resource_cache
# ------------------------------------------------------------

DROP TABLE IF EXISTS `poller_resource_cache`;

CREATE TABLE `poller_resource_cache` (
  `id` int(10) unsigned NOT NULL AUTO_INCREMENT,
  `resource_type` varchar(20) COLLATE utf8mb4_unicode_ci DEFAULT NULL,
  `md5sum` varchar(32) COLLATE utf8mb4_unicode_ci DEFAULT NULL,
  `path` varchar(191) COLLATE utf8mb4_unicode_ci DEFAULT NULL,
  `update_time` timestamp NOT NULL DEFAULT '0000-00-00 00:00:00',
  `contents` longblob DEFAULT NULL,
  `attributes` int(10) unsigned DEFAULT 0,
  PRIMARY KEY (`id`),
  UNIQUE KEY `path` (`path`)
) ENGINE=InnoDB DEFAULT CHARSET=utf8mb4 COLLATE=utf8mb4_unicode_ci ROW_FORMAT=DYNAMIC COMMENT='Caches all scripts, resources files, and plugins';



# Dump of table poller_time
# ------------------------------------------------------------

DROP TABLE IF EXISTS `poller_time`;

CREATE TABLE `poller_time` (
  `id` bigint(20) unsigned NOT NULL AUTO_INCREMENT,
  `pid` int(11) unsigned NOT NULL DEFAULT 0,
  `poller_id` int(10) unsigned NOT NULL DEFAULT 1,
  `start_time` timestamp NOT NULL DEFAULT '0000-00-00 00:00:00',
  `end_time` timestamp NOT NULL DEFAULT '0000-00-00 00:00:00',
  PRIMARY KEY (`id`),
  KEY `poller_id_end_time` (`poller_id`,`end_time`)
) ENGINE=InnoDB DEFAULT CHARSET=utf8mb4 COLLATE=utf8mb4_unicode_ci ROW_FORMAT=DYNAMIC;

LOCK TABLES `poller_time` WRITE;
/*!40000 ALTER TABLE `poller_time` DISABLE KEYS */;

INSERT INTO `poller_time` (`id`, `pid`, `poller_id`, `start_time`, `end_time`)
VALUES
	(37,11177,1,'2022-09-08 09:03:02','2022-09-08 09:03:02'),
	(38,11184,1,'2022-09-08 09:03:02','2022-09-08 09:03:02');

/*!40000 ALTER TABLE `poller_time` ENABLE KEYS */;
UNLOCK TABLES;


# Dump of table processes
# ------------------------------------------------------------

DROP TABLE IF EXISTS `processes`;

CREATE TABLE `processes` (
  `id` bigint(20) unsigned NOT NULL AUTO_INCREMENT,
  `pid` int(10) unsigned NOT NULL DEFAULT 0,
  `tasktype` varchar(20) COLLATE utf8mb4_unicode_ci NOT NULL DEFAULT '',
  `taskname` varchar(40) COLLATE utf8mb4_unicode_ci NOT NULL DEFAULT '',
  `taskid` int(10) unsigned NOT NULL DEFAULT 0,
  `timeout` int(11) DEFAULT 300,
  `started` timestamp NOT NULL DEFAULT current_timestamp(),
  `last_update` timestamp NOT NULL DEFAULT '0000-00-00 00:00:00',
  PRIMARY KEY (`pid`,`tasktype`,`taskname`,`taskid`),
  KEY `tasktype` (`tasktype`),
  KEY `pid` (`pid`),
  KEY `id` (`id`)
) ENGINE=MEMORY DEFAULT CHARSET=utf8mb4 COLLATE=utf8mb4_unicode_ci COMMENT='Stores Process Status for Cacti Background Processes';



# Dump of table reports
# ------------------------------------------------------------

DROP TABLE IF EXISTS `reports`;

CREATE TABLE `reports` (
  `id` mediumint(8) unsigned NOT NULL AUTO_INCREMENT,
  `user_id` mediumint(8) unsigned NOT NULL DEFAULT 0,
  `name` varchar(100) COLLATE utf8mb4_unicode_ci NOT NULL DEFAULT '',
  `cformat` char(2) COLLATE utf8mb4_unicode_ci NOT NULL DEFAULT '',
  `format_file` varchar(255) COLLATE utf8mb4_unicode_ci NOT NULL DEFAULT '',
  `font_size` smallint(2) unsigned NOT NULL DEFAULT 0,
  `alignment` smallint(2) unsigned NOT NULL DEFAULT 0,
  `graph_linked` char(2) COLLATE utf8mb4_unicode_ci NOT NULL DEFAULT '',
  `intrvl` smallint(2) unsigned NOT NULL DEFAULT 0,
  `count` smallint(2) unsigned NOT NULL DEFAULT 0,
  `offset` int(12) unsigned NOT NULL DEFAULT 0,
  `mailtime` bigint(20) unsigned NOT NULL DEFAULT 0,
  `subject` varchar(64) COLLATE utf8mb4_unicode_ci NOT NULL DEFAULT '',
  `from_name` varchar(40) COLLATE utf8mb4_unicode_ci NOT NULL,
  `from_email` text COLLATE utf8mb4_unicode_ci NOT NULL,
  `email` text COLLATE utf8mb4_unicode_ci NOT NULL,
  `bcc` text COLLATE utf8mb4_unicode_ci NOT NULL,
  `attachment_type` smallint(2) unsigned NOT NULL DEFAULT 1,
  `graph_height` smallint(2) unsigned NOT NULL DEFAULT 0,
  `graph_width` smallint(2) unsigned NOT NULL DEFAULT 0,
  `graph_columns` smallint(2) unsigned NOT NULL DEFAULT 0,
  `thumbnails` char(2) COLLATE utf8mb4_unicode_ci NOT NULL DEFAULT '',
  `lastsent` bigint(20) unsigned NOT NULL DEFAULT 0,
  `enabled` char(2) COLLATE utf8mb4_unicode_ci DEFAULT '',
  PRIMARY KEY (`id`),
  KEY `mailtime` (`mailtime`)
) ENGINE=InnoDB DEFAULT CHARSET=utf8mb4 COLLATE=utf8mb4_unicode_ci ROW_FORMAT=DYNAMIC COMMENT='Cacri Reporting Reports';



# Dump of table reports_items
# ------------------------------------------------------------

DROP TABLE IF EXISTS `reports_items`;

CREATE TABLE `reports_items` (
  `id` int(10) unsigned NOT NULL AUTO_INCREMENT,
  `report_id` int(10) unsigned NOT NULL DEFAULT 0,
  `item_type` tinyint(1) unsigned NOT NULL DEFAULT 1,
  `tree_id` int(10) unsigned NOT NULL DEFAULT 0,
  `branch_id` int(10) unsigned NOT NULL DEFAULT 0,
  `tree_cascade` char(2) COLLATE utf8mb4_unicode_ci NOT NULL DEFAULT '',
  `graph_name_regexp` varchar(128) COLLATE utf8mb4_unicode_ci NOT NULL DEFAULT '',
  `host_template_id` int(10) unsigned NOT NULL DEFAULT 0,
  `host_id` int(10) unsigned NOT NULL DEFAULT 0,
  `graph_template_id` int(10) unsigned NOT NULL DEFAULT 0,
  `local_graph_id` int(10) unsigned NOT NULL DEFAULT 0,
  `timespan` int(10) unsigned NOT NULL DEFAULT 0,
  `align` tinyint(1) unsigned NOT NULL DEFAULT 1,
  `item_text` text COLLATE utf8mb4_unicode_ci NOT NULL,
  `font_size` smallint(2) unsigned NOT NULL DEFAULT 10,
  `sequence` smallint(5) unsigned NOT NULL DEFAULT 0,
  PRIMARY KEY (`id`),
  KEY `report_id` (`report_id`)
) ENGINE=InnoDB DEFAULT CHARSET=utf8mb4 COLLATE=utf8mb4_unicode_ci ROW_FORMAT=DYNAMIC COMMENT='Cacti Reporting Items';



# Dump of table sessions
# ------------------------------------------------------------

DROP TABLE IF EXISTS `sessions`;

CREATE TABLE `sessions` (
  `id` varchar(32) COLLATE utf8mb4_unicode_ci NOT NULL,
  `remote_addr` varchar(25) COLLATE utf8mb4_unicode_ci NOT NULL DEFAULT '',
  `access` int(10) unsigned DEFAULT NULL,
  `data` mediumblob DEFAULT NULL,
  `user_id` int(10) unsigned NOT NULL DEFAULT 0,
  `user_agent` varchar(128) COLLATE utf8mb4_unicode_ci NOT NULL DEFAULT '',
  `start_time` timestamp NOT NULL DEFAULT current_timestamp(),
  `transactions` int(10) unsigned NOT NULL DEFAULT 1,
  PRIMARY KEY (`id`)
) ENGINE=InnoDB DEFAULT CHARSET=utf8mb4 COLLATE=utf8mb4_unicode_ci ROW_FORMAT=DYNAMIC COMMENT='Used for Database based Session Storage';



# Dump of table settings
# ------------------------------------------------------------

DROP TABLE IF EXISTS `settings`;

CREATE TABLE `settings` (
  `name` varchar(50) COLLATE utf8mb4_unicode_ci NOT NULL DEFAULT '',
  `value` varchar(2048) COLLATE utf8mb4_unicode_ci NOT NULL DEFAULT '',
  PRIMARY KEY (`name`)
) ENGINE=InnoDB DEFAULT CHARSET=utf8mb4 COLLATE=utf8mb4_unicode_ci ROW_FORMAT=DYNAMIC;

LOCK TABLES `settings` WRITE;
/*!40000 ALTER TABLE `settings` DISABLE KEYS */;

INSERT INTO `settings` (`name`, `value`)
VALUES
	('auth_method','1'),
	('boost_poller_mem_limit','1024'),
	('boost_redirect','on'),
	('boost_rrd_update_enable','on'),
	('boost_rrd_update_interval','60'),
	('boost_rrd_update_max_records','1000000'),
	('boost_rrd_update_max_records_per_select','50000'),
	('boost_rrd_update_max_runtime','1200'),
	('boost_rrd_update_string_length','2000'),
	('boost_rrd_update_system_enable','on'),
	('concurrent_processes','1'),
	('cron_interval','300'),
	('date','2022-09-08 09:03:02'),
	('max_threads','1'),
	('path_spine','/spine/bin/spine'),
	('path_spine_config','/spine/etc/spine.conf'),
	('path_webroot','/cacti'),
	('poller_interval','60'),
	('poller_lastrun_1','1662652802'),
	('poller_replicate_data_input_crc','fd8695c0d49a034cb9102e79eb654a1ff837bf32'),
	('poller_replicate_data_input_fields_crc','689e1edccd9d6a0b4c97e75a2bc708712abb08f8'),
	('poller_replicate_snmp_query_crc','b8e1cc84c1e323216d5a468056b1051b12d79cfe'),
	('poller_type','2'),
	('selected_theme','modern'),
	('sess_allowed_templates_lastchange','1662650800'),
	('stats_poller','Time:1.3304 Method:spine Processes:1 Threads:1 Hosts:1 HostsPerProcess:1 DataSources:0 RRDsProcessed:0'),
	('stats_recache_1','Poller:1 RecacheTime:0.0 DevicesRecached:0');

/*!40000 ALTER TABLE `settings` ENABLE KEYS */;
UNLOCK TABLES;


# Dump of table settings_tree
# ------------------------------------------------------------

DROP TABLE IF EXISTS `settings_tree`;

CREATE TABLE `settings_tree` (
  `user_id` mediumint(8) unsigned NOT NULL DEFAULT 0,
  `graph_tree_item_id` int(10) unsigned NOT NULL DEFAULT 0,
  `status` tinyint(1) NOT NULL DEFAULT 0,
  PRIMARY KEY (`user_id`,`graph_tree_item_id`)
) ENGINE=InnoDB DEFAULT CHARSET=utf8mb4 COLLATE=utf8mb4_unicode_ci ROW_FORMAT=DYNAMIC;



# Dump of table settings_user
# ------------------------------------------------------------

DROP TABLE IF EXISTS `settings_user`;

CREATE TABLE `settings_user` (
  `user_id` smallint(8) unsigned NOT NULL DEFAULT 0,
  `name` varchar(50) COLLATE utf8mb4_unicode_ci NOT NULL DEFAULT '',
  `value` varchar(2048) COLLATE utf8mb4_unicode_ci NOT NULL DEFAULT '',
  PRIMARY KEY (`user_id`,`name`)
) ENGINE=InnoDB DEFAULT CHARSET=utf8mb4 COLLATE=utf8mb4_unicode_ci ROW_FORMAT=DYNAMIC;



# Dump of table settings_user_group
# ------------------------------------------------------------

DROP TABLE IF EXISTS `settings_user_group`;

CREATE TABLE `settings_user_group` (
  `group_id` smallint(8) unsigned NOT NULL DEFAULT 0,
  `name` varchar(50) COLLATE utf8mb4_unicode_ci NOT NULL DEFAULT '',
  `value` varchar(2048) COLLATE utf8mb4_unicode_ci NOT NULL DEFAULT '',
  PRIMARY KEY (`group_id`,`name`)
) ENGINE=InnoDB DEFAULT CHARSET=utf8mb4 COLLATE=utf8mb4_unicode_ci ROW_FORMAT=DYNAMIC COMMENT='Stores the Default User Group Graph Settings';



# Dump of table sites
# ------------------------------------------------------------

DROP TABLE IF EXISTS `sites`;

CREATE TABLE `sites` (
  `id` int(10) unsigned NOT NULL AUTO_INCREMENT,
  `name` varchar(100) COLLATE utf8mb4_unicode_ci NOT NULL DEFAULT '',
  `address1` varchar(100) COLLATE utf8mb4_unicode_ci DEFAULT '',
  `address2` varchar(100) COLLATE utf8mb4_unicode_ci DEFAULT '',
  `city` varchar(50) COLLATE utf8mb4_unicode_ci DEFAULT '',
  `state` varchar(20) COLLATE utf8mb4_unicode_ci DEFAULT NULL,
  `postal_code` varchar(20) COLLATE utf8mb4_unicode_ci DEFAULT '',
  `country` varchar(30) COLLATE utf8mb4_unicode_ci DEFAULT '',
  `timezone` varchar(40) COLLATE utf8mb4_unicode_ci DEFAULT '',
  `latitude` decimal(13,10) NOT NULL DEFAULT 0.0000000000,
  `longitude` decimal(13,10) NOT NULL DEFAULT 0.0000000000,
  `zoom` tinyint(3) unsigned DEFAULT NULL,
  `alternate_id` varchar(30) COLLATE utf8mb4_unicode_ci DEFAULT '',
  `notes` varchar(1024) COLLATE utf8mb4_unicode_ci DEFAULT NULL,
  PRIMARY KEY (`id`),
  KEY `name` (`name`),
  KEY `city` (`city`),
  KEY `state` (`state`),
  KEY `postal_code` (`postal_code`),
  KEY `country` (`country`),
  KEY `alternate_id` (`alternate_id`)
) ENGINE=InnoDB DEFAULT CHARSET=utf8mb4 COLLATE=utf8mb4_unicode_ci ROW_FORMAT=DYNAMIC COMMENT='Contains information about customer sites';

LOCK TABLES `sites` WRITE;
/*!40000 ALTER TABLE `sites` DISABLE KEYS */;

INSERT INTO `sites` (`id`, `name`, `address1`, `address2`, `city`, `state`, `postal_code`, `country`, `timezone`, `latitude`, `longitude`, `zoom`, `alternate_id`, `notes`)
VALUES
	(1,'Edge','','','','','','','',0.0000000000,0.0000000000,0,'',''),
	(2,'Core','','','','','','','',0.0000000000,0.0000000000,0,'','');

/*!40000 ALTER TABLE `sites` ENABLE KEYS */;
UNLOCK TABLES;


# Dump of table snmp_query
# ------------------------------------------------------------

DROP TABLE IF EXISTS `snmp_query`;

CREATE TABLE `snmp_query` (
  `id` mediumint(8) unsigned NOT NULL AUTO_INCREMENT,
  `hash` varchar(32) COLLATE utf8mb4_unicode_ci NOT NULL DEFAULT '',
  `xml_path` varchar(255) COLLATE utf8mb4_unicode_ci NOT NULL DEFAULT '',
  `name` varchar(100) COLLATE utf8mb4_unicode_ci NOT NULL DEFAULT '',
  `description` varchar(255) COLLATE utf8mb4_unicode_ci DEFAULT NULL,
  `graph_template_id` mediumint(8) unsigned NOT NULL DEFAULT 0,
  `data_input_id` mediumint(8) unsigned NOT NULL DEFAULT 0,
  PRIMARY KEY (`id`),
  KEY `name` (`name`)
) ENGINE=InnoDB DEFAULT CHARSET=utf8mb4 COLLATE=utf8mb4_unicode_ci ROW_FORMAT=DYNAMIC;

LOCK TABLES `snmp_query` WRITE;
/*!40000 ALTER TABLE `snmp_query` DISABLE KEYS */;

INSERT INTO `snmp_query` (`id`, `hash`, `xml_path`, `name`, `description`, `graph_template_id`, `data_input_id`)
VALUES
	(1,'3a54461cc68c5a1bfb5500d0f6400ec1','<path_cacti>/resource/script_server/cpoller.xml','Cacti Stats - Data Collector Stats','Poller Statistics for Cacti\'s Main and Remote Data Collectors',0,12),
	(2,'0b2d6a21fdc0688028d66441ec0bfaab','<path_cacti>/resource/script_server/webseer.xml','Cacti Stats - WebSeer Service Checks','WebSeer Service Check Statistics',0,12),
	(3,'77d589f1eceb0a84fe25d8453b4f8749','<path_cacti>/resource/script_server/gexport.xml','Cacti Stats - Graph Exports','Graph Export Statistics for the Gexport Plugin',0,12),
	(4,'d75e406fdeca4fcef45b8be3a9a63cbc','<path_cacti>/resource/snmp_queries/interface.xml','SNMP - Interface Statistics','Queries a host for a list of monitorable interfaces',0,2),
	(5,'c885e0838e74b3c50db484aa14d7bf39','<path_cacti>/resource/snmp_queries/f5_bigip_vs.xml','F5 BIG-IP - VS Statistics','Pull per Virtual Server statistics from a F5 BigIP',0,2),
	(6,'eeef9af923acb747f23f5ab4bd028ce3','<path_cacti>/resource/snmp_queries/f5_bigip_ifStat.xml','F5 BIG-IP - Interface Statistics','Pull per Interface statistics from an F5 BigIP',0,2),
	(7,'93d6252545cdfd2a666da7ea8be667b5','<path_cacti>/resource/snmp_queries/f5_gtm_wip.xml','F5 GTM - WideIP Statistics','',0,2),
	(8,'adff648efcd1e181fbd0680f655bd752','<path_cacti>/resource/snmp_queries/f5_gtm_poolStat.xml','F5 GTM - Pool Statistics','',0,2),
	(9,'123ccf9b3d9170d4a3d9fe94e93f2d51','<path_cacti>/resource/snmp_queries/f5_bigip_pool.xml','F5 BIG-IP - Pool Statistics','F5 BIG-IP - Pool Statistics',0,2),
	(10,'eb4c089e5c8ecbe631cb6e6a6d68a90b','<path_cacti>/resource/snmp_queries/f5_bigip_if.xml','F5 BigIP - Interface Statistics','From F5 MIBS bigipsystem->sysNetwork->sysInterfaces->sysInterfaceStat',0,2),
	(11,'00f418c0db2ac96ac6617a8c048f48c6','<path_cacti>/resource/snmp_queries/f5_bigip_ltm_vs.xml','F5 BigIP - LTM VS Statistics','F5 BigIP LTM Virtual Server Statistics',0,2),
	(12,'ca4f8b9c57af2e10e7df325f36c748f9','<path_cacti>/resource/snmp_queries/f5_bigip_ltm_pool.xml','F5 BigIP - LTM Pool Statistics','F5 BigIP LTM Pool Statistics',0,2),
	(13,'2470514a149dae8b9e714e42da0534bb','<path_cacti>/resource/snmp_queries/f5_bigip_ltm_member.xml','F5 BigIP - LTM Member Statistics','F5 BigIP LTM Pool Member Statistics',0,2),
	(14,'c7cf1f4af9dfde3abdbcd2bc99093bb3','<path_cacti>/resource/snmp_queries/juniper_srx_central_point.xml','Juniper SRX - Central Point Statistics','Juniper SRX Central Point Statistics',0,2),
	(15,'9e815e3e771fe8d958f71513c6f3463c','<path_cacti>/resource/snmp_queries/juniper_srx_security_policy.xml','Juniper SRX - Security Policy Statistics','Juniper SRX Security Policy Statistics',0,2),
	(16,'aebfb497db6529e20aa8ad40ce9f8261','<path_cacti>/resource/snmp_queries/juniper_srx_services_processing_unit.xml','Juniper SRX - Services Processing Unit Statistics','Juniper SRX Services Processing Unit Statistics',0,2),
	(17,'e9e5448400001f24cfe5842dc9c42017','<path_cacti>/resource/snmp_queries/Juniper_Firewall_Filter.xml','Juniper - Firewall Filter Stats','Juniper Firewall Filter Stats',0,2),
	(18,'54fc05d2a7344e6cc5e49f37bf148a73','<path_cacti>/resource/snmp_queries/juniper_bgp_peer_state.xml','Juniper - BGP Peer State','Juniper - BGP Peer State',0,2),
	(19,'0ef63b05d1309438b14a87a171042e7e','<path_cacti>/resource/snmp_queries/juniper_re_stats.xml','Juniper - RE Stats','Juniper - RE Stats',0,2),
	(20,'03e209785135bd9d3095e1fee0ac6470','<path_cacti>/resource/snmp_queries/juniper_fpc_stats.xml','Juniper - FPC Stats','Juniper - FPC Stats',0,2),
	(21,'633ca6d4db96d9010f160d7c9bcb1d87','<path_cacti>/resource/snmp_queries/juniper_pem_stats.xml','Juniper - PEM Stats','Juniper - PEM Stats',0,2),
	(22,'6446d5093789c1561a5066867874fcfd','<path_cacti>/resource/snmp_queries/juniper_srx_screens.xml','Juniper SRX - Screen Statistics','',0,2);

/*!40000 ALTER TABLE `snmp_query` ENABLE KEYS */;
UNLOCK TABLES;


# Dump of table snmp_query_graph
# ------------------------------------------------------------

DROP TABLE IF EXISTS `snmp_query_graph`;

CREATE TABLE `snmp_query_graph` (
  `id` mediumint(8) unsigned NOT NULL AUTO_INCREMENT,
  `hash` varchar(32) COLLATE utf8mb4_unicode_ci NOT NULL DEFAULT '',
  `snmp_query_id` mediumint(8) unsigned NOT NULL DEFAULT 0,
  `name` varchar(100) COLLATE utf8mb4_unicode_ci NOT NULL DEFAULT '',
  `graph_template_id` mediumint(8) unsigned NOT NULL DEFAULT 0,
  PRIMARY KEY (`id`),
  KEY `graph_template_id_name` (`graph_template_id`,`name`),
  KEY `snmp_query_id_name` (`snmp_query_id`,`name`)
) ENGINE=InnoDB DEFAULT CHARSET=utf8mb4 COLLATE=utf8mb4_unicode_ci ROW_FORMAT=DYNAMIC;

LOCK TABLES `snmp_query_graph` WRITE;
/*!40000 ALTER TABLE `snmp_query_graph` DISABLE KEYS */;

INSERT INTO `snmp_query_graph` (`id`, `hash`, `snmp_query_id`, `name`, `graph_template_id`)
VALUES
	(1,'cfbbdbaba184a0fbea76fe33c64772e7',1,'Poller Items',24),
	(2,'ab2d927519ac4d7149785e457efedb5f',1,'Runtime',23),
	(3,'5296b23bc65c96473a863c5ca4222abf',1,'Processes/Threads',25),
	(4,'41f997af9bf01f3e0270f2ca4fccc55e',1,'Recache Stats',26),
	(5,'96b6db904fb34890d1e4befb3ef82836',2,'Timing',27),
	(6,'5e4c63456ecdccef5e461787a07b5e59',2,'Status',30),
	(7,'a8e3874adad4ec52b50279d1dcaae859',2,'Download Size',28),
	(8,'e53704d46bbd650b7766953c3a12733b',2,'Download Speed',29),
	(9,'87b10a33ccad3fb09b684f0d552b6bc7',3,'Export Duration',32),
	(10,'1d635a54202a94f9fc6ee27e4a2b2be8',3,'Exported Graphs',31),
	(11,'a4b829746fb45e35e10474c36c69c0cf',4,'In/Out (Errors/Discards)',38),
	(12,'01e33224f8b15997d3d09d6b1bf83e18',4,'In/Out (Non-Unicast)',40),
	(13,'1e6edee3115c42d644dbd014f0577066',4,'In/Out (Unicast)',39),
	(14,'ab93b588c29731ab15db601ca0bc9dec',4,'In/Out Bytes (64-bit)',41),
	(15,'ae34f5f385bed8c81a158bf3030f1089',4,'In/Out Bits',37),
	(16,'1e16a505ddefb40356221d7a50619d91',4,'In/Out Bits (64-bit)',37),
	(17,'d1e0d9b8efd4af98d28ce2aad81a87e7',4,'In/Out Bytes',41),
	(18,'ed7f68175d7bb83db8ead332fc945720',4,'In/Out Bits (95th)',42),
	(19,'f85386cd2fc94634ef167c7f1e5fbcd0',4,'In/Out Bits (BW)',43),
	(20,'7d309bf200b6e3cdb59a33493c2e58e0',4,'In/Out Bytes (BW)',44),
	(21,'a06c23783baa5022299706f5ff2a56e7',4,'In/Out Bits (64-bit, 95th)',42),
	(22,'1e24c56421c50a2114c15afd159a538c',4,'In/Out Bits (64-bit, BW)',43),
	(23,'fefe4ae1ec313b6875d6502319f08cde',4,'In/Out Bytes (64-bit, BW)',44),
	(24,'c5792b18bf1263b5bf3826f9196376d9',4,'In/Out (Broadcasts)',46),
	(25,'524e65b03f12b772f5c5bdad3f9dd783',4,'In/Out (Multicasts)',45),
	(26,'95030e795177cfc45ba10c937a5763d1',5,'VS Current Connections',81),
	(27,'a3ee25cf3235e0da8c1603045c29cd13',5,'VS Traffic (bits/sec) ',82),
	(28,'bd5fa7c11533918b5ddbfe492c9e49b7',5,'VS Connection Rate (Connections/sec)',83),
	(29,'c87b1b614699fb2be823432e98d0fd04',6,'F5 BigIP - Interface Traffic',84),
	(30,'3cbc6205bfd3fa955f7c8fa44600721d',7,'F5 GTM - WIP Stats',85),
	(31,'5577abf8535db450457977f0a4972f27',8,'F5 GTM - Pool Stats',86),
	(32,'445bb622d2c9546181afcae35522fa30',9,'Pool Traffic',89),
	(33,'f03f99d8e67031398246523cba214b19',9,'Pool Current Connections',87),
	(34,'166ccd37cc7fea5fe61faabe49867b3e',9,'Pool Connection Rate - Connections/sec',88),
	(35,'9294ca009e762ef828705e1acf919b98',10,'F5 BigIP - Interface - Errors',90),
	(36,'70288edab750bac131804d30f5beada5',10,'F5 BigIP - Interface - Packets Multicast',93),
	(37,'b361d6583aa79efb9d2a2d51016275bc',10,'F5 BigIP - Interface - Packets',92),
	(38,'3b08a4cabe119921db9b77eacf1c9c32',10,'F5 BigIP - Interface - Traffic',91),
	(39,'7646def927fd21a5ac850eba01eaa3fb',11,'F5 BigIP - VS - Connection Rate',81),
	(40,'c1206457ed0a90d483516d679c864a28',11,'F5 BigIP - VS - Packets',95),
	(41,'e5f9bfca8142e97e46e752a29f71be86',11,'F5 BigIP - VS - Traffic',94),
	(42,'054b7e515ff6153c2a03ef875d1f0424',11,'F5 BigIP - VS - Connections Current',96),
	(43,'bbc92c101f1417c3b557c156bac0f76e',12,'F5 BigIP - Pool - Traffic',100),
	(44,'f17485070e3ef4b160c10f47fb167a46',12,'F5 BigIP - Pool - Packets',99),
	(45,'e39bea8495da4965c39336cfba40b5ab',12,'F5 BigIP - Pool - Connections Current',97),
	(46,'a7409300fafd9640e458032cad8e5d51',12,'F5 BigIP - Pool - Connection Rate',98),
	(47,'862347134a6016a3aaa4bde6b6f95627',13,'F5 BigIP - Member - Connnection Rate',101),
	(48,'8457f71aab7ac7a443169eb4bec2e603',13,'F5 BigIP - Member - Connections Current',102),
	(49,'ff909b5bf807a6cf76f62ecc0006ca5f',13,'F5 BigIP - Member - Packets',103),
	(50,'66e29cc85a096f97006374aa7859d054',13,'F5 BigIP - Member - Traffic',104),
	(51,'708ab545d968591e7120cb7ad07b555b',14,'Sessions',107),
	(52,'e872ece4c1acfe6757ac0e0fdd1bf293',14,'Sessions Per Second',108),
	(53,'ec6d097f91b6ac083c942bed1804070e',15,'Security Policy Traffic',109),
	(54,'abcb5496b908d8005b5a0142c1b556d8',15,'Security Policy Packets',110),
	(55,'c490526ef4a559aac31a32a2362c221a',15,'Security Policy Lookups',111),
	(56,'909de95eb014fc01565c07ddf97046ac',15,'Security Policy Sessions',112),
	(57,'a05678a9c5bde4748ef85b902fb5d6fd',16,'CPU Utilization',113),
	(58,'e81aa685fad86a95aa0315fe9c6296ef',16,'Memory Utilization',114),
	(59,'4608e05a155a987ca38de0227b0d1854',16,'Flow Sessions',115),
	(60,'5b6633390447748ffaf10b24eb604963',16,'CP Sessions per SPU',116),
	(61,'2400d7d69ee3fa9bda1f70a70f07ffd7',17,'Firewall Filter Traffic',117),
	(62,'391da9c11adda95e670c8cdcc4bc6120',17,'Firewall Filter Packets',118),
	(63,'fb57412edaab18a58f3387134d12ff58',18,'Juniper - BGP Peer State',119),
	(64,'3a82273095956ce09b09d9e3e6012fd1',19,'CPU Utalization',120),
	(65,'7d347af9bfb56488d7230c7627116c6f',19,'Temperature',121),
	(66,'cec4380ad96af82ea33ac375e9f7097e',19,'Operational State',122),
	(67,'38385238beb5dcbc4fdeb217b999b60a',19,'Memory Utalization',123),
	(68,'342e246ae9d1fa86eeedb5d9d88a8236',20,'CPU Utalization',120),
	(69,'5ef56ce88873fcc6b621eb0dacb5f032',20,'Memory Utalization',123),
	(70,'953dbdcb5866a8b047a0ca737fd64087',20,'Operational State',122),
	(71,'9d685aaa9048187171c769dc69247566',20,'Temperature',121),
	(72,'304c0e953c9bec6f3f352533c9c86275',21,'Temperature',121),
	(73,'a9b2b365b063b17d33aa4a5080b4d529',21,'Operational State',122),
	(74,'fdbfaf9f9ac26b8b699a19b53556264f',22,'TCP',124),
	(75,'6faafa1aa26707d709bfd71f154782c1',22,'IP',125),
	(76,'ea15963d6ba6cbda532f106d4df9f9f3',22,'IP Route',126),
	(77,'0592caf2707cdd8aea5755712a5653d8',22,'ICMP',127),
	(78,'e3acb90572d74ac8a1720766c7288a4c',22,'Sessions',128),
	(79,'795bced762ca3ead5fdb33bb8fcef06b',22,'Flood',129);

/*!40000 ALTER TABLE `snmp_query_graph` ENABLE KEYS */;
UNLOCK TABLES;


# Dump of table snmp_query_graph_rrd
# ------------------------------------------------------------

DROP TABLE IF EXISTS `snmp_query_graph_rrd`;

CREATE TABLE `snmp_query_graph_rrd` (
  `snmp_query_graph_id` mediumint(8) unsigned NOT NULL DEFAULT 0,
  `data_template_id` mediumint(8) unsigned NOT NULL DEFAULT 0,
  `data_template_rrd_id` int(10) unsigned NOT NULL DEFAULT 0,
  `snmp_field_name` varchar(50) COLLATE utf8mb4_unicode_ci NOT NULL DEFAULT '0',
  PRIMARY KEY (`snmp_query_graph_id`,`data_template_id`,`data_template_rrd_id`),
  KEY `data_template_rrd_id` (`data_template_rrd_id`),
  KEY `snmp_query_graph_id` (`snmp_query_graph_id`)
) ENGINE=InnoDB DEFAULT CHARSET=utf8mb4 COLLATE=utf8mb4_unicode_ci ROW_FORMAT=DYNAMIC;

LOCK TABLES `snmp_query_graph_rrd` WRITE;
/*!40000 ALTER TABLE `snmp_query_graph_rrd` DISABLE KEYS */;

INSERT INTO `snmp_query_graph_rrd` (`snmp_query_graph_id`, `data_template_id`, `data_template_rrd_id`, `snmp_field_name`)
VALUES
	(1,18,47,'getSNMP'),
	(1,18,48,'getScript'),
	(1,18,49,'getScriptServer'),
	(2,17,43,'pollerTime'),
	(2,17,44,'maxTime'),
	(2,17,45,'minTime'),
	(2,17,46,'avgTime'),
	(3,19,50,'threadCount'),
	(3,19,51,'processCount'),
	(4,20,52,'recacheDevices'),
	(4,20,53,'recacheTime'),
	(5,21,54,'redirectTime'),
	(5,21,55,'totalTime'),
	(5,21,56,'connectTime'),
	(5,21,57,'lookupTime'),
	(6,24,60,'checkStatus'),
	(7,22,58,'downloadSize'),
	(8,23,59,'downloadSpeed'),
	(9,26,62,'lastRuntime'),
	(10,25,61,'totalGraphs'),
	(11,32,73,'ifInErrors'),
	(11,32,74,'ifInDiscards'),
	(11,32,75,'ifOutDiscards'),
	(11,32,76,'ifOutErrors'),
	(12,34,79,'ifOutNUcastPkts'),
	(12,34,80,'ifInNUcastPkts'),
	(13,33,77,'ifInUcastPkts'),
	(13,33,78,'ifOutUcastPkts'),
	(14,31,71,'ifHCInOctets'),
	(14,31,72,'ifHCOutOctets'),
	(15,31,71,'ifInOctets'),
	(15,31,72,'ifOutOctets'),
	(16,31,71,'ifHCInOctets'),
	(16,31,72,'ifHCOutOctets'),
	(17,31,71,'ifInOctets'),
	(17,31,72,'ifOutOctets'),
	(18,31,71,'ifInOctets'),
	(18,31,72,'ifOutOctets'),
	(19,31,71,'ifInOctets'),
	(19,31,72,'ifOutOctets'),
	(20,31,71,'ifInOctets'),
	(20,31,72,'ifOutOctets'),
	(21,31,71,'ifHCInOctets'),
	(21,31,72,'ifHCOutOctets'),
	(22,31,71,'ifHCInOctets'),
	(22,31,72,'ifHCOutOctets'),
	(23,31,71,'ifHCInOctets'),
	(23,31,72,'ifHCOutOctets'),
	(24,34,79,'ifOutBroadcastPkts'),
	(24,34,80,'ifInBroadcastPkts'),
	(25,33,77,'ifInMulticastPkts'),
	(25,33,78,'ifOutMulticastPkts'),
	(26,150,197,'vsConcurrentConnections'),
	(27,151,204,'vsBytesIn'),
	(27,151,205,'vsBytesOut'),
	(28,150,197,'vsTotConnections'),
	(28,150,199,'vsTotConnections'),
	(29,152,206,'f5ifBytesOut'),
	(29,152,207,'f5ifBytesIn'),
	(30,153,208,'wipStatReturnToDns'),
	(30,153,209,'wipStatExplicitIp'),
	(30,153,210,'wipStatDropped'),
	(30,153,211,'wipStatFallback'),
	(30,153,212,'wipStatAlternate'),
	(30,153,213,'wipStatPreferred'),
	(30,153,214,'wipStatRequests'),
	(30,153,215,'wipStatResolutions'),
	(30,153,216,'wipStatPersisted'),
	(31,154,217,'gtmPoolStatPreferred'),
	(31,154,218,'gtmPoolStatAlternate'),
	(31,154,219,'gtmPoolStatDropped'),
	(31,154,220,'gtmPoolStatFallback'),
	(31,154,221,'gtmPoolStatReturnedToDNS'),
	(32,156,224,'poolPvaBytesIn'),
	(32,156,225,'poolBytesOut'),
	(33,155,222,'poolCurrentConnections'),
	(34,155,222,'poolTotalConnections'),
	(34,155,223,'poolTotalConnections'),
	(35,157,226,'bigIPifErrorsIn'),
	(35,157,227,'bigIPifDropsIn'),
	(35,157,228,'bigIPifDropsOut'),
	(35,157,229,'bigIPifErrorsOut'),
	(35,157,230,'bigIPifCollisions'),
	(36,159,233,'bigIPifMcastIn'),
	(36,159,234,'bigIPifMcastOut'),
	(37,158,231,'bigIPifPktsIn'),
	(37,158,232,'bigIPifPktsOut'),
	(38,152,206,'bigIPifBytesOut'),
	(38,152,207,'bigIPifBytesIn'),
	(39,150,196,'ltmVSPvaConnsTotal'),
	(39,150,197,'ltmVSEphConnsTotal'),
	(39,150,198,'ltmVSConnsTotal'),
	(40,160,235,'ltmVSEphPktsIn'),
	(40,160,236,'ltmVSEphPktsOut'),
	(40,160,237,'ltmVSPktsIn'),
	(40,160,238,'ltmVSPktsOut'),
	(40,160,239,'ltmVSPvaPktsIn'),
	(40,160,240,'ltmVSPvaPktsOut'),
	(41,151,200,'ltmVSPvaBytesOut'),
	(41,151,201,'ltmVSPvaBytesIn'),
	(41,151,202,'ltmVSBytesOut'),
	(41,151,203,'ltmVSBytesIn'),
	(42,161,241,'ltmVSConnsCurr'),
	(42,161,242,'ltmVSEphConnsCurr'),
	(42,161,243,'ltmVSPvaConnsCurr'),
	(43,165,252,'ltmPoolPvaBytesOut'),
	(43,165,253,'ltmPoolPvaBytesIn'),
	(43,165,254,'ltmPoolBytesOut'),
	(43,165,255,'ltmPoolBytesIn'),
	(44,164,248,'ltmPoolPvaPktsIn'),
	(44,164,249,'ltmPoolPktsIn'),
	(44,164,250,'ltmPoolPvaPktsOut'),
	(44,164,251,'ltmPoolBytesIn'),
	(45,162,244,'ltmPoolConnsCurr'),
	(45,162,245,'ltmPoolPvaConnsCurr'),
	(46,163,246,'ltmPoolPvaConnsTotal'),
	(46,163,247,'ltmPoolConnsTotal'),
	(47,166,256,'ltmPoolMemberConnsTotal'),
	(47,166,257,'ltmPoolMemberPvaConnsTotal'),
	(48,167,258,'ltmPoolMemberPvaConnsCurr'),
	(48,167,259,'ltmPoolMemberConnsCurr'),
	(49,168,260,'ltmPoolMemberPktsOut'),
	(49,168,261,'ltmPoolMemberPvaPktsOut'),
	(49,168,262,'ltmPoolMemberPktsIn'),
	(49,168,263,'ltmPoolMemberPvaPktsIn'),
	(50,169,264,'ltmPoolMemberBytesIn'),
	(50,169,265,'ltmPoolMemberBytesOut'),
	(50,169,266,'ltmPoolMemberPvaBytesOut'),
	(50,169,267,'ltmPoolMemberPvaBytesIn'),
	(51,172,270,'MaxTotalSession'),
	(51,172,271,'CurrentTotalSession'),
	(52,173,272,'SessionPerSecond'),
	(53,174,273,'InputBytes'),
	(53,174,274,'OutputBytes'),
	(54,175,275,'OutputPackets'),
	(54,175,276,'InputPackets'),
	(55,176,277,'PolicyLookups'),
	(56,177,278,'NumSessions'),
	(56,177,279,'SessionDeleted'),
	(57,178,280,'CPUUsage'),
	(58,179,281,'MemoryUsage'),
	(59,180,282,'MaxFlowSession'),
	(59,180,283,'CurrentFlowSession'),
	(60,181,284,'CurrentCPSession'),
	(60,181,285,'MaxCPSession'),
	(61,182,287,'Bytes'),
	(61,182,289,'Bytes'),
	(62,182,286,'Packets'),
	(62,182,288,'Packets'),
	(63,183,290,'jnxBgpM2PeerState'),
	(64,184,291,'jnxOperatingCPU'),
	(65,185,292,'jnxOperatingTemp'),
	(66,186,293,'jnxOperatingStateOrdered'),
	(67,187,294,'jnxOperatingBuffer'),
	(67,187,295,'jnxOperatingMemory'),
	(68,184,291,'jnxOperatingCPU'),
	(69,187,294,'jnxOperatingBuffer'),
	(69,187,295,'jnxOperatingMemory'),
	(70,186,293,'jnxOperatingStateOrdered'),
	(71,185,292,'jnxOperatingTemp'),
	(72,185,292,'jnxOperatingTemp'),
	(73,186,293,'jnxOperatingStateOrdered'),
	(74,188,296,'jnxJsScreenMonSynFrag'),
	(74,188,297,'jnxJsScreenMonTcpNoFlag'),
	(74,188,298,'jnxJsScreenMonPortScan'),
	(74,188,299,'jnxJsScreenMonSynAckAck'),
	(74,188,300,'jnxJsScreenMonTcpFinNoAck'),
	(74,188,301,'jnxJsScreenMonTcpSynFin'),
	(75,189,302,'jnxJsScreenMonIpFrag'),
	(75,189,303,'jnxJsScreenMonIpOptBad'),
	(75,189,304,'jnxJsScreenMonIpOptTimestamp'),
	(75,189,305,'jnxJsScreenMonIpUnknownProt'),
	(75,189,306,'jnxJsScreenMonIpOptSecurity'),
	(75,189,307,'jnxJsScreenMonIpOptStream'),
	(75,189,308,'jnxJsScreenMonTearDrop'),
	(76,190,309,'jnxJsScreenMonIpOptLSR'),
	(76,190,310,'jnxJsScreenMonIpOptSSR'),
	(76,190,311,'jnxJsScreenMonIpOptRecRt'),
	(76,190,312,'jnxJsScreenMonSrcRoute'),
	(77,191,313,'jnxJsScreenMonIcmpLarge'),
	(77,191,314,'jnxJsScreenMonIcmpFrag'),
	(78,192,315,'jnxJsScreenMonLimitSessSrc'),
	(78,192,316,'jnxJsScreenMonLimitSessDest'),
	(79,193,317,'jnxJsScreenMonSynAttk'),
	(79,193,318,'jnxJsScreenMonIcmpFlood'),
	(79,193,319,'jnxJsScreenMonUdpFlood');

/*!40000 ALTER TABLE `snmp_query_graph_rrd` ENABLE KEYS */;
UNLOCK TABLES;


# Dump of table snmp_query_graph_rrd_sv
# ------------------------------------------------------------

DROP TABLE IF EXISTS `snmp_query_graph_rrd_sv`;

CREATE TABLE `snmp_query_graph_rrd_sv` (
  `id` mediumint(8) unsigned NOT NULL AUTO_INCREMENT,
  `hash` varchar(32) COLLATE utf8mb4_unicode_ci NOT NULL DEFAULT '',
  `snmp_query_graph_id` mediumint(8) unsigned NOT NULL DEFAULT 0,
  `data_template_id` mediumint(8) unsigned NOT NULL DEFAULT 0,
  `sequence` mediumint(8) unsigned NOT NULL DEFAULT 0,
  `field_name` varchar(100) COLLATE utf8mb4_unicode_ci NOT NULL DEFAULT '',
  `text` varchar(255) COLLATE utf8mb4_unicode_ci NOT NULL DEFAULT '',
  PRIMARY KEY (`id`),
  KEY `snmp_query_graph_id` (`snmp_query_graph_id`),
  KEY `data_template_id` (`data_template_id`)
) ENGINE=InnoDB DEFAULT CHARSET=utf8mb4 COLLATE=utf8mb4_unicode_ci ROW_FORMAT=DYNAMIC;

LOCK TABLES `snmp_query_graph_rrd_sv` WRITE;
/*!40000 ALTER TABLE `snmp_query_graph_rrd_sv` DISABLE KEYS */;

INSERT INTO `snmp_query_graph_rrd_sv` (`id`, `hash`, `snmp_query_graph_id`, `data_template_id`, `sequence`, `field_name`, `text`)
VALUES
	(1,'6537b3209e0697fbec278e94e7317b52',11,32,1,'name','|host_description| - Errors - |query_ifIP| - |query_ifName|'),
	(2,'6d3f612051016f48c951af8901720a1c',11,32,2,'name','|host_description| - Errors - |query_ifName|'),
	(3,'62bc981690576d0b2bd0041ec2e4aa6f',11,32,3,'name','|host_description| - Errors - |query_ifIP|/|query_ifDescr|'),
	(4,'adb270d55ba521d205eac6a21478804a',11,32,4,'name','|host_description| - Errors - |query_ifDescr|'),
	(5,'77065435f3bbb2ff99bc3b43b81de8fe',12,34,1,'name','|host_description| - Non-Unicast Packets - |query_ifIP| - |query_ifName|'),
	(6,'240d8893092619c97a54265e8d0b86a1',12,34,2,'name','|host_description| - Non-Unicast Packets - |query_ifName|'),
	(7,'4b200ecf445bdeb4c84975b74991df34',12,34,3,'name','|host_description| - Non-Unicast Packets - |query_ifIP|/|query_ifDescr|'),
	(8,'d6da3887646078e4d01fe60a123c2179',12,34,4,'name','|host_description| - Non-Unicast Packets - |query_ifDescr|'),
	(9,'ce7769b97d80ca31d21f83dc18ba93c2',13,33,1,'name','|host_description| - Unicast Packets - |query_ifIP| - |query_ifName|'),
	(10,'1ee1f9717f3f4771f7f823ca5a8b83dd',13,33,2,'name','|host_description| - Unicast Packets - |query_ifName|'),
	(11,'a7dbd54604533b592d4fae6e67587e32',13,33,3,'name','|host_description| - Unicast Packets - |query_ifIP|/|query_ifDescr|'),
	(12,'b148fa7199edcf06cd71c89e5c5d7b63',13,33,4,'name','|host_description| - Unicast Packets - |query_ifDescr|'),
	(13,'c582d3b37f19e4a703d9bf4908dc6548',14,31,1,'name','|host_description| - Traffic - |query_ifIP| - |query_ifName|'),
	(14,'ce0b9c92a15759d3ddbd7161d26a98b7',14,31,1,'rrd_maximum','|query_ifSpeed|'),
	(15,'e1be83d708ed3c0b8715ccb6517a0365',14,31,2,'name','|host_description| - Traffic - |query_ifName|'),
	(16,'57a9ae1f197498ca8dcde90194f61cbc',14,31,3,'name','|host_description| - Traffic - |query_ifIP|/|query_ifDescr|'),
	(17,'0110e120981c7ff15304e4a85cb42cbe',14,31,4,'name','|host_description| - Traffic - |query_ifDescr|'),
	(18,'87a659326af8c75158e5142874fd74b0',15,31,1,'name','|host_description| - Traffic - |query_ifIP| - |query_ifName|'),
	(19,'7e093c535fa3d810fa76fc3d8c80c94b',15,31,1,'rrd_maximum','|query_ifSpeed|'),
	(20,'14aa2dead86bbad0f992f1514722c95e',15,31,2,'name','|host_description| - Traffic - |query_ifName|'),
	(21,'70390712158c3c5052a7d830fb456489',15,31,3,'name','|host_description| - Traffic - |query_ifIP|/|query_ifDescr|'),
	(22,'084efd82bbddb69fb2ac9bd0b0f16ac6',15,31,4,'name','|host_description| - Traffic - |query_ifDescr|'),
	(23,'2e8b27c63d98249096ad5bc320787f43',16,31,1,'name','|host_description| - Traffic - |query_ifIP| - |query_ifName|'),
	(24,'e85ddc56efa677b70448f9e931360b77',16,31,1,'rrd_maximum','|query_ifSpeed|'),
	(25,'8d820d091ec1a9683cfa74a462f239ee',16,31,2,'name','|host_description| - Traffic - |query_ifName|'),
	(26,'62a47c18be10f273a5f5a13a76b76f54',16,31,3,'name','|host_description| - Traffic - |query_ifIP|/|query_ifDescr|'),
	(27,'37bb8c5b38bb7e89ec88ea7ccacf44d4',16,31,4,'name','|host_description| - Traffic - |query_ifDescr|'),
	(28,'db6547fe6d8a04e7d007eb8aab9d4ec5',16,31,5,'name','|host_description| - Traffic - |query_ifAlias|'),
	(29,'c7ee2110bf81639086d2da03d9d88286',17,31,1,'name','|host_description| - Traffic - |query_ifIP| - |query_ifName|'),
	(30,'27eb220995925e1a5e0e41b2582a2af6',17,31,1,'rrd_maximum','|query_ifSpeed|'),
	(31,'8ef8ae2ef548892ab95bb6c9f0b3170e',17,31,2,'name','|host_description| - Traffic - |query_ifName|'),
	(32,'3a0f707d1c8fd0e061b70241541c7e2e',17,31,3,'name','|host_description| - Traffic - |query_ifIP|/|query_ifDescr|'),
	(33,'2347e9f53564a54d43f3c00d4b60040d',17,31,4,'name','|host_description| - Traffic - |query_ifDescr|'),
	(34,'7e87efd0075caba9908e2e6e569b25b0',18,31,1,'name','|host_description| - Traffic - |query_ifIP| - |query_ifName|'),
	(35,'3b018f789ff72cc5693ef79e3a794370',18,31,1,'rrd_maximum','|query_ifSpeed|'),
	(36,'dd28d96a253ab86846aedb25d1cca712',18,31,2,'name','|host_description| - Traffic - |query_ifName|'),
	(37,'ce425fed4eb3174e4f1cde9713eeafa0',18,31,3,'name','|host_description| - Traffic - |query_ifIP|/|query_ifDescr|'),
	(38,'d0d05156ddb2c65181588db4b64d3907',18,31,4,'name','|host_description| - Traffic - |query_ifDescr|'),
	(39,'b225229dbbb48c1766cf90298674ceed',19,31,1,'name','|host_description| - Traffic - |query_ifIP| - |query_ifName|'),
	(40,'e9ab404a294e406c20fdd30df766161f',19,31,1,'rrd_maximum','|query_ifSpeed|'),
	(41,'c79248ddbbd195907260887b021a055d',19,31,2,'name','|host_description| - Traffic - |query_ifName|'),
	(42,'12a6750d973b7f14783f205d86220082',19,31,3,'name','|host_description| - Traffic - |query_ifIP|/|query_ifDescr|'),
	(43,'25b151fcfe093812cb5c208e36dd697e',19,31,4,'name','|host_description| - Traffic - |query_ifDescr|'),
	(44,'119578a4f01ab47e820b0e894e5e5bb3',20,31,1,'name','|host_description| - Traffic - |query_ifIP| - |query_ifName|'),
	(45,'fdc4cb976c4b9053bfa2af791a21c5b5',20,31,1,'rrd_maximum','|query_ifSpeed|'),
	(46,'940e57d24b2623849c77b59ed05931b9',20,31,2,'name','|host_description| - Traffic - |query_ifName|'),
	(47,'0f045eab01bbc4437b30da568ed5cb03',20,31,3,'name','|host_description| - Traffic - |query_ifIP|/|query_ifDescr|'),
	(48,'bd70bf71108d32f0bf91b24c85b87ff0',20,31,4,'name','|host_description| - Traffic - |query_ifDescr|'),
	(49,'af8c10bb98e3d96d7aeed76069f5d8f6',21,31,1,'name','|host_description| - Traffic - |query_ifIP| - |query_ifName| '),
	(50,'d5fe4ab8a8049c76715b11367544a77b',21,31,1,'rrd_maximum','|query_ifSpeed|'),
	(51,'eb9aa71f654327ecea55af11c6ff06ac',21,31,2,'name','|host_description| - Traffic - |query_ifName|'),
	(52,'afe143588235f0465993fd642dbc2ad9',21,31,3,'name','|host_description| - Traffic - |query_ifIP|/|query_ifDescr|'),
	(53,'424ebeaaef4a5cbffdc4611beeb7c19c',21,31,4,'name','|host_description| - Traffic - |query_ifDescr|'),
	(54,'694c4ef8e495357d8303d1c127d0c55e',22,31,1,'name','|host_description| - Traffic - |query_ifIP| - |query_ifName|'),
	(55,'0a772cfb504e15d7e784dd0e73ced97a',22,31,1,'rrd_maximum','|query_ifSpeed|'),
	(56,'114c55114ede9f492d84b1c79d3bbae6',22,31,2,'name','|host_description| - Traffic - |query_ifName| '),
	(57,'8aa4f743291cd2afdea20a4180e6eb42',22,31,3,'name','|host_description| - Traffic - |query_ifIP|/|query_ifDescr|'),
	(58,'3d4ba44d5e6a7bbcd5a448b9ef113c59',22,31,4,'name','|host_description| - Traffic - |query_ifDescr|'),
	(59,'e29d0a2547c6a48e73ce2c800e308515',23,31,1,'name','|host_description| - Traffic - |query_ifIP| - |query_ifName|'),
	(60,'cf780d419b924d0cbbb173b9a4918208',23,31,1,'rrd_maximum','|query_ifSpeed|'),
	(61,'3aeeb54a14baa08beaa59a1cd6af12c8',23,31,2,'name','|host_description| - Traffic - |query_ifName|'),
	(62,'30aaee4b45f97ac74641442e17e4527e',23,31,3,'name','|host_description| - Traffic - |query_ifIP|/|query_ifDescr|'),
	(63,'da2842ddfe7ea7d7b06266cc107169aa',23,31,4,'name','|host_description| - Traffic - |query_ifDescr|'),
	(64,'fc4e456b3fe4b712c943700ef1b3be80',24,34,1,'name','|host_description| - Broadcast Packets - |query_ifAlias| '),
	(65,'aea995fae5b2500b69819a09d20e9760',24,34,2,'name','|host_description| - Broadcast Packets - |query_ifName|'),
	(66,'8e07b64fa0767a318ec6d0320c3f9e2c',24,34,3,'name','|host_description| - Broadcast Packets - |query_ifIP| (|query_ifDescr|)'),
	(67,'9e7c0ec6d0025a509af6a510804c2488',24,34,4,'name','|host_description| - Broadcast Packets - |query_ifDescr|/|query_ifIndex|'),
	(68,'87418ca7ce94c355ba7bbc8625f53f92',25,33,1,'name','|host_description| - Multicast Packets - |query_ifAlias|'),
	(69,'ab0e5022e10f6529ac66772815be583f',25,33,2,'name','|host_description| - Multicast Packets - |query_ifName|'),
	(70,'27da5a787ff471f3da8bde88f6ecd4c9',25,33,3,'name','|host_description| - Multicast Packets - |query_ifIP| (|query_ifDescr|)'),
	(71,'3ac3c16381774c78791b5b568d06bc4f',25,33,4,'name','|host_description| - Multicast Packets - |query_ifDescr|/|query_ifIndex|'),
	(72,'c6905afc9a1cc8ee75301a8f66728388',26,150,1,'name','|host_description| - Connections - |query_vsName|'),
	(73,'9c1621181227f4dd6a59d6d96365a343',27,151,1,'name','|host_description| - Traffic - |query_vsName|'),
	(74,'4b35260d19dbb65440e90348a33af685',28,150,1,'name','|host_description| - Connection Rate - |query_vsName|'),
	(75,'a6ff6b44e1f4343c137e54f6338bbd2d',29,152,1,'name','|host_description| - Traffic - |query_ifName|'),
	(76,'9b600789f142bf05b532c04105f9ac97',30,153,1,'name','|host_description| - DNS - |query_wipName|'),
	(77,'37edc8870ba954e207ba2b90009d3fb4',31,154,1,'name','|host_description| - DNS - |query_gtmPoolName|'),
	(78,'b2f8f024245775f014613a3dcd81d6a5',32,156,1,'name','|host_description| - Traffic - |query_poolName|'),
	(79,'bfc27ed07735dc5bcb676fc63aba6732',33,155,1,'name','|host_description| - Connections - |query_poolName|'),
	(80,'34610601911f3358937389f6cb5fec01',34,155,1,'name','|host_description| - Connection Rate - |query_poolName|'),
	(81,'2609cc7ca68a9572a8aff51b5730f214',35,157,3,'name','|host_description| - F5 Interface - Errors - |query_bigIPifName|'),
	(82,'5fe54561d877bc384723ace1f6e7f177',36,159,4,'name','|host_description| - F5 Interface - Packets Multicast - |query_bigIPifName|'),
	(83,'43fb447b589b82be27157b00016cd541',37,158,3,'name','|host_description| - F5 Interface - Packets - |query_bigIPifName|'),
	(84,'d654f70a003f810e0e0d52cbb9ab1b57',38,152,3,'name','|host_description| - F5 Interface - Traffic - |query_bigIPifName|'),
	(85,'e0649a0915fdc1a08ce3023c0bd616e8',39,150,10,'name','|host_description| - F5 VS  - Connection Rate - |query_ltmVSName|'),
	(86,'3be1c7a8a7e009f99b2fcab0f82c4dee',40,160,3,'name','|host_description| - F5 VS - Packets - |query_ltmVSName|'),
	(87,'d05ff7ac556d3c1b24fd0c6d81cc673b',40,151,5,'name','|host_description| - F5 Packets - |query_ltmVSName|'),
	(88,'90b0ffb58f733fae107aa13f9b7117c5',41,151,8,'name','|host_description| - F5 VS - Traffic - |query_ltmVSName|'),
	(89,'95ce75a853f5b25ea5eea0bcb0a9d721',42,161,3,'name','|host_description| - F5 VS  - Connections Current - |query_ltmVSName|'),
	(90,'a11a1a077f4c633d8c31c0c11c321a68',43,165,5,'name','|host_description| - F5 Pool - Traffic - |query_ltmPoolName|'),
	(91,'cd2df7664df3ec7a4fe88f687a50cd1d',44,164,3,'name','|host_description| - F5 Pool - Packets - |query_ltmPoolName|'),
	(92,'edb04a567465b664321d0be1ed14cecd',45,162,3,'name','|host_description| - F5 Pool - Connections Current - |query_ltmPoolName|'),
	(93,'a4a0a63d7dd6421b427fcce4ef470c97',46,163,3,'name','|host_description| - F5 Pool - Connection Rate - |query_ltmPoolName|'),
	(94,'96a030cffa95c9ccbbd7c6dcb2f8d9ca',47,166,3,'name','|host_description| - F5 Member - Connection Rate - |query_ltmPoolMemberAddress| |query_ltmPoolName|'),
	(95,'e5bde8cc72fa14816398c76268977fa8',48,167,4,'name','|host_description| - F5 Member - Connections Current - |query_ltmPoolMemberAddress| |query_ltmPoolName|'),
	(96,'a1f98a59a04995b941dbb2607d98eca9',49,168,3,'name','|host_description| - F5 Member - Packets - |query_ltmPoolMemberAddress| |query_ltmPoolName|'),
	(97,'1d8aa62537f1f1cef303d83e009ded33',50,169,4,'name','|host_description| - F5 Member - Traffic - |query_ltmPoolMemberAddress| |query_ltmPoolName|'),
	(98,'63208c9c47148003cf5069446466270d',51,172,2,'name','|host_description| - CP Sessions'),
	(99,'072c6cf109ca873c114146bbd7d52270',52,173,1,'name','|host_description| - CP Sessions Per Second'),
	(100,'77b97760419e0ccfc302b1cde6c9413e',53,174,3,'name','|host_description| - Policy Traffic - |query_PolicyName| '),
	(101,'7baed6138f495088d869b20bd73eef2e',54,175,2,'name','|host_description| - Policy Packets - |query_PolicyName|'),
	(102,'d1265003267620059a0f6265ddd3a185',55,176,1,'name','|host_description| - Policy Lookup - |query_PolicyName| '),
	(103,'35b8653f3531b63a5b41d3c5275532f7',56,177,1,'name','  |host_description| - Policy Sessions - |query_PolicyName| '),
	(104,'5685c9a5feb02354c63f0bd714d4c912',57,178,2,'name','|host_description| - SPU CPU - |query_NodeDescr|/|query_SPUSlot|'),
	(105,'7c172f57430f317b257ee3b1895d1bef',58,179,2,'name','|host_description| - SPU Memory |query_NodeDescr|/|query_SPUSlot| '),
	(106,'09b7ec504e2da09fd18852446c8fc3ac',59,180,3,'name','|host_description| - Flow Sessions |query_NodeDescr|/|query_SPUSlot|'),
	(107,'2424e64e2d69585706a0abb662c95255',60,181,1,'name','|host_description| - CP Sessions ps SPU |query_NodeDescr|/|query_SPUSlot|'),
	(108,'682d13f6a66d8b70ad7989ea6a91c21b',61,182,2,'name','|host_description| - |query_FirewallName| : |query_FilterName| '),
	(109,'e679fcd00dd98a0f4f551d9b4c48cc24',62,182,1,'name','|host_description| - |query_FirewallName| : |query_FilterName| '),
	(110,'081828b131fa0aee12ac103bf053d3fc',63,183,2,'name','|host_description| - BGP Peer |query_PeerIP| State'),
	(111,'75d600a487528f0f598f979b7bcaf9f0',64,184,2,'name','|host_description| - |query_jnxOperatingDescr| Utalization'),
	(112,'ec25010a5adfc62b2961aee16c3aa747',65,185,1,'name','|host_description| - |query_jnxOperatingDescr| Temperature'),
	(113,'ddb21932cda574b8cb8ac296217b54d6',66,186,1,'name','|host_description| - |query_jnxOperatingDescr| State'),
	(114,'627249ae975e2da4ddfeae9f545d1615',67,187,1,'name','|host_description| - |query_jnxOperatingDescr| Memory'),
	(115,'f240bde5e42e1bfae43830f6e98fc7cb',68,184,1,'name','|host_description| - |query_jnxOperatingDescr| Utalization'),
	(116,'417c42d3817f2f6e4eca579f1a748896',69,187,1,'name','|host_description| - |query_jnxOperatingDescr| Memory'),
	(117,'a809ccfa6fcf1081ff90641a2d5455c8',70,186,1,'name','|host_description| - |query_jnxOperatingDescr| State'),
	(118,'4de0dfc48f775c903f3db5afc522c57b',71,185,1,'name','|host_description| - |query_jnxOperatingDescr| Temperature'),
	(119,'8e2f81916d943fef35e39b9d9cace279',72,185,1,'name','|host_description| - |query_jnxOperatingDescr| Temperature'),
	(120,'9a8dfd1c8dce1efc314fc58d57d3f9cd',73,186,1,'name','|host_description| - |query_jnxOperatingDescr| State'),
	(121,'194d51b5909d2890037b70b079432783',74,188,2,'name','|host_description| - Screens - TCP'),
	(122,'2447a596540b00874cf214f45d1e9a86',75,189,1,'name','|host_description| - Screens - IP'),
	(123,'a323cbf63489c75251ec975e25826ec3',76,190,1,'name','|host_description| - Screens - IP Route'),
	(124,'b60bfd8ae514e77f955e488198b2d11f',77,191,1,'name','|host_description| - Screens - ICMP'),
	(125,'f397a4232ba2fbe40d542253521d79c4',78,192,1,'name','|host_description| - Screens - Sessions'),
	(126,'57556994ce6dfc39cd46ce692b686e9f',79,193,1,'name','|host_description| - Screen - Flood');

/*!40000 ALTER TABLE `snmp_query_graph_rrd_sv` ENABLE KEYS */;
UNLOCK TABLES;


# Dump of table snmp_query_graph_sv
# ------------------------------------------------------------

DROP TABLE IF EXISTS `snmp_query_graph_sv`;

CREATE TABLE `snmp_query_graph_sv` (
  `id` mediumint(8) unsigned NOT NULL AUTO_INCREMENT,
  `hash` varchar(32) COLLATE utf8mb4_unicode_ci NOT NULL DEFAULT '',
  `snmp_query_graph_id` mediumint(8) unsigned NOT NULL DEFAULT 0,
  `sequence` mediumint(8) unsigned NOT NULL DEFAULT 0,
  `field_name` varchar(100) COLLATE utf8mb4_unicode_ci NOT NULL DEFAULT '',
  `text` varchar(255) COLLATE utf8mb4_unicode_ci NOT NULL DEFAULT '',
  PRIMARY KEY (`id`),
  KEY `snmp_query_graph_id` (`snmp_query_graph_id`)
) ENGINE=InnoDB DEFAULT CHARSET=utf8mb4 COLLATE=utf8mb4_unicode_ci ROW_FORMAT=DYNAMIC;

LOCK TABLES `snmp_query_graph_sv` WRITE;
/*!40000 ALTER TABLE `snmp_query_graph_sv` DISABLE KEYS */;

INSERT INTO `snmp_query_graph_sv` (`id`, `hash`, `snmp_query_graph_id`, `sequence`, `field_name`, `text`)
VALUES
	(1,'0180de36c2fc1b1c3d929705cdaadfc6',11,1,'title','|host_description| - Errors - |query_ifAlias|'),
	(2,'299d3434851fc0d5c0e105429069709d',11,2,'title','|host_description| - Errors - |query_ifName|'),
	(3,'8c8860b17fd67a9a500b4cb8b5e19d4b',11,3,'title','|host_description| - Errors - |query_ifIP| (|query_ifDescr|)'),
	(4,'d96360ae5094e5732e7e7496ceceb636',11,4,'title','|host_description| - Errors - |query_ifDescr|/|query_ifIndex|'),
	(5,'6a1d5e477fd0b8a4d743993be0fa2c8c',12,1,'title','|host_description| - Non-Unicast Packets - |query_ifAlias|'),
	(6,'750a290cadc3dc60bb682a5c5f47df16',12,2,'title','|host_description| - Non-Unicast Packets - |query_ifName|'),
	(7,'bde195eecc256c42ca9725f1f22c1dc0',12,3,'title','|host_description| - Non-Unicast Packets - |query_ifIP| (|query_ifDescr|)'),
	(8,'d9e97d22689e4ffddaca23b46f2aa306',12,4,'title','|host_description| - Non-Unicast Packets - |query_ifDescr|/|query_ifIndex|'),
	(9,'54f5a5508fc525a15bc2be83a880e0c9',13,1,'title','|host_description| - Unicast Packets - |query_ifAlias|'),
	(10,'48ceaba62e0c2671a810a7f1adc5f751',13,2,'title','|host_description| - Unicast Packets - |query_ifName|'),
	(11,'d6258884bed44abe46d264198adc7c5d',13,3,'title','|host_description| - Unicast Packets - |query_ifIP| (|query_ifDescr|)'),
	(12,'6eb58d9835b2b86222306d6ced9961d9',13,4,'title','|host_description| - Unicast Packets - |query_ifDescr|/|query_ifIndex|'),
	(13,'74c33dd7c052d14a8224148ab3fe23ae',14,1,'title','|host_description| - Traffic - |query_ifAlias|'),
	(14,'0a5eb36e98c04ad6be8e1ef66caeed3c',14,2,'title','|host_description| - Traffic - |query_ifName|'),
	(15,'4c4386a96e6057b7bd0b78095209ddfa',14,3,'title','|host_description| - Traffic - |query_ifIP| (|query_ifDescr|)'),
	(16,'fd3a384768b0388fa64119fe2f0cc113',14,4,'title','|host_description| - Traffic - |query_ifDescr|/|query_ifIndex|'),
	(17,'aafaab75d93c10a760d600c4ab4a742c',15,2,'title','|host_description| - Traffic - |query_ifAlias|'),
	(18,'bda15298139ad22bdc8a3b0952d4e3ab',15,3,'title','|host_description| - Traffic - |query_ifIP| (|query_ifDescr|)'),
	(19,'29e48483d0471fcd996bfb702a5960aa',15,4,'title','|host_description| - Traffic - |query_ifDescr|/|query_ifIndex|'),
	(20,'49dca5592ac26ff149a4fbd18d690644',15,5,'title','|host_description| - Traffic - |query_ifName|'),
	(21,'3f42d358965cb94ce4f708b59e04f82b',16,1,'title','|host_description| - Traffic - |query_ifName|'),
	(22,'69c14fbcc23aecb9920b3cdad7f89901',16,2,'title','|host_description| - Traffic - |query_ifDescr|/|query_ifIndex|'),
	(23,'a1d061ff7fb9875b29c54de4fadddcdc',16,3,'title','|host_description| - Traffic - |query_ifAlias|'),
	(24,'45f44b2f811ea8a8ace1cbed8ef906f1',16,4,'title','|host_description| - Traffic - |query_ifIP| (|query_ifDescr|)'),
	(25,'a5899a68c68e50959a099d7ac591873a',17,1,'title','|host_description| - Traffic - |query_ifAlias|'),
	(26,'7fb4a267065f960df81c15f9022cd3a4',17,2,'title','|host_description| - Traffic - |query_ifName|'),
	(27,'e403f5a733bf5c8401a110609683deb3',17,3,'title','|host_description| - Traffic - |query_ifIP| (|query_ifDescr|)'),
	(28,'809c2e80552d56b65ca496c1c2fff398',17,4,'title','|host_description| - Traffic - |query_ifDescr|/|query_ifIndex|'),
	(29,'1acc9985eb91a7234ff97608cb85b0f5',18,1,'title','|host_description| - Traffic - |query_ifAlias|'),
	(30,'f434ec853c479d424276f367e9806a75',18,2,'title','|host_description| - Traffic - |query_ifName|'),
	(31,'9b085245847444c5fb90ebbf4448e265',18,3,'title','|host_description| - Traffic - |query_ifIP| (|query_ifDescr|)'),
	(32,'5977863f28629bd8eb93a2a9cbc3e306',18,4,'title','|host_description| - Traffic - |query_ifDescr|/|query_ifIndex|'),
	(33,'820eb01dd91c9026fbdf667a7f25302f',19,1,'title','|host_description| - Traffic - |query_ifAlias|'),
	(34,'37b6711af3930c56309cf8956d8bbf14',19,2,'title','|host_description| - Traffic - |query_ifName|'),
	(35,'cc435c5884a75421329a9b08207c1c90',19,3,'title','|host_description| - Traffic - |query_ifIP| (|query_ifDescr|)'),
	(36,'82edeea1ec249c9818773e3145836492',19,4,'title','|host_description| - Traffic - |query_ifDescr|/|query_ifIndex|'),
	(37,'c0422682831631bf539023fc04615025',20,1,'title','|host_description| - Traffic - |query_ifAlias|'),
	(38,'87522150ee8a601b4d6a1f6b9e919c47',20,2,'title','|host_description| - Traffic - |query_ifName|'),
	(39,'993a87c04f550f1209d689d584aa8b45',20,3,'title','|host_description| - Traffic - |query_ifIP| (|query_ifDescr|)'),
	(40,'183bb486c92a566fddcb0585ede37865',20,4,'title','|host_description| - Traffic - |query_ifDescr|/|query_ifIndex|'),
	(41,'a877a37f5d0e6f49a5d9d99ac7e347f3',21,1,'title','|host_description| - Traffic - |query_ifAlias| '),
	(42,'9e42f7e5310653f35f977285e48ecfa5',21,2,'title','|host_description| - Traffic - |query_ifName| '),
	(43,'cab54d19353de5548e0151180cb7c5dd',21,3,'title','|host_description| - Traffic - |query_ifIP| (|query_ifDescr|) '),
	(44,'f9de6e508d7fa64d91d163d864b9f31a',21,4,'title','|host_description| - Traffic - |query_ifDescr|/|query_ifIndex| '),
	(45,'419c8f569d1695b86c1943f7204abf3d',22,1,'title','|host_description| - Traffic - |query_ifAlias|'),
	(46,'1819f9ccdb512f19acfdc4edcda425b5',22,2,'title','|host_description| - Traffic - |query_ifName|'),
	(47,'08310b48a18f195d941fcd2c4ed40e7b',22,3,'title','|host_description| - Traffic - |query_ifIP| (|query_ifDescr|)'),
	(48,'dffe8e880677480a795b1232fc1207e5',22,4,'title','|host_description| - Traffic - |query_ifDescr|/|query_ifIndex|'),
	(49,'9be678415c48e9ee7a16e5208e523c6d',23,1,'title','|host_description| - Traffic - |query_ifAlias|'),
	(50,'702b89f7db8eae17a358e246d6264d05',23,2,'title','|host_description| - Traffic - |query_ifName|'),
	(51,'1fc5aabb79ad301bee69e6bb0094df2c',23,3,'title','|host_description| - Traffic - |query_ifIP| (|query_ifDescr|)'),
	(52,'bb5bd62bcfbfc5ff765afe625b830d31',23,4,'title','|host_description| - Traffic - |query_ifDescr|/|query_ifIndex|'),
	(53,'6b166ed8f603998fdc51719da3478e55',24,1,'title','|host_description| - Broadcast Packets - |query_ifAlias|'),
	(54,'dd545c92388329c666f7e88f99618e87',24,2,'title','|host_description| - Broadcast Packets - |query_ifName|'),
	(55,'71574f16039ab62c26d626c113ebdab0',24,3,'title','|host_description| - Broadcast Packets - |query_ifIP| (|query_ifDescr|)'),
	(56,'555ae21f832f02689c7a6e2f690ec7d3',24,4,'title','|host_description| - Broadcast Packets - |query_ifDescr|/|query_ifIndex|'),
	(57,'c5e2bd31d661ba33d5169e505bf920b6',25,1,'title','|host_description| - Multicast Packets - |query_ifAlias|'),
	(58,'be5c494fd82964bd9bd267399c4f7a3b',25,2,'title','|host_description| - Multicast Packets - |query_ifName|'),
	(59,'ca3d99f3c6f8ee1e3849e28274be14ba',25,3,'title','|host_description| - Multicast Packets - |query_ifIP| (|query_ifDescr|)'),
	(60,'6f48f284918085de78181d9698fb35ad',25,4,'title','|host_description| - Multicast Packets - |query_ifDescr|/|query_ifIndex|'),
	(61,'8d969b763ed49022fa96f80cf95f7335',26,1,'title','|host_description| - Connections - |query_vsName|'),
	(62,'1a42b4d4333d5c3e3c8edd35d0fcb240',27,1,'title','|host_description| - Traffic - |query_vsName|'),
	(63,'8cb50b9d2af098fafb94d051233ef4ff',28,1,'title','|host_description| - Connection Rate - |query_vsName|'),
	(64,'6c61e039296a4b62e8a2ef024b60c2d9',29,1,'title','|host_description| - Traffic - |query_ifName|'),
	(65,'966bf428c4d23acb70816949f656e960',30,1,'title','|host_description| - DNS - |query_wipName|'),
	(66,'b487a4068c315b23c44f6b2d40afa88c',31,1,'title','    |host_description| - DNS - |query_gtmPoolName| '),
	(67,'03f77e296e7afd57159dc27fc9d7f6ca',32,1,'title','|host_description| - Traffic - |query_poolName|'),
	(68,'d880193b7a7a7d87c35e3d733047094e',33,1,'title','|host_description| - Connections - |query_poolName|'),
	(69,'b9d6be1fcdb852e5adfbaca8973d08bd',34,1,'title','|host_description| - Connection Rate - |query_poolName|'),
	(70,'d8f3a6813e9e20dffd8774b76757821e',35,3,'title','|host_description| - F5 Interface - Errors - |query_bigIPifName|'),
	(71,'e206c1a025d5dbfb585c97643a731808',36,4,'title','|host_description| - F5 Interface - Packets Multicast - |query_bigIPifName|'),
	(72,'3f0ee6c591414893b1ae7be5b79bc1d1',37,3,'title','|host_description| - F5 Interface - Packets - |query_bigIPifName|'),
	(73,'e495980ffec90f8edc15a80447add2a9',38,3,'title','|host_description| - F5 Interface - Traffic - |query_bigIPifName|'),
	(74,'c7f0ac44d12f6213ecc0f49001f62e61',39,1,'title','|host_description| - F5 VS  - Connection Rate - |query_ltmVSName|'),
	(75,'8ddc876d690a3fc6d25b80ee8fbf6d5e',40,4,'title','|host_description| - F5 VS - Packets - |query_ltmVSName|'),
	(76,'992cfe4158d36f953b5d7b802480ea4d',41,1,'title','|host_description| - F5 VS - Traffic - |query_ltmVSName|'),
	(77,'33f19607f144c877fae2d6d6753cded8',42,1,'title','|host_description| - F5 VS  - Connections Current - |query_ltmVSName|'),
	(78,'bd614510c4e19ca70a4479eea6de2f72',43,3,'title','|host_description| - F5 Pool - Traffic - |query_ltmPoolName|'),
	(79,'45c710998d5d4251e6b7ca203ab7bfbb',44,3,'title','|host_description| - F5 Pool - Packets - |query_ltmPoolName|'),
	(80,'94211d773850716ee230c6870c6ce705',45,3,'title','|host_description| - F5 Pool - Connections Current - |query_ltmPoolName|'),
	(81,'0b2144add4452616e8c71dd91ea89d4c',46,3,'title','|host_description| - F5 Pool - Connection Rate - |query_ltmPoolName|'),
	(82,'6cfffbe513d115ec17bce69708d9665f',47,3,'title','|host_description| - F5 Member - Connection Rate - |query_ltmPoolMemberAddress| |query_ltmPoolName|'),
	(83,'dd7b74c67d35b083f562688f6fd3b702',48,1,'title','|host_description| - F5 Member - Connections Current - |query_ltmPoolMemberAddress| |query_ltmPoolName|'),
	(84,'68b3013061509ca3b6479dee8d799935',49,3,'title','|host_description| - F5 Member - Packets - |query_ltmPoolMemberAddress| |query_ltmPoolName|'),
	(85,'bf44b449136fe0d4c3208ca374dce64b',50,4,'title','|host_description| - F5 Member - Traffic - |query_ltmPoolMemberAddress| |query_ltmPoolName|'),
	(86,'9e9ba4598ffbe7e31954d51fb2be6987',51,1,'title','|host_description| - CP |query_NodeDescr| - Sessions'),
	(87,'52e1d031d952a769399e034c1d540213',52,1,'title','|host_description| - CP |query_NodeDescr| - Sessions Per Second'),
	(88,'2535a1b6da772f446ee3ef54de1ef048',53,1,'title','|host_description| - Policy Traffic - |query_PolicyName| '),
	(89,'6382cd6c97cdc653b907535cdf02b9b9',54,2,'title','  |host_description| - Policy Packets - |query_PolicyName| '),
	(90,'1aacd6bb2ed658ca0b63aea0213f41e2',55,1,'title','|host_description| - Policy Lookup - |query_PolicyName| '),
	(91,'39ecd90772a2789e5ce9e104669ff553',56,1,'title','  |host_description| - Policy Sessions - |query_PolicyName|'),
	(92,'ead5e100238dc4a072329d161fd76d81',57,3,'title','|host_description| - |query_NodeDescr| Slot |query_SPUSlot| SPU - CPU'),
	(93,'12b4b0a7d226e5c9e96de41aa1f24a6c',58,1,'title','|host_description| - |query_NodeDescr| Slot |query_SPUSlot| SPU - Memory'),
	(94,'3b27fc013df92888d7afe9c424efc253',59,1,'title','|host_description| - |query_NodeDescr| Slot |query_SPUSlot| SPU - Sessions'),
	(95,'87e44f5809e3226462ae45fea4e3b871',60,1,'title','|host_description| - |query_NodeDescr| Slot |query_SPUSlot| SPU - CP Sessions'),
	(96,'41d0574f7793ea41a8df68961e8a39cb',61,3,'title','|host_description| - Firewall Filter Traffic - |query_FilterName| '),
	(97,'6922ded66f4f5081b7a4fba9ec190a1d',62,2,'title','|host_description| - Firewall Filter Packets - |query_FilterName| '),
	(98,'ec81d6dbd439b762f0cc7ae845b199e2',63,2,'title','|host_description| - BGP Peer |query_PeerIP| State'),
	(99,'294a1d8cb889a4d35dee8e4a74f112ce',64,2,'title','|host_description| - |query_jnxOperatingDescr| Utalization'),
	(100,'e70338c80341a07d78c151e706721c01',65,1,'title','|host_description| - |query_jnxOperatingDescr| Temperature'),
	(101,'869a889043f749459d2b38b456a1b5c1',66,1,'title','|host_description| - |query_jnxOperatingDescr| State'),
	(102,'6ede0c90da0cc0c93bb4c387b5b002f0',67,1,'title','|host_description| - |query_jnxOperatingDescr| Memory'),
	(103,'64cf5b0c3d38b025b64429685d56110c',68,1,'title','|host_description| - |query_jnxOperatingDescr| Utalization'),
	(104,'7293793785c34052273db1d9f059450b',69,1,'title','|host_description| - |query_jnxOperatingDescr| Memory'),
	(105,'0e049769a404bdbc362a351dd6def570',70,1,'title','|host_description| - |query_jnxOperatingDescr| State'),
	(106,'cb1e316fe04633afca97ba9847613613',71,1,'title','|host_description| - |query_jnxOperatingDescr| Temperature'),
	(107,'90d5038cb5187a9cd2b540d5fd72fd63',72,1,'title','|host_description| - |query_jnxOperatingDescr| Temperature'),
	(108,'212ebbe1701e6102a5749c24d858e93b',73,1,'title','|host_description| - |query_jnxOperatingDescr| State'),
	(109,'d58cb80a519dbed423217b8e9daf8ef9',74,1,'title','|host_description| - Screens - TCP'),
	(110,'b933a94122c30494e64c0f03f4a46617',75,1,'title','|host_description| - Screens - IP'),
	(111,'3886b07192a51b1128aaf5f16a6fa9af',77,1,'title','|host_description| - Screens - ICMP'),
	(112,'4fef81edc728badb801dce5c637cdeaf',78,1,'title','|host_description| - Screens - Sessions'),
	(113,'acece91c5509ebc2b1ea033579baa346',79,1,'title','|host_description| - Screen - Flood');

/*!40000 ALTER TABLE `snmp_query_graph_sv` ENABLE KEYS */;
UNLOCK TABLES;


# Dump of table snmpagent_cache
# ------------------------------------------------------------

DROP TABLE IF EXISTS `snmpagent_cache`;

CREATE TABLE `snmpagent_cache` (
  `oid` varchar(50) COLLATE utf8mb4_unicode_ci NOT NULL,
  `name` varchar(50) COLLATE utf8mb4_unicode_ci NOT NULL,
  `mib` varchar(50) COLLATE utf8mb4_unicode_ci NOT NULL,
  `type` varchar(50) COLLATE utf8mb4_unicode_ci NOT NULL DEFAULT '',
  `otype` varchar(50) COLLATE utf8mb4_unicode_ci NOT NULL DEFAULT '',
  `kind` varchar(50) COLLATE utf8mb4_unicode_ci NOT NULL DEFAULT '',
  `max-access` varchar(50) COLLATE utf8mb4_unicode_ci NOT NULL DEFAULT 'not-accessible',
  `value` varchar(255) COLLATE utf8mb4_unicode_ci NOT NULL DEFAULT '',
  `description` varchar(5000) COLLATE utf8mb4_unicode_ci NOT NULL DEFAULT '',
  PRIMARY KEY (`oid`),
  KEY `name` (`name`),
  KEY `mib_name` (`mib`,`name`)
) ENGINE=InnoDB DEFAULT CHARSET=utf8mb4 COLLATE=utf8mb4_unicode_ci ROW_FORMAT=DYNAMIC COMMENT='SNMP MIB CACHE';

LOCK TABLES `snmpagent_cache` WRITE;
/*!40000 ALTER TABLE `snmpagent_cache` DISABLE KEYS */;

INSERT INTO `snmpagent_cache` (`oid`, `name`, `mib`, `type`, `otype`, `kind`, `max-access`, `value`, `description`)
VALUES
	('.1.3.6.1.4.1.23925','cacti','CACTI-MIB','','MODULE-IDENTITY','Node','not-accessible','','Initial version of this MIB module.'),
	('.1.3.6.1.4.1.23925.1','cactiAppl','CACTI-MIB','','OBJECT-IDENTITY','Node','not-accessible','','reserved for Cacti application data'),
	('.1.3.6.1.4.1.23925.1.1.0','cactiApplLastUpdate','CACTI-MIB','Unsigned32','DATA','Scalar','read-only','1662652983','Unix timestamp when this data has been updated for the last time.'),
	('.1.3.6.1.4.1.23925.1.10.0','cactiApplSpineMaxThreads','CACTI-MIB','Unsigned32','DATA','Scalar','read-only','1','Represents the maximum threads allowed per process.'),
	('.1.3.6.1.4.1.23925.1.11.0','cactiApplSpineScriptServers','CACTI-MIB','Unsigned32','DATA','Scalar','read-only','1','Represents the maximum number of script servers a spine process is<br>allowed to run.'),
	('.1.3.6.1.4.1.23925.1.12.0','cactiApplSpineScriptTimeout','CACTI-MIB','Unsigned32','DATA','Scalar','read-only','25','Describes the maximum time Cacti will wait on a script to complete.'),
	('.1.3.6.1.4.1.23925.1.13.0','cactiApplSpineMaxOids','CACTI-MIB','Unsigned32','DATA','Scalar','read-only','10','The maximum number of snmp get OIDs to issue per snmpbulkwalk<br>request.'),
	('.1.3.6.1.4.1.23925.1.14','cactiApplDeviceTable','CACTI-MIB','SEQUENCE OF','OBJECT-TYPE','Table','not-accessible','','A table of registered hosts on a Cacti system.<br>The maximum number of entries is implementation dependent.'),
	('.1.3.6.1.4.1.23925.1.14.1','cactiApplDeviceEntry','CACTI-MIB','CactiApplDeviceEntry','OBJECT-TYPE','Row','not-accessible','','An entry in the table of registered hosts on a Cacti system. A row<br>in this table cannot be created or deleted by SNMP operations on<br>columns of the table.'),
	('.1.3.6.1.4.1.23925.1.14.1.1','cactiApplDeviceIndex','CACTI-MIB','Unsigned32','OBJECT-TYPE','Column','read-only','','A unique device identifier. This ID will be created by Cacti itself.'),
	('.1.3.6.1.4.1.23925.1.14.1.2','cactiApplDeviceDescription','CACTI-MIB','DisplayString','OBJECT-TYPE','Column','read-only','','A meaning description of a device.'),
	('.1.3.6.1.4.1.23925.1.14.1.3','cactiApplDeviceHostname','CACTI-MIB','DisplayString','OBJECT-TYPE','Column','read-only','','Fully qualified devicename or IP address.'),
	('.1.3.6.1.4.1.23925.1.14.1.4','cactiApplDeviceStatus','CACTI-MIB','INTEGER','OBJECT-TYPE','Column','read-only','','The status a device can have within Cacti:<br>unknown(0)     - device has not been polled yet<br>down(1)        - device became unresponsive<br>recovering(2)  - device was down and became reachable again<br>up(3)          - device is reachable<br>disabled(4)    - device will not be monitored'),
	('.1.3.6.1.4.1.23925.1.14.1.5','cactiApplDeviceEventCount','CACTI-MIB','Unsigned32','OBJECT-TYPE','Column','read-only','','Total number of events registered for that device since last reset.'),
	('.1.3.6.1.4.1.23925.1.14.1.6','cactiApplDeviceFailDate','CACTI-MIB','DisplayString','OBJECT-TYPE','Column','read-only','','Date of last fail'),
	('.1.3.6.1.4.1.23925.1.14.1.7','cactiApplDeviceRecoveryDate','CACTI-MIB','DisplayString','OBJECT-TYPE','Column','read-only','','Date of lats recovery'),
	('.1.3.6.1.4.1.23925.1.14.1.8','cactiApplDeviceLastError','CACTI-MIB','DisplayString','OBJECT-TYPE','Column','read-only','','Description of last error being detected.'),
	('.1.3.6.1.4.1.23925.1.15','cactiApplPollerTable','CACTI-MIB','SEQUENCE OF','OBJECT-TYPE','Table','not-accessible','','A table of pollers registered on a Cacti system.<br>The maximum number of entries is implementation dependent.'),
	('.1.3.6.1.4.1.23925.1.15.1','cactiApplPollerEntry','CACTI-MIB','CactiApplPollerEntry','OBJECT-TYPE','Row','not-accessible','','An entry in the table of registered pollers to a Cacti system. A row<br>in this table cannot be created or deleted by SNMP operations on<br>columns of the table.'),
	('.1.3.6.1.4.1.23925.1.15.1.1','cactiApplPollerIndex','CACTI-MIB','Unsigned32','OBJECT-TYPE','Column','read-only','','A unique poller identifier. This ID will be created by Cacti itself.'),
	('.1.3.6.1.4.1.23925.1.15.1.2','cactiApplPollerHostname','CACTI-MIB','DisplayString','OBJECT-TYPE','Column','read-only','','Name of the device where the poller is running on.'),
	('.1.3.6.1.4.1.23925.1.15.1.3','cactiApplPollerIpAddress','CACTI-MIB','DisplayString','OBJECT-TYPE','Column','read-only','','IP address of the poller\'s host.'),
	('.1.3.6.1.4.1.23925.1.15.1.4','cactiApplPollerLastUpdate','CACTI-MIB','DisplayString','OBJECT-TYPE','Column','read-only','','Timestamp of last update.'),
	('.1.3.6.1.4.1.23925.1.16','cactiApplPluginTable','CACTI-MIB','SEQUENCE OF','OBJECT-TYPE','Table','not-accessible','','A table of registered plugins on a Cacti system.<br>The maximum number of entries is implementation dependent.'),
	('.1.3.6.1.4.1.23925.1.16.1','cactiApplPluginEntry','CACTI-MIB','CactiApplPluginEntry','OBJECT-TYPE','Row','not-accessible','','An entry in the table of all installed Cacti plugins. A row<br>in this table cannot be created or deleted by SNMP operations on<br>columns of the table.'),
	('.1.3.6.1.4.1.23925.1.16.1.1','cactiApplPluginIndex','CACTI-MIB','Unsigned32','OBJECT-TYPE','Column','read-only','','A unique plugin identifier. This ID will be administrated by Cacti itself.'),
	('.1.3.6.1.4.1.23925.1.16.1.2','cactiApplPluginType','CACTI-MIB','INTEGER','OBJECT-TYPE','Column','read-only','','Describes whether or not the plugin has been registered as a system plugin.<br>System plugins offer a lot of functions normal Cacti plugins rely on.'),
	('.1.3.6.1.4.1.23925.1.16.1.3','cactiApplPluginName','CACTI-MIB','DisplayString','OBJECT-TYPE','Column','read-only','','The official name of a plugin given by its author.'),
	('.1.3.6.1.4.1.23925.1.16.1.4','cactiApplPluginStatus','CACTI-MIB','INTEGER','OBJECT-TYPE','Column','read-only','','The status a plugin can have within Cacti:<br>disabledold(-2)   - plugin (old PIA) is available, but has not been installed<br>activeold(-1)     - plugin (old PIA) is installed and active<br>notinstalled(0)   - plugin (new PIA) is available, but has not been installed<br>active(1)         - plugin (new PIA) is installed and active<br>setupmode(2)      - plugin (new PIA) is installed, but configuration is needed<br>disabled(4)       - plugin (new PIA) is installed, but without function'),
	('.1.3.6.1.4.1.23925.1.16.1.5','cactiApplPluginVersion','CACTI-MIB','DisplayString','OBJECT-TYPE','Column','read-only','','Version string of the Cacti plugin being installed.'),
	('.1.3.6.1.4.1.23925.1.2.0','cactiApplVersion','CACTI-MIB','DisplayString','DATA','Scalar','read-only','new_install','Returns the version string of Cacti'),
	('.1.3.6.1.4.1.23925.1.3.0','cactiApplSnmpVersion','CACTI-MIB','TcCactiApplSnmpVersion','DATA','Scalar','read-only','3','Represents the type of SNMP used by Cacti:<br><br>NET-SNMP<br>UCD-SNMP<br>PHP-SNMP'),
	('.1.3.6.1.4.1.23925.1.4.0','cactiApplRrdtoolVersion','CACTI-MIB','DisplayString','DATA','Scalar','read-only','1.4.0','The version of RRDtool used by Cacti'),
	('.1.3.6.1.4.1.23925.1.5.0','cactiApplPollerEnabled','CACTI-MIB','TruthValue','DATA','Scalar','read-only','1','If Cacti polling has been enabled this object is set to true(1).'),
	('.1.3.6.1.4.1.23925.1.6.0','cactiApplPollerType','CACTI-MIB','TcCactiApplPollerType','DATA','Scalar','read-only','2','Describes the polling engine used by Cacti:<br><br>cmd         - php based poller<br>spine       - high performance C-based polling engine'),
	('.1.3.6.1.4.1.23925.1.7.0','cactiApplPollerInterval','CACTI-MIB','Unsigned32','DATA','Scalar','read-only','60','The polling interval in seconds which determines how often<br>data sources will be checked and updated.'),
	('.1.3.6.1.4.1.23925.1.8.0','cactiApplPollerMaxProcesses','CACTI-MIB','Unsigned32','DATA','Scalar','read-only','1','Represents the number of maximum poller processes Cacti is allowed to<br>perform in parallel.'),
	('.1.3.6.1.4.1.23925.1.9.0','cactiApplPollerLoadBalance','CACTI-MIB','TruthValue','DATA','Scalar','read-only','1','If true Cacti attempt to balance the load of each poller process.'),
	('.1.3.6.1.4.1.23925.2','cactiStats','CACTI-MIB','','OBJECT-IDENTITY','Node','not-accessible','','reserved for cacti statistics'),
	('.1.3.6.1.4.1.23925.2.1.0','cactiStatsLastUpdate','CACTI-MIB','Unsigned32','DATA','Scalar','read-only','1662652983','Unix timestamp when this data has been updated for the last time.'),
	('.1.3.6.1.4.1.23925.2.10','cactiStatsPollerTable','CACTI-MIB','SEQUENCE OF','OBJECT-TYPE','Table','not-accessible','','A table of statistics for all pollers registered on a Cacti system.<br>The maximum number of entries is implementation dependent.<br>This table has a 1:1 relationship to cactiApplPollerTable.'),
	('.1.3.6.1.4.1.23925.2.10.1','cactiStatsPollerEntry','CACTI-MIB','CactiStatsPollerEntry','OBJECT-TYPE','Row','not-accessible','','An entry in the table of statistics for registered pollers of a Cacti system.<br>A row in this table cannot be created or deleted by SNMP operations on<br>columns of the table.'),
	('.1.3.6.1.4.1.23925.2.10.1.1','cactiStatsPollerIndex','CACTI-MIB','Unsigned32','OBJECT-TYPE','Column','read-only','','A unique poller identifier. This ID will be created by Cacti itself.'),
	('.1.3.6.1.4.1.23925.2.10.1.10','cactiStatsPollerRrrdsProcessed','CACTI-MIB','Unsigned32','OBJECT-TYPE','Column','read-only','','Number of RRDs being processed. This object will always return zero<br>if RRD updates will be handled by BOOST.'),
	('.1.3.6.1.4.1.23925.2.10.1.11','cactiStatsPollerUtilization','CACTI-MIB','DisplayString','OBJECT-TYPE','Column','read-only','','The proportion of the poller interval in percent the poller requires<br>to poll all data sources.'),
	('.1.3.6.1.4.1.23925.2.10.1.2','cactiStatsPollerHostname','CACTI-MIB','DisplayString','OBJECT-TYPE','Column','read-only','','Name of the device where the poller is running on.'),
	('.1.3.6.1.4.1.23925.2.10.1.3','cactiStatsPollerRunTime','CACTI-MIB','DisplayString','OBJECT-TYPE','Column','read-only','','Last poller runtime in seconds.'),
	('.1.3.6.1.4.1.23925.2.10.1.4','cactiStatsPollerMethod','CACTI-MIB','TcCactiApplPollerType','OBJECT-TYPE','Column','read-only','','Describes the polling engine used by Cacti:<br>cmd         - php based poller<br>spine       - high performance C-based polling engine'),
	('.1.3.6.1.4.1.23925.2.10.1.5','cactiStatsPollerConcurrentProcesses','CACTI-MIB','Unsigned32','OBJECT-TYPE','Column','read-only','','Number of concurrent processes.'),
	('.1.3.6.1.4.1.23925.2.10.1.6','cactiStatsPollerThreads','CACTI-MIB','Unsigned32','OBJECT-TYPE','Column','read-only','','Number of threads. This object will always return zero if<br>polling method is CMD.'),
	('.1.3.6.1.4.1.23925.2.10.1.7','cactiStatsPollerHosts','CACTI-MIB','Unsigned32','OBJECT-TYPE','Column','read-only','','Number of polled devices.'),
	('.1.3.6.1.4.1.23925.2.10.1.8','cactiStatsPollerHostsPerProcess','CACTI-MIB','Unsigned32','OBJECT-TYPE','Column','read-only','','Maximum number of hosts per process.'),
	('.1.3.6.1.4.1.23925.2.10.1.9','cactiStatsPollerItems','CACTI-MIB','Unsigned32','OBJECT-TYPE','Column','read-only','','Number of items being polled.'),
	('.1.3.6.1.4.1.23925.2.11.0','cactiStatsTotalsDeviceStatusUnknown','CACTI-MIB','Unsigned32','DATA','Scalar','read-only','0','Total number of devices that have not been polled yet.'),
	('.1.3.6.1.4.1.23925.2.12.0','cactiStatsTotalsDeviceStatusDown','CACTI-MIB','Unsigned32','DATA','Scalar','read-only','0','Total number of devices being unreachable.'),
	('.1.3.6.1.4.1.23925.2.13.0','cactiStatsTotalsDeviceStatusRecovering','CACTI-MIB','Unsigned32','DATA','Scalar','read-only','0','Total number of devices recovering.'),
	('.1.3.6.1.4.1.23925.2.14.0','cactiStatsTotalsDeviceStatusUp','CACTI-MIB','Unsigned32','DATA','Scalar','read-only','1','Total number of devices being reachable.'),
	('.1.3.6.1.4.1.23925.2.15.0','cactiStatsTotalsDeviceStatusDisabled','CACTI-MIB','Unsigned32','DATA','Scalar','read-only','0','Total number of devices being reachable.'),
	('.1.3.6.1.4.1.23925.2.2.0','cactiStatsRecacheTime','CACTI-MIB','Unsigned32','DATA','Scalar','read-only','','Returns the recache Time in seconds.'),
	('.1.3.6.1.4.1.23925.2.3.0','cactiStatsRecachedHosts','CACTI-MIB','Unsigned32','DATA','Scalar','read-only','','The current number of recaching events being discovered.'),
	('.1.3.6.1.4.1.23925.2.4.0','cactiStatsLocalPollerRuntime','CACTI-MIB','DisplayString','DATA','Scalar','read-only','1.3304','Returns the runtime of the local poller in seconds.'),
	('.1.3.6.1.4.1.23925.2.5.0','cactiStatsTotalsDevices','CACTI-MIB','Unsigned32','DATA','Scalar','read-only','1','Returns the total number of registered devices.'),
	('.1.3.6.1.4.1.23925.2.6.0','cactiStatsTotalsDataSources','CACTI-MIB','Unsigned32','DATA','Scalar','read-only','5','Returns the total number of data sources.'),
	('.1.3.6.1.4.1.23925.2.7.0','cactiStatsTotalsGraphs','CACTI-MIB','Unsigned32','DATA','Scalar','read-only','0','Returns the total number of graphs.'),
	('.1.3.6.1.4.1.23925.2.8','cactiStatsTotalsDeviceStatusTable','CACTI-MIB','SEQUENCE OF','OBJECT-TYPE','Table','not-accessible','','A table of statistics for all devices registered on a Cacti system<br>in relation to their device status.<br>The maximum number of entries is limited to maximum number of<br>device stati.'),
	('.1.3.6.1.4.1.23925.2.8.1','cactiStatsTotalsDeviceStatusEntry','CACTI-MIB','CactiStatsTotalsDeviceStatusEntry','OBJECT-TYPE','Row','not-accessible','','A table of statistics for all devices registered on a Cacti system<br>in relation to their device status.<br>A row in this table cannot be created or deleted by SNMP operations on<br>columns of the table.'),
	('.1.3.6.1.4.1.23925.2.8.1.1','cactiStatsTotalsDeviceStatusIndex','CACTI-MIB','INTEGER','OBJECT-TYPE','Column','read-only','','unknown(0)     - Total number of devices that have not been polled yet<br>down(1)        - Total number of devices being unreachable<br>recovering(2)  - Total number of devices recovering<br>up(3)          - Total number of devices being reachable<br>disabled(4)    - Total number of devices that will not be monitored'),
	('.1.3.6.1.4.1.23925.2.8.1.1.0','cactiStatsTotalsDeviceStatusIndex','CACTI-MIB','INTEGER','DATA','Column Data','read-only','0',''),
	('.1.3.6.1.4.1.23925.2.8.1.1.1','cactiStatsTotalsDeviceStatusIndex','CACTI-MIB','INTEGER','DATA','Column Data','read-only','1',''),
	('.1.3.6.1.4.1.23925.2.8.1.1.2','cactiStatsTotalsDeviceStatusIndex','CACTI-MIB','INTEGER','DATA','Column Data','read-only','2',''),
	('.1.3.6.1.4.1.23925.2.8.1.1.3','cactiStatsTotalsDeviceStatusIndex','CACTI-MIB','INTEGER','DATA','Column Data','read-only','3',''),
	('.1.3.6.1.4.1.23925.2.8.1.1.4','cactiStatsTotalsDeviceStatusIndex','CACTI-MIB','INTEGER','DATA','Column Data','read-only','4',''),
	('.1.3.6.1.4.1.23925.2.8.1.2','cactiStatsTotalsDeviceStatusCounter','CACTI-MIB','Unsigned32','OBJECT-TYPE','Column','read-only','','Returns the total number of registered devices in relation to<br>cactiStatsTotalsDeviceStatusIndex.'),
	('.1.3.6.1.4.1.23925.2.8.1.2.0','cactiStatsTotalsDeviceStatusCounter','CACTI-MIB','Unsigned32','DATA','Column Data','read-only','0',''),
	('.1.3.6.1.4.1.23925.2.8.1.2.1','cactiStatsTotalsDeviceStatusCounter','CACTI-MIB','Unsigned32','DATA','Column Data','read-only','0',''),
	('.1.3.6.1.4.1.23925.2.8.1.2.2','cactiStatsTotalsDeviceStatusCounter','CACTI-MIB','Unsigned32','DATA','Column Data','read-only','0',''),
	('.1.3.6.1.4.1.23925.2.8.1.2.3','cactiStatsTotalsDeviceStatusCounter','CACTI-MIB','Unsigned32','DATA','Column Data','read-only','1',''),
	('.1.3.6.1.4.1.23925.2.8.1.2.4','cactiStatsTotalsDeviceStatusCounter','CACTI-MIB','Unsigned32','DATA','Column Data','read-only','0',''),
	('.1.3.6.1.4.1.23925.2.9','cactiStatsDeviceTable','CACTI-MIB','SEQUENCE OF','OBJECT-TYPE','Table','not-accessible','','A table of statistics for all devices registered on a Cacti system.<br>The maximum number of entries is implementation dependent.<br>This table has a 1:1 relationship to cactiApplDeviceTable.'),
	('.1.3.6.1.4.1.23925.2.9.1','cactiStatsDeviceEntry','CACTI-MIB','CactiStatsDeviceEntry','OBJECT-TYPE','Row','not-accessible','','An entry in the table of statistics for registered devices of a Cacti system.<br>A row in this table cannot be created or deleted by SNMP operations on<br>columns of the table.'),
	('.1.3.6.1.4.1.23925.2.9.1.1','cactiStatsDeviceIndex','CACTI-MIB','Unsigned32','OBJECT-TYPE','Column','read-only','','A unique device identifier. This ID will be created by Cacti itself.'),
	('.1.3.6.1.4.1.23925.2.9.1.2','cactiStatsDeviceHostname','CACTI-MIB','DisplayString','OBJECT-TYPE','Column','read-only','','Fully qualified devicename or IP address.'),
	('.1.3.6.1.4.1.23925.2.9.1.3','cactiStatsDeviceMinTime','CACTI-MIB','DisplayString','OBJECT-TYPE','Column','read-only','','Minimum response time in seconds.'),
	('.1.3.6.1.4.1.23925.2.9.1.4','cactiStatsDeviceMaxTime','CACTI-MIB','DisplayString','OBJECT-TYPE','Column','read-only','','Maximum response time in seconds.'),
	('.1.3.6.1.4.1.23925.2.9.1.5','cactiStatsDeviceCurTime','CACTI-MIB','DisplayString','OBJECT-TYPE','Column','read-only','','Last response time in seconds.'),
	('.1.3.6.1.4.1.23925.2.9.1.6','cactiStatsDeviceAvgTime','CACTI-MIB','DisplayString','OBJECT-TYPE','Column','read-only','','Average response time in seconds.'),
	('.1.3.6.1.4.1.23925.2.9.1.7','cactiStatsDeviceTotalPolls','CACTI-MIB','Unsigned32','OBJECT-TYPE','Column','read-only','','Number of total polls against a monitored device.'),
	('.1.3.6.1.4.1.23925.2.9.1.8','cactiStatsDeviceFailedPolls','CACTI-MIB','Unsigned32','OBJECT-TYPE','Column','read-only','','Number of failed polls.'),
	('.1.3.6.1.4.1.23925.2.9.1.9','cactiStatsDeviceAvailability','CACTI-MIB','DisplayString','OBJECT-TYPE','Column','read-only','','Calculated availablity in percent.'),
	('.1.3.6.1.4.1.23925.3','cactiEvents','CACTI-MIB','','OBJECT-IDENTITY','Node','not-accessible','','reserved for cacti events'),
	('.1.3.6.1.4.1.23925.3.1','cactiEventAttributes','CACTI-MIB','','OBJECT-IDENTITY','Node','not-accessible','','resevered for event attributes, used as varbind for the SMNP notifications'),
	('.1.3.6.1.4.1.23925.3.1.1.0','cactiEventDescription','CACTI-MIB','DisplayString','DATA','Scalar','accessible-for-notify','','Contains a customized event description.'),
	('.1.3.6.1.4.1.23925.3.2','cactiEventNotifications','CACTI-MIB','','OBJECT-IDENTITY','Node','not-accessible','','resevered for event notifications'),
	('.1.3.6.1.4.1.23925.3.2.1','cactiNotify','CACTI-MIB','','NOTIFICATION-TYPE','Notification','not-accessible','','This SNMP notification will only include varbind cactiEventDescription<br>and can be used as a simple and generic notification by plugins for example.'),
	('.1.3.6.1.4.1.23925.3.2.2','cactiNotifyDeviceDown','CACTI-MIB','','NOTIFICATION-TYPE','Notification','not-accessible','','This SNMP notification will be send to notification receivers if Cacti has detected<br>that a monitored device went down.'),
	('.1.3.6.1.4.1.23925.3.2.3','cactiNotifyDeviceRecovering','CACTI-MIB','','NOTIFICATION-TYPE','Notification','not-accessible','','This SNMP notification will be send to notification receivers if Cacti has detected<br>that a monitored device became reachable again.'),
	('.1.3.6.1.4.1.23925.3.2.4','cactiNotifyPollerRuntimeExceeding','CACTI-MIB','','NOTIFICATION-TYPE','Notification','not-accessible','','This SNMP notification will be send to notification receivers if a Cacti poller<br>has breached its maximum runtime.'),
	('.1.3.6.1.4.1.23925.3.2.5','cactiNotifyDeviceFailedPoll','CACTI-MIB','','NOTIFICATION-TYPE','Notification','not-accessible','','This SNMP notification will be send to notification receivers if Cacti<br>was unable to poll a device.'),
	('.1.3.6.1.4.1.23925.4','cactiPlugins','CACTI-MIB','','OBJECT-IDENTITY','Node','not-accessible','','cactiPlugins provides a root object identifier<br>from which mibs produced by plugin developers may be<br>placed. mibs written by other developers will typically<br>be implemented with the object identifiers as defined<br>in the mib.<br>Plugin developers have to take notice of the following<br>requirements:<br><br>|MIB name: CACTI-<plugin_name>-MIB<br>|Module name: <plugin_name><br>|Architecture:<br>Plugin mibs have to reserve the first three<br>sub-trees for:<br>+<br>|-<plugin_name>Appl(1)<br>|-<plugin_name>Stats(2)<br>|-<plugin_name>Events(3)<br>|-<plugin_name>MibGroups(4)<br><br>The plugin name has to be written in lower cases only.<br><br>As reference plugin developers should take a look at<br>the CACTI-THOLD-MIB.'),
	('.1.3.6.1.4.1.23925.4.2','boost','CACTI-BOOST-MIB','','MODULE-IDENTITY','Node','not-accessible','','Initial version of this MIB module.'),
	('.1.3.6.1.4.1.23925.4.2.1','boostAppl','CACTI-BOOST-MIB','','OBJECT-IDENTITY','Node','not-accessible','','reserved for Boost application data'),
	('.1.3.6.1.4.1.23925.4.2.1.1.0','boostApplLastUpdate','CACTI-BOOST-MIB','Unsigned32','DATA','Scalar','read-only','1662652983','Unix timestamp when this data has been updated for the last time.'),
	('.1.3.6.1.4.1.23925.4.2.1.10.0','boostApplServerEnabled','CACTI-BOOST-MIB','TruthValue','DATA','Scalar','read-only','','If Boost Server will be used for RRDUpdates this object is set<br>to true (1).'),
	('.1.3.6.1.4.1.23925.4.2.1.11.0','boostApplServerMultiprocess','CACTI-BOOST-MIB','TruthValue','DATA','Scalar','read-only','','This object returns true (1) if Boost Server should  fork a separate<br>update process for each boost request'),
	('.1.3.6.1.4.1.23925.4.2.1.12.0','boostApplServerHostname','CACTI-BOOST-MIB','DisplayString','DATA','Scalar','read-only','','Returns the Hostname/IP of the boost server.'),
	('.1.3.6.1.4.1.23925.4.2.1.13.0','boostApplServerListenPort','CACTI-BOOST-MIB','DisplayString','DATA','Scalar','read-only','','Returns the TCP port the boost server will listen on.'),
	('.1.3.6.1.4.1.23925.4.2.1.14.0','boostApplServerTimeOuts','CACTI-BOOST-MIB','Unsigned32','DATA','Scalar','read-only','','Defines the maximum number of seconds a client should wait on the<br>Boost server before giving up.'),
	('.1.3.6.1.4.1.23925.4.2.1.15.0','boostApplImageCacheEnabled','CACTI-BOOST-MIB','TruthValue','DATA','Scalar','read-only','2','If image caching has been enabled this object is set to true (1).'),
	('.1.3.6.1.4.1.23925.4.2.1.16.0','boostApplLoggingEnabled','CACTI-BOOST-MIB','TruthValue','DATA','Scalar','read-only','2','If Boost debug logging is enabled this object will return true (1).'),
	('.1.3.6.1.4.1.23925.4.2.1.17.0','boostApplStorageDatabaseEngine','CACTI-BOOST-MIB','DisplayString','DATA','Scalar','read-only','InnoDB','Returns the database engine being used for the boost storage.'),
	('.1.3.6.1.4.1.23925.4.2.1.18.0','boostApplStorageMaxTableSize','CACTI-BOOST-MIB','Integer32','DATA','Scalar','read-only','-1','This object contains the maximum size in kbytes a boost memory (1) table<br>is allowed to have. If boostApplStorageDatabaseEngine is set to<br>myisam (2) the table size is unlimited and this object returns -1.'),
	('.1.3.6.1.4.1.23925.4.2.1.19.0','boostApplStorageMaxRecords','CACTI-BOOST-MIB','Unsigned32','DATA','Scalar','read-only','0','This object contains the estimated number of records a boost memory (1)<br>table can store. If boostApplStorageDatabaseEngine is set to<br>myisam (2) the number of maximum records is unlimited and<br>this object returns 0.'),
	('.1.3.6.1.4.1.23925.4.2.1.2.0','boostApplRrdUpdateEnabled','CACTI-BOOST-MIB','TruthValue','DATA','Scalar','read-only','1','If Boost on demand RRD updating has been enabled this object is set<br>to true(1).'),
	('.1.3.6.1.4.1.23925.4.2.1.3.0','boostApplRrdUpdateInterval','CACTI-BOOST-MIB','Unsigned32','DATA','Scalar','read-only','60','If Boost has been enabled this interval determines when<br>RRDfiles will be updated automatically.'),
	('.1.3.6.1.4.1.23925.4.2.1.4.0','boostApplRrdUpdateMaxRecords','CACTI-BOOST-MIB','Unsigned32','DATA','Scalar','read-only','1000000','Represents the maximum size in records of the Boost output table.<br>If the boost output table exceeds this size, in records, an update<br>will take place.'),
	('.1.3.6.1.4.1.23925.4.2.1.5.0','boostApplRrdUpdateMaxRecordsPerSelect','CACTI-BOOST-MIB','Unsigned32','DATA','Scalar','read-only','50000','Defines the maximum number of data source items that should be<br>retrieved in one single pass.'),
	('.1.3.6.1.4.1.23925.4.2.1.6.0','boostApplRrdUpdateMaxStringLength','CACTI-BOOST-MIB','Unsigned32','DATA','Scalar','read-only','2000','Defines the maximum argument length Boost must not exceed for update<br>commands to RRDtool. This limit varies by operating system and kernel<br>level.'),
	('.1.3.6.1.4.1.23925.4.2.1.7.0','boostApplRrdUpdatePollerMemLimit','CACTI-BOOST-MIB','Unsigned32','DATA','Scalar','read-only','1024','Returns the maximum amount of memory for the Cacti Poller and<br>Boost\'s Poller.'),
	('.1.3.6.1.4.1.23925.4.2.1.8.0','boostApplRrdUpdateMaxRunTime','CACTI-BOOST-MIB','Unsigned32','DATA','Scalar','read-only','1200','Represents the maximum boot poller run time in seconds being allowed.'),
	('.1.3.6.1.4.1.23925.4.2.1.9.0','boostApplRrdUpdateRedirect','CACTI-BOOST-MIB','TruthValue','DATA','Scalar','read-only','1','If direct population of poller_output_boost table by spine has been<br>enabled this object is set to true(1). This enables direct insert of<br>records into poller output boost.'),
	('.1.3.6.1.4.1.23925.4.2.2','boostStats','CACTI-BOOST-MIB','','OBJECT-IDENTITY','Node','not-accessible','','reserved for boost statistics'),
	('.1.3.6.1.4.1.23925.4.2.2.1.0','boostStatsLastUpdate','CACTI-BOOST-MIB','Unsigned32','DATA','Scalar','read-only','1662652983','Unix timestamp when this data has been updated for the last time.'),
	('.1.3.6.1.4.1.23925.4.2.2.10.0','boostStatsTotalsRecords','CACTI-BOOST-MIB','Unsigned32','DATA','Scalar','read-only','0','Returns the total number of records being handled by Boost.'),
	('.1.3.6.1.4.1.23925.4.2.2.11.0','boostStatsTotalsRecordsPending','CACTI-BOOST-MIB','Unsigned32','DATA','Scalar','read-only','0','Total number of records marked as pending.'),
	('.1.3.6.1.4.1.23925.4.2.2.12.0','boostStatsTotalsRecordsArchived','CACTI-BOOST-MIB','Unsigned32','DATA','Scalar','read-only','0','Total number of records marked as archived.'),
	('.1.3.6.1.4.1.23925.4.2.2.13.0','boostStatsStorageTableSize','CACTI-BOOST-MIB','Unsigned32','DATA','Scalar','read-only','16384','This object contains the current size of the boost memory table<br>in kBytes.'),
	('.1.3.6.1.4.1.23925.4.2.2.14.0','boostStatsStorageAverageRecordSize','CACTI-BOOST-MIB','Unsigned32','DATA','Scalar','read-only','0','Returns the average record size of the boost memory table in bytes.'),
	('.1.3.6.1.4.1.23925.4.2.2.15.0','boostStatsStorageMaxRecordLength','CACTI-BOOST-MIB','Unsigned32','DATA','Scalar','read-only','0','Returns size of longest record within the boost memory table<br>in bytes.'),
	('.1.3.6.1.4.1.23925.4.2.2.16.0','boostStatsTotalsImagesCacheSize','CACTI-BOOST-MIB','Unsigned32','DATA','Scalar','read-only','','Represents the total number of RRD image files being<br>currently cached by Boost.'),
	('.1.3.6.1.4.1.23925.4.2.2.17.0','boostStatsTotalsImagesCacheReads','CACTI-BOOST-MIB','Counter64','DATA','Scalar','read-only','','Number of succesful read operations.'),
	('.1.3.6.1.4.1.23925.4.2.2.18.0','boostStatsTotalsImagesCacheWrites','CACTI-BOOST-MIB','Counter64','DATA','Scalar','read-only','','Indicates the number of uncached read operations.'),
	('.1.3.6.1.4.1.23925.4.2.2.2.0','boostStatsRrdUpdateProcessStatus','CACTI-BOOST-MIB','INTEGER','DATA','Scalar','read-only','','The status the update process of Boost can have:<br>disabled(0)    - RRD update process has been disabled.<br>neverrun(1)    - RRD update process is enabled but did not run so far<br>complete(2)    - Last RRD update process has been completed<br>running(3)     - RRD update process is still running<br>overrun(4)     - Overrun detected ?     *review*<br>timeout(5)     - Time out detected ?    *review*<br>other(6)       - Undefined state        *review*'),
	('.1.3.6.1.4.1.23925.4.2.2.3.0','boostStatsRrdUpdateLastRun','CACTI-BOOST-MIB','DisplayString','DATA','Scalar','read-only','','Date of last run'),
	('.1.3.6.1.4.1.23925.4.2.2.4.0','boostStatsRrdUpdates','CACTI-BOOST-MIB','Unsigned32','DATA','Scalar','read-only','','Number of RRDs being updated.'),
	('.1.3.6.1.4.1.23925.4.2.2.5.0','boostStatsRrdUpdateDuration','CACTI-BOOST-MIB','DisplayString','DATA','Scalar','read-only','','Represents the duration of the last update process in seconds.'),
	('.1.3.6.1.4.1.23925.4.2.2.6.0','boostStatsRrdUpdateUtilization','CACTI-BOOST-MIB','DisplayString','DATA','Scalar','read-only','','The proportion of the maximum upate frequency in percent Boost requires<br>to update all rrds.'),
	('.1.3.6.1.4.1.23925.4.2.2.7.0','boostStatsRrdUpdatePollerPeakMemory','CACTI-BOOST-MIB','Unsigned32','DATA','Scalar','read-only','','Returns the peak of memory in bytes that has been allocated by Boost<br>during the last rrd update process.'),
	('.1.3.6.1.4.1.23925.4.2.2.8.0','boostStatsRrdUpdateNextRun','CACTI-BOOST-MIB','DisplayString','DATA','Scalar','read-only','','Date of next run'),
	('.1.3.6.1.4.1.23925.4.2.2.9.0','boostStatsTotalsDataSources','CACTI-BOOST-MIB','Unsigned32','DATA','Scalar','read-only','0','Represents the total number of poller items Boost has to take care of.'),
	('.1.3.6.1.4.1.23925.4.2.3','boostEvents','CACTI-BOOST-MIB','','OBJECT-IDENTITY','Node','not-accessible','','reserved for boost events'),
	('.1.3.6.1.4.1.23925.4.2.4','boostMibGroups','CACTI-BOOST-MIB','','OBJECT-IDENTITY','Node','not-accessible','','reserved for group definitions'),
	('.1.3.6.1.4.1.23925.4.4','snmpagent','CACTI-SNMPAGENT-MIB','','MODULE-IDENTITY','Node','not-accessible','','Initial version of this MIB module.'),
	('.1.3.6.1.4.1.23925.4.4.1','snmpagentAppl','CACTI-SNMPAGENT-MIB','','OBJECT-IDENTITY','Node','not-accessible','','resevered for statistics'),
	('.1.3.6.1.4.1.23925.4.4.1.1.0','snmpagentApplLastUpdate','CACTI-SNMPAGENT-MIB','Unsigned32','DATA','Scalar','read-only','','Unix timestamp when this data has been updated for the last time.'),
	('.1.3.6.1.4.1.23925.4.4.2','snmpagentStats','CACTI-SNMPAGENT-MIB','','OBJECT-IDENTITY','Node','not-accessible','','resevered for statistics'),
	('.1.3.6.1.4.1.23925.4.4.2.1.0','snmpagentStatsLastUpdate','CACTI-SNMPAGENT-MIB','Unsigned32','DATA','Scalar','read-only','','Unix timestamp when this data has been updated for the last time.'),
	('.1.3.6.1.4.1.23925.4.4.3','snmpagentEvents','CACTI-SNMPAGENT-MIB','','OBJECT-IDENTITY','Node','not-accessible','','resevered for events'),
	('.1.3.6.1.4.1.23925.4.4.3.1','snmpagentEventAttributes','CACTI-SNMPAGENT-MIB','','OBJECT-IDENTITY','Node','not-accessible','','resevered for event attributes, used as varbind for the SMNP notifications'),
	('.1.3.6.1.4.1.23925.4.4.3.1.1.0','snmpagentEventDescription','CACTI-SNMPAGENT-MIB','DisplayString','DATA','Scalar','accessible-for-notify','','Contains a customized event description.'),
	('.1.3.6.1.4.1.23925.4.4.3.2','snmpagentEventNotifications','CACTI-SNMPAGENT-MIB','','OBJECT-IDENTITY','Node','not-accessible','','resevered for event notifications'),
	('.1.3.6.1.4.1.23925.4.4.3.2.1','snmpagentNotificationTest','CACTI-SNMPAGENT-MIB','','NOTIFICATION-TYPE','Notification','not-accessible','','This SNMP notification will only include varbind snmpagentEventDescription<br>and can be used to verify the configuration of SNMP managers.'),
	('.1.3.6.1.4.1.23925.4.4.4','snmpagentMibGroups','CACTI-SNMPAGENT-MIB','','OBJECT-IDENTITY','Node','not-accessible','','resevered for group definitions'),
	('.1.3.6.1.4.1.23925.4.4.4.1','snmpagentEventGroup','CACTI-SNMPAGENT-MIB','','OBJECT-GROUP','Group','not-accessible','','A collection of objects providing the SNMPAgent event<br>attributes.'),
	('.1.3.6.1.4.1.23925.4.4.4.2','snmpagentNotifyGroup','CACTI-SNMPAGENT-MIB','','NOTIFICATION-GROUP','Group','not-accessible','','The group of notifications SNMPAgent offers.'),
	('.1.3.6.1.4.1.23925.5','cactiMibGroups','CACTI-MIB','','OBJECT-IDENTITY','Node','not-accessible','','reserved for group definitions'),
	('.1.3.6.1.4.1.23925.5.1','cactiApplPollerGroup','CACTI-MIB','','OBJECT-GROUP','Group','not-accessible','','A collection of poller settings.'),
	('.1.3.6.1.4.1.23925.5.2','cactiApplSpineGroup','CACTI-MIB','','OBJECT-GROUP','Group','not-accessible','','A collection of Spine specific parameters.'),
	('.1.3.6.1.4.1.23925.5.3','cactiStatsTotalsDeviceGroup','CACTI-MIB','','OBJECT-GROUP','Group','not-accessible','','A collection of Spine specific parameters.'),
	('.1.3.6.1.4.1.23925.5.4','cactiNotifyGroup','CACTI-MIB','','NOTIFICATION-GROUP','Group','not-accessible','','The group of notifications Cacti supports.');

/*!40000 ALTER TABLE `snmpagent_cache` ENABLE KEYS */;
UNLOCK TABLES;


# Dump of table snmpagent_cache_notifications
# ------------------------------------------------------------

DROP TABLE IF EXISTS `snmpagent_cache_notifications`;

CREATE TABLE `snmpagent_cache_notifications` (
  `name` varchar(50) COLLATE utf8mb4_unicode_ci NOT NULL,
  `mib` varchar(50) COLLATE utf8mb4_unicode_ci NOT NULL,
  `attribute` varchar(50) COLLATE utf8mb4_unicode_ci NOT NULL,
  `sequence_id` smallint(6) NOT NULL,
  PRIMARY KEY (`name`,`mib`,`attribute`,`sequence_id`),
  KEY `name` (`name`)
) ENGINE=InnoDB DEFAULT CHARSET=utf8mb4 COLLATE=utf8mb4_unicode_ci ROW_FORMAT=DYNAMIC COMMENT='Notifcations and related attributes';

LOCK TABLES `snmpagent_cache_notifications` WRITE;
/*!40000 ALTER TABLE `snmpagent_cache_notifications` DISABLE KEYS */;

INSERT INTO `snmpagent_cache_notifications` (`name`, `mib`, `attribute`, `sequence_id`)
VALUES
	('cactiNotify','CACTI-MIB','cactiEventDescription',0),
	('cactiNotifyDeviceDown','CACTI-MIB','cactiApplDeviceDescription',2),
	('cactiNotifyDeviceDown','CACTI-MIB','cactiApplDeviceHostname',4),
	('cactiNotifyDeviceDown','CACTI-MIB','cactiApplDeviceIndex',0),
	('cactiNotifyDeviceDown','CACTI-MIB','cactiApplDeviceLastError',6),
	('cactiNotifyDeviceFailedPoll','CACTI-MIB','cactiApplDeviceDescription',2),
	('cactiNotifyDeviceFailedPoll','CACTI-MIB','cactiApplDeviceHostname',4),
	('cactiNotifyDeviceFailedPoll','CACTI-MIB','cactiApplDeviceIndex',0),
	('cactiNotifyDeviceFailedPoll','CACTI-MIB','cactiApplDeviceLastError',6),
	('cactiNotifyDeviceRecovering','CACTI-MIB','cactiApplDeviceDescription',2),
	('cactiNotifyDeviceRecovering','CACTI-MIB','cactiApplDeviceHostname',4),
	('cactiNotifyDeviceRecovering','CACTI-MIB','cactiApplDeviceIndex',0),
	('cactiNotifyDeviceRecovering','CACTI-MIB','cactiApplDeviceLastError',6),
	('cactiNotifyPollerRuntimeExceeding','CACTI-MIB','cactiApplPollerHostname',2),
	('cactiNotifyPollerRuntimeExceeding','CACTI-MIB','cactiApplPollerIndex',0),
	('cactiNotifyPollerRuntimeExceeding','CACTI-MIB','cactiApplPollerIpAddress',4),
	('snmpagentNotificationTest','CACTI-SNMPAGENT-MIB','snmpagentEventDescription',0);

/*!40000 ALTER TABLE `snmpagent_cache_notifications` ENABLE KEYS */;
UNLOCK TABLES;


# Dump of table snmpagent_cache_textual_conventions
# ------------------------------------------------------------

DROP TABLE IF EXISTS `snmpagent_cache_textual_conventions`;

CREATE TABLE `snmpagent_cache_textual_conventions` (
  `name` varchar(50) COLLATE utf8mb4_unicode_ci NOT NULL,
  `mib` varchar(50) COLLATE utf8mb4_unicode_ci NOT NULL,
  `type` varchar(50) COLLATE utf8mb4_unicode_ci NOT NULL DEFAULT '',
  `description` varchar(5000) COLLATE utf8mb4_unicode_ci NOT NULL DEFAULT '',
  PRIMARY KEY (`name`,`mib`,`type`),
  KEY `name` (`name`),
  KEY `mib` (`mib`)
) ENGINE=InnoDB DEFAULT CHARSET=utf8mb4 COLLATE=utf8mb4_unicode_ci ROW_FORMAT=DYNAMIC COMMENT='Textual conventions';

LOCK TABLES `snmpagent_cache_textual_conventions` WRITE;
/*!40000 ALTER TABLE `snmpagent_cache_textual_conventions` DISABLE KEYS */;

INSERT INTO `snmpagent_cache_textual_conventions` (`name`, `mib`, `type`, `description`)
VALUES
	('TcCactiApplPollerType','CACTI-MIB','INTEGER','Poller types:<br />\r\n<br />\r\ncmd         - php based poller<br />\r\nspine       - high performance C-based polling engine<br />\r\n'),
	('TcCactiApplSnmpVersion','CACTI-MIB','INTEGER','The type of SNMP being used:<br />\r\n<br />\r\nNET-SNMP<br />\r\nUCD-SNMP<br />\r\nPHP-SNMP<br />\r\n');

/*!40000 ALTER TABLE `snmpagent_cache_textual_conventions` ENABLE KEYS */;
UNLOCK TABLES;


# Dump of table snmpagent_managers
# ------------------------------------------------------------

DROP TABLE IF EXISTS `snmpagent_managers`;

CREATE TABLE `snmpagent_managers` (
  `id` int(8) NOT NULL AUTO_INCREMENT,
  `hostname` varchar(100) COLLATE utf8mb4_unicode_ci NOT NULL,
  `description` varchar(255) COLLATE utf8mb4_unicode_ci NOT NULL,
  `disabled` char(2) COLLATE utf8mb4_unicode_ci DEFAULT NULL,
  `max_log_size` tinyint(1) NOT NULL,
  `snmp_version` tinyint(1) unsigned NOT NULL DEFAULT 1,
  `snmp_community` varchar(100) COLLATE utf8mb4_unicode_ci NOT NULL DEFAULT '',
  `snmp_username` varchar(50) COLLATE utf8mb4_unicode_ci NOT NULL,
  `snmp_password` varchar(50) COLLATE utf8mb4_unicode_ci NOT NULL,
  `snmp_auth_protocol` char(6) COLLATE utf8mb4_unicode_ci NOT NULL,
  `snmp_priv_passphrase` varchar(200) COLLATE utf8mb4_unicode_ci NOT NULL,
  `snmp_priv_protocol` char(6) COLLATE utf8mb4_unicode_ci NOT NULL,
  `snmp_engine_id` varchar(64) COLLATE utf8mb4_unicode_ci DEFAULT NULL,
  `snmp_port` mediumint(5) unsigned NOT NULL DEFAULT 161,
  `snmp_message_type` tinyint(1) NOT NULL,
  `notes` text COLLATE utf8mb4_unicode_ci DEFAULT NULL,
  PRIMARY KEY (`id`),
  KEY `hostname` (`hostname`)
) ENGINE=InnoDB DEFAULT CHARSET=utf8mb4 COLLATE=utf8mb4_unicode_ci ROW_FORMAT=DYNAMIC COMMENT='snmp notification receivers';



# Dump of table snmpagent_managers_notifications
# ------------------------------------------------------------

DROP TABLE IF EXISTS `snmpagent_managers_notifications`;

CREATE TABLE `snmpagent_managers_notifications` (
  `manager_id` int(8) NOT NULL,
  `notification` varchar(50) COLLATE utf8mb4_unicode_ci NOT NULL,
  `mib` varchar(50) COLLATE utf8mb4_unicode_ci NOT NULL,
  PRIMARY KEY (`manager_id`,`notification`,`mib`),
  KEY `mib` (`mib`),
  KEY `manager_id_notification` (`manager_id`,`notification`)
) ENGINE=InnoDB DEFAULT CHARSET=utf8mb4 COLLATE=utf8mb4_unicode_ci ROW_FORMAT=DYNAMIC COMMENT='snmp notifications to receivers';



# Dump of table snmpagent_mibs
# ------------------------------------------------------------

DROP TABLE IF EXISTS `snmpagent_mibs`;

CREATE TABLE `snmpagent_mibs` (
  `id` int(8) NOT NULL AUTO_INCREMENT,
  `name` varchar(50) COLLATE utf8mb4_unicode_ci NOT NULL DEFAULT '',
  `file` varchar(255) COLLATE utf8mb4_unicode_ci NOT NULL DEFAULT '',
  PRIMARY KEY (`id`)
) ENGINE=InnoDB DEFAULT CHARSET=utf8mb4 COLLATE=utf8mb4_unicode_ci ROW_FORMAT=DYNAMIC COMMENT='Registered MIB files';

LOCK TABLES `snmpagent_mibs` WRITE;
/*!40000 ALTER TABLE `snmpagent_mibs` DISABLE KEYS */;

INSERT INTO `snmpagent_mibs` (`id`, `name`, `file`)
VALUES
	(1,'CACTI-MIB','/cacti/mibs/CACTI-MIB'),
	(2,'CACTI-SNMPAGENT-MIB','/cacti/mibs/CACTI-SNMPAGENT-MIB'),
	(3,'CACTI-BOOST-MIB','/cacti/mibs/CACTI-BOOST-MIB');

/*!40000 ALTER TABLE `snmpagent_mibs` ENABLE KEYS */;
UNLOCK TABLES;


# Dump of table snmpagent_notifications_log
# ------------------------------------------------------------

DROP TABLE IF EXISTS `snmpagent_notifications_log`;

CREATE TABLE `snmpagent_notifications_log` (
  `id` int(12) NOT NULL AUTO_INCREMENT,
  `time` int(24) NOT NULL,
  `severity` tinyint(1) NOT NULL,
  `manager_id` int(8) NOT NULL,
  `notification` varchar(190) COLLATE utf8mb4_unicode_ci NOT NULL,
  `mib` varchar(50) COLLATE utf8mb4_unicode_ci NOT NULL,
  `varbinds` varchar(5000) COLLATE utf8mb4_unicode_ci NOT NULL,
  PRIMARY KEY (`id`),
  KEY `time` (`time`),
  KEY `severity` (`severity`),
  KEY `manager_id_notification` (`manager_id`,`notification`)
) ENGINE=InnoDB DEFAULT CHARSET=utf8mb4 COLLATE=utf8mb4_unicode_ci ROW_FORMAT=DYNAMIC COMMENT='logs snmp notifications to receivers';



# Dump of table user_auth
# ------------------------------------------------------------

DROP TABLE IF EXISTS `user_auth`;

CREATE TABLE `user_auth` (
  `id` mediumint(8) unsigned NOT NULL AUTO_INCREMENT,
  `username` varchar(50) COLLATE utf8mb4_unicode_ci NOT NULL DEFAULT '0',
  `password` varchar(256) COLLATE utf8mb4_unicode_ci NOT NULL DEFAULT '',
  `realm` mediumint(8) NOT NULL DEFAULT 0,
  `full_name` varchar(100) COLLATE utf8mb4_unicode_ci DEFAULT '0',
  `email_address` varchar(128) COLLATE utf8mb4_unicode_ci DEFAULT NULL,
  `must_change_password` char(2) COLLATE utf8mb4_unicode_ci DEFAULT NULL,
  `password_change` char(2) COLLATE utf8mb4_unicode_ci DEFAULT 'on',
  `show_tree` char(2) COLLATE utf8mb4_unicode_ci DEFAULT 'on',
  `show_list` char(2) COLLATE utf8mb4_unicode_ci DEFAULT 'on',
  `show_preview` char(2) COLLATE utf8mb4_unicode_ci NOT NULL DEFAULT 'on',
  `graph_settings` char(2) COLLATE utf8mb4_unicode_ci DEFAULT NULL,
  `login_opts` tinyint(1) NOT NULL DEFAULT 1,
  `policy_graphs` tinyint(1) unsigned NOT NULL DEFAULT 1,
  `policy_trees` tinyint(1) unsigned NOT NULL DEFAULT 1,
  `policy_hosts` tinyint(1) unsigned NOT NULL DEFAULT 1,
  `policy_graph_templates` tinyint(1) unsigned NOT NULL DEFAULT 1,
  `enabled` char(2) COLLATE utf8mb4_unicode_ci NOT NULL DEFAULT 'on',
  `lastchange` int(12) NOT NULL DEFAULT -1,
  `lastlogin` int(12) NOT NULL DEFAULT -1,
  `password_history` varchar(4096) COLLATE utf8mb4_unicode_ci NOT NULL DEFAULT '-1',
  `locked` varchar(3) COLLATE utf8mb4_unicode_ci NOT NULL DEFAULT '',
  `failed_attempts` int(5) NOT NULL DEFAULT 0,
  `lastfail` int(12) NOT NULL DEFAULT 0,
  `reset_perms` int(12) unsigned NOT NULL DEFAULT 0,
  PRIMARY KEY (`id`),
  KEY `username` (`username`),
  KEY `realm` (`realm`),
  KEY `enabled` (`enabled`)
) ENGINE=InnoDB DEFAULT CHARSET=utf8mb4 COLLATE=utf8mb4_unicode_ci ROW_FORMAT=DYNAMIC;

LOCK TABLES `user_auth` WRITE;
/*!40000 ALTER TABLE `user_auth` DISABLE KEYS */;

INSERT INTO `user_auth` (`id`, `username`, `password`, `realm`, `full_name`, `email_address`, `must_change_password`, `password_change`, `show_tree`, `show_list`, `show_preview`, `graph_settings`, `login_opts`, `policy_graphs`, `policy_trees`, `policy_hosts`, `policy_graph_templates`, `enabled`, `lastchange`, `lastlogin`, `password_history`, `locked`, `failed_attempts`, `lastfail`, `reset_perms`)
VALUES
	(1,'admin','21232f297a57a5a743894a0e4a801fc3',0,'Administrator','','on','on','on','on','on','on',2,1,1,1,1,'on',-1,-1,'-1','',0,0,0),
	(3,'guest','43e9a4ab75570f5b',0,'Guest Account','','on','on','on','on','on','3',1,1,1,1,1,'',-1,-1,'-1','',0,0,0);

/*!40000 ALTER TABLE `user_auth` ENABLE KEYS */;
UNLOCK TABLES;


# Dump of table user_auth_cache
# ------------------------------------------------------------

DROP TABLE IF EXISTS `user_auth_cache`;

CREATE TABLE `user_auth_cache` (
  `id` int(10) unsigned NOT NULL AUTO_INCREMENT,
  `user_id` int(10) unsigned NOT NULL DEFAULT 0,
  `hostname` varchar(100) COLLATE utf8mb4_unicode_ci NOT NULL DEFAULT '',
  `last_update` timestamp NOT NULL DEFAULT current_timestamp(),
  `token` varchar(191) COLLATE utf8mb4_unicode_ci NOT NULL DEFAULT '',
  PRIMARY KEY (`id`),
  UNIQUE KEY `tokenkey` (`token`),
  KEY `hostname` (`hostname`),
  KEY `user_id` (`user_id`),
  KEY `last_update` (`last_update`)
) ENGINE=InnoDB DEFAULT CHARSET=utf8mb4 COLLATE=utf8mb4_unicode_ci ROW_FORMAT=DYNAMIC COMMENT='Caches Remember Me Details';



# Dump of table user_auth_group
# ------------------------------------------------------------

DROP TABLE IF EXISTS `user_auth_group`;

CREATE TABLE `user_auth_group` (
  `id` int(10) unsigned NOT NULL AUTO_INCREMENT,
  `name` varchar(20) COLLATE utf8mb4_unicode_ci NOT NULL,
  `description` varchar(255) COLLATE utf8mb4_unicode_ci NOT NULL DEFAULT '',
  `graph_settings` varchar(2) COLLATE utf8mb4_unicode_ci DEFAULT NULL,
  `login_opts` tinyint(1) NOT NULL DEFAULT 1,
  `show_tree` varchar(2) COLLATE utf8mb4_unicode_ci DEFAULT 'on',
  `show_list` varchar(2) COLLATE utf8mb4_unicode_ci DEFAULT 'on',
  `show_preview` varchar(2) COLLATE utf8mb4_unicode_ci NOT NULL DEFAULT 'on',
  `policy_graphs` tinyint(1) unsigned NOT NULL DEFAULT 1,
  `policy_trees` tinyint(1) unsigned NOT NULL DEFAULT 1,
  `policy_hosts` tinyint(1) unsigned NOT NULL DEFAULT 1,
  `policy_graph_templates` tinyint(1) unsigned NOT NULL DEFAULT 1,
  `enabled` char(2) COLLATE utf8mb4_unicode_ci NOT NULL DEFAULT 'on',
  PRIMARY KEY (`id`)
) ENGINE=InnoDB DEFAULT CHARSET=utf8mb4 COLLATE=utf8mb4_unicode_ci ROW_FORMAT=DYNAMIC COMMENT='Table that Contains User Groups';



# Dump of table user_auth_group_members
# ------------------------------------------------------------

DROP TABLE IF EXISTS `user_auth_group_members`;

CREATE TABLE `user_auth_group_members` (
  `group_id` int(10) unsigned NOT NULL,
  `user_id` int(10) unsigned NOT NULL,
  PRIMARY KEY (`group_id`,`user_id`),
  KEY `realm_id` (`user_id`)
) ENGINE=InnoDB DEFAULT CHARSET=utf8mb4 COLLATE=utf8mb4_unicode_ci ROW_FORMAT=DYNAMIC COMMENT='Table that Contains User Group Members';



# Dump of table user_auth_group_perms
# ------------------------------------------------------------

DROP TABLE IF EXISTS `user_auth_group_perms`;

CREATE TABLE `user_auth_group_perms` (
  `group_id` mediumint(8) unsigned NOT NULL DEFAULT 0,
  `item_id` mediumint(8) unsigned NOT NULL DEFAULT 0,
  `type` tinyint(2) unsigned NOT NULL DEFAULT 0,
  PRIMARY KEY (`group_id`,`item_id`,`type`),
  KEY `group_id` (`group_id`,`type`)
) ENGINE=InnoDB DEFAULT CHARSET=utf8mb4 COLLATE=utf8mb4_unicode_ci ROW_FORMAT=DYNAMIC COMMENT='Table that Contains User Group Permissions';



# Dump of table user_auth_group_realm
# ------------------------------------------------------------

DROP TABLE IF EXISTS `user_auth_group_realm`;

CREATE TABLE `user_auth_group_realm` (
  `group_id` int(10) unsigned NOT NULL,
  `realm_id` int(10) unsigned NOT NULL,
  PRIMARY KEY (`group_id`,`realm_id`),
  KEY `realm_id` (`realm_id`)
) ENGINE=InnoDB DEFAULT CHARSET=utf8mb4 COLLATE=utf8mb4_unicode_ci ROW_FORMAT=DYNAMIC COMMENT='Table that Contains User Group Realm Permissions';



# Dump of table user_auth_perms
# ------------------------------------------------------------

DROP TABLE IF EXISTS `user_auth_perms`;

CREATE TABLE `user_auth_perms` (
  `user_id` mediumint(8) unsigned NOT NULL DEFAULT 0,
  `item_id` mediumint(8) unsigned NOT NULL DEFAULT 0,
  `type` tinyint(2) unsigned NOT NULL DEFAULT 0,
  PRIMARY KEY (`user_id`,`item_id`,`type`),
  KEY `user_id` (`user_id`,`type`)
) ENGINE=InnoDB DEFAULT CHARSET=utf8mb4 COLLATE=utf8mb4_unicode_ci ROW_FORMAT=DYNAMIC;



# Dump of table user_auth_realm
# ------------------------------------------------------------

DROP TABLE IF EXISTS `user_auth_realm`;

CREATE TABLE `user_auth_realm` (
  `realm_id` mediumint(8) unsigned NOT NULL DEFAULT 0,
  `user_id` mediumint(8) unsigned NOT NULL DEFAULT 0,
  PRIMARY KEY (`realm_id`,`user_id`),
  KEY `user_id` (`user_id`)
) ENGINE=InnoDB DEFAULT CHARSET=utf8mb4 COLLATE=utf8mb4_unicode_ci ROW_FORMAT=DYNAMIC;

LOCK TABLES `user_auth_realm` WRITE;
/*!40000 ALTER TABLE `user_auth_realm` DISABLE KEYS */;

INSERT INTO `user_auth_realm` (`realm_id`, `user_id`)
VALUES
	(1,1),
	(2,1),
	(3,1),
	(4,1),
	(5,1),
	(7,1),
	(7,3),
	(8,1),
	(9,1),
	(10,1),
	(11,1),
	(12,1),
	(13,1),
	(14,1),
	(15,1),
	(16,1),
	(17,1),
	(18,1),
	(19,1),
	(20,1),
	(21,1),
	(22,1),
	(23,1),
	(24,1),
	(25,1),
	(26,1),
	(101,1),
	(1043,1);

/*!40000 ALTER TABLE `user_auth_realm` ENABLE KEYS */;
UNLOCK TABLES;


# Dump of table user_domains
# ------------------------------------------------------------

DROP TABLE IF EXISTS `user_domains`;

CREATE TABLE `user_domains` (
  `domain_id` int(10) unsigned NOT NULL AUTO_INCREMENT,
  `domain_name` varchar(20) COLLATE utf8mb4_unicode_ci NOT NULL,
  `type` int(10) unsigned NOT NULL DEFAULT 0,
  `enabled` char(2) COLLATE utf8mb4_unicode_ci NOT NULL DEFAULT 'on',
  `defdomain` tinyint(3) NOT NULL DEFAULT 0,
  `user_id` int(10) unsigned NOT NULL DEFAULT 0,
  PRIMARY KEY (`domain_id`)
) ENGINE=InnoDB DEFAULT CHARSET=utf8mb4 COLLATE=utf8mb4_unicode_ci ROW_FORMAT=DYNAMIC COMMENT='Table to Hold Login Domains';



# Dump of table user_domains_ldap
# ------------------------------------------------------------

DROP TABLE IF EXISTS `user_domains_ldap`;

CREATE TABLE `user_domains_ldap` (
  `domain_id` int(10) unsigned NOT NULL,
  `server` varchar(128) COLLATE utf8mb4_unicode_ci NOT NULL,
  `port` int(10) unsigned NOT NULL,
  `port_ssl` int(10) unsigned NOT NULL,
  `proto_version` tinyint(3) unsigned NOT NULL,
  `encryption` tinyint(3) unsigned NOT NULL,
  `referrals` tinyint(3) unsigned NOT NULL,
  `mode` tinyint(3) unsigned NOT NULL,
  `dn` varchar(128) COLLATE utf8mb4_unicode_ci NOT NULL,
  `group_require` char(2) COLLATE utf8mb4_unicode_ci NOT NULL,
  `group_dn` varchar(128) COLLATE utf8mb4_unicode_ci NOT NULL,
  `group_attrib` varchar(128) COLLATE utf8mb4_unicode_ci NOT NULL,
  `group_member_type` tinyint(3) unsigned NOT NULL,
  `search_base` varchar(128) COLLATE utf8mb4_unicode_ci NOT NULL,
  `search_filter` varchar(512) COLLATE utf8mb4_unicode_ci NOT NULL,
  `specific_dn` varchar(128) COLLATE utf8mb4_unicode_ci NOT NULL,
  `specific_password` varchar(128) COLLATE utf8mb4_unicode_ci NOT NULL,
  `cn_full_name` varchar(50) COLLATE utf8mb4_unicode_ci DEFAULT '',
  `cn_email` varchar(50) COLLATE utf8mb4_unicode_ci DEFAULT '',
  PRIMARY KEY (`domain_id`)
) ENGINE=InnoDB DEFAULT CHARSET=utf8mb4 COLLATE=utf8mb4_unicode_ci ROW_FORMAT=DYNAMIC COMMENT='Table to Hold Login Domains for LDAP';



# Dump of table user_log
# ------------------------------------------------------------

DROP TABLE IF EXISTS `user_log`;

CREATE TABLE `user_log` (
  `username` varchar(50) COLLATE utf8mb4_unicode_ci NOT NULL DEFAULT '0',
  `user_id` mediumint(8) NOT NULL DEFAULT 0,
  `time` timestamp NOT NULL DEFAULT '0000-00-00 00:00:00',
  `result` tinyint(1) NOT NULL DEFAULT 0,
  `ip` varchar(40) COLLATE utf8mb4_unicode_ci NOT NULL DEFAULT '',
  PRIMARY KEY (`username`,`user_id`,`time`),
  KEY `user_id` (`user_id`)
) ENGINE=InnoDB DEFAULT CHARSET=utf8mb4 COLLATE=utf8mb4_unicode_ci ROW_FORMAT=DYNAMIC;



# Dump of table vdef
# ------------------------------------------------------------

DROP TABLE IF EXISTS `vdef`;

CREATE TABLE `vdef` (
  `id` mediumint(8) unsigned NOT NULL AUTO_INCREMENT,
  `hash` varchar(32) COLLATE utf8mb4_unicode_ci NOT NULL DEFAULT '',
  `name` varchar(255) COLLATE utf8mb4_unicode_ci NOT NULL DEFAULT '',
  PRIMARY KEY (`id`),
  KEY `hash` (`hash`),
  KEY `name` (`name`(171))
) ENGINE=InnoDB DEFAULT CHARSET=utf8mb4 COLLATE=utf8mb4_unicode_ci ROW_FORMAT=DYNAMIC COMMENT='vdef';

LOCK TABLES `vdef` WRITE;
/*!40000 ALTER TABLE `vdef` DISABLE KEYS */;

INSERT INTO `vdef` (`id`, `hash`, `name`)
VALUES
	(1,'e06ed529238448773038601afb3cf278','Maximum'),
	(2,'e4872dda82092393d6459c831a50dc3b','Minimum'),
	(3,'5ce1061a46bb62f36840c80412d2e629','Average'),
	(4,'06bd3cbe802da6a0745ea5ba93af554a','Last (Current)'),
	(5,'631c1b9086f3979d6dcf5c7a6946f104','First'),
	(6,'6b5335843630b66f858ce6b7c61fc493','Total: Current Data Source'),
	(7,'c80d12b0f030af3574da68b28826cd39','95th Percentage: Current Data Source');

/*!40000 ALTER TABLE `vdef` ENABLE KEYS */;
UNLOCK TABLES;


# Dump of table vdef_items
# ------------------------------------------------------------

DROP TABLE IF EXISTS `vdef_items`;

CREATE TABLE `vdef_items` (
  `id` mediumint(8) unsigned NOT NULL AUTO_INCREMENT,
  `hash` varchar(32) COLLATE utf8mb4_unicode_ci NOT NULL DEFAULT '',
  `vdef_id` mediumint(8) unsigned NOT NULL DEFAULT 0,
  `sequence` mediumint(8) unsigned NOT NULL DEFAULT 0,
  `type` tinyint(2) NOT NULL DEFAULT 0,
  `value` varchar(150) COLLATE utf8mb4_unicode_ci NOT NULL DEFAULT '',
  PRIMARY KEY (`id`),
  KEY `vdef_id_sequence` (`vdef_id`,`sequence`)
) ENGINE=InnoDB DEFAULT CHARSET=utf8mb4 COLLATE=utf8mb4_unicode_ci ROW_FORMAT=DYNAMIC COMMENT='vdef items';

LOCK TABLES `vdef_items` WRITE;
/*!40000 ALTER TABLE `vdef_items` DISABLE KEYS */;

INSERT INTO `vdef_items` (`id`, `hash`, `vdef_id`, `sequence`, `type`, `value`)
VALUES
	(1,'88d33bf9271ac2bdf490cf1784a342c1',1,1,4,'CURRENT_DATA_SOURCE'),
	(2,'a307afab0c9b1779580039e3f7c4f6e5',1,2,1,'1'),
	(3,'0945a96068bb57c80bfbd726cf1afa02',2,1,4,'CURRENT_DATA_SOURCE'),
	(4,'95a8df2eac60a89e8a8ca3ea3d019c44',2,2,1,'2'),
	(5,'cc2e1c47ec0b4f02eb13708cf6dac585',3,1,4,'CURRENT_DATA_SOURCE'),
	(6,'a2fd796335b87d9ba54af6a855689507',3,2,1,'3'),
	(7,'a1d7974ee6018083a2053e0d0f7cb901',4,1,4,'CURRENT_DATA_SOURCE'),
	(8,'26fccba1c215439616bc1b83637ae7f3',4,2,1,'5'),
	(9,'a8993b265f4c5398f4a47c44b5b37a07',5,1,4,'CURRENT_DATA_SOURCE'),
	(10,'5a380d469d611719057c3695ce1e4eee',5,2,1,'6'),
	(11,'65cfe546b17175fad41fcca98c057feb',6,1,4,'CURRENT_DATA_SOURCE'),
	(12,'f330b5633c3517d7c62762cef091cc9e',6,2,1,'7'),
	(13,'f1bf2ecf54ca0565cf39c9c3f7e5394b',7,1,4,'CURRENT_DATA_SOURCE'),
	(14,'11a26f18feba3919be3af426670cba95',7,2,6,'95'),
	(15,'e7ae90275bc1efada07c19ca3472d9db',7,3,1,'8');

/*!40000 ALTER TABLE `vdef_items` ENABLE KEYS */;
UNLOCK TABLES;


# Dump of table version
# ------------------------------------------------------------

DROP TABLE IF EXISTS `version`;

CREATE TABLE `version` (
  `cacti` char(20) COLLATE utf8mb4_unicode_ci NOT NULL DEFAULT '',
  PRIMARY KEY (`cacti`)
) ENGINE=InnoDB DEFAULT CHARSET=utf8mb4 COLLATE=utf8mb4_unicode_ci ROW_FORMAT=DYNAMIC;

LOCK TABLES `version` WRITE;
/*!40000 ALTER TABLE `version` DISABLE KEYS */;

INSERT INTO `version` (`cacti`)
VALUES
	('new_install');

/*!40000 ALTER TABLE `version` ENABLE KEYS */;
UNLOCK TABLES;



/*!40111 SET SQL_NOTES=@OLD_SQL_NOTES */;
/*!40101 SET SQL_MODE=@OLD_SQL_MODE */;
/*!40014 SET FOREIGN_KEY_CHECKS=@OLD_FOREIGN_KEY_CHECKS */;
/*!40101 SET CHARACTER_SET_CLIENT=@OLD_CHARACTER_SET_CLIENT */;
/*!40101 SET CHARACTER_SET_RESULTS=@OLD_CHARACTER_SET_RESULTS */;
/*!40101 SET COLLATION_CONNECTION=@OLD_COLLATION_CONNECTION */;
